# Requirement-to-test traceability matrix. Owned by DOC-16 section 16; format per DOC-00 section 8.3.
# Generated by tools/generate_matrix.py from _traceability/requirements.csv and the source tree.
#
# Three cell values, because a blank and a gap are different things:
#   <value>          the artifact, cited by requirement identifier in the source
#   N/A (reason)     the requirement owes no artifact: superseded, or verified by a
#                    method that produces no code (design inspection, demonstration,
#                    code review, architecture review, penetration test)
#   MISSING (reason) no artifact of that kind cites the requirement -- this is a GAP.
#                    Some requirements legitimately need no table and no endpoint, which is
#                    why only the test_case_id column feeds a release gate. This tool cannot
#                    tell the two apart, and says MISSING rather than guessing N/A.
#
# Evidence is a requirement identifier cited in source. That means somebody wrote the
# identifier next to the code; it is coverage, not conformance.
#
# 'Passing' is per test CLASS, from the JUnit XML: Gradle writes @DisplayName into the
# name attribute, so the method name is absent from the results. A @Disabled method is
# detected in source and never counted as passing.
#
# Release gates: see _traceability/GAPS.md.
requirement_id,owning_doc,design_ref,schema_ref,api_ref,test_case_id,verification_method,status,notes
CFG-AIC-001,DOC-01,MISSING (no main source file cites this requirement),MISSING (no schema object cites this requirement),MISSING (no API operation cites this requirement),MISSING (no test cites this requirement),AUTOMATED_TEST,Active,priority MUST_HAVE
CFG-ASM-001,DOC-01,MISSING (no main source file cites this requirement),MISSING (no schema object cites this requirement),MISSING (no API operation cites this requirement),MISSING (no test cites this requirement),AUTOMATED_TEST,Active,priority MUST_HAVE
CFG-AST-001,DOC-01,CriticalityTierScale,"criticality_tier (table, V004__organization_scope.sql)",MISSING (no API operation cites this requirement),MISSING (no test cites this requirement),AUTOMATED_TEST,Active,priority MUST_HAVE
CFG-AUZ-001,DOC-01,MISSING (no main source file cites this requirement),MISSING (no schema object cites this requirement),MISSING (no API operation cites this requirement),MISSING (no test cites this requirement),AUTOMATED_TEST,Active,priority MUST_HAVE
CFG-AUZ-002,DOC-01,MISSING (no main source file cites this requirement),MISSING (no schema object cites this requirement),MISSING (no API operation cites this requirement),MISSING (no test cites this requirement),AUTOMATED_TEST,Active,priority MUST_HAVE
CFG-DSH-001,DOC-01,"N/A (verified by demonstration — a rehearsal or walkthrough, not a test; no code artifact is owed)","N/A (verified by demonstration — a rehearsal or walkthrough, not a test; no code artifact is owed)","N/A (verified by demonstration — a rehearsal or walkthrough, not a test; no code artifact is owed)","N/A (verified by demonstration — a rehearsal or walkthrough, not a test; no automated test is owed)",DEMONSTRATION,Active,priority SHOULD_HAVE
CFG-KBS-001,DOC-01,"N/A (verified by demonstration — a rehearsal or walkthrough, not a test; no code artifact is owed)","N/A (verified by demonstration — a rehearsal or walkthrough, not a test; no code artifact is owed)","N/A (verified by demonstration — a rehearsal or walkthrough, not a test; no code artifact is owed)","N/A (verified by demonstration — a rehearsal or walkthrough, not a test; no automated test is owed)",DEMONSTRATION,Active,priority SHOULD_HAVE
CFG-NTF-001,DOC-01,MISSING (no main source file cites this requirement),MISSING (no schema object cites this requirement),MISSING (no API operation cites this requirement),MISSING (no test cites this requirement),AUTOMATED_TEST,Active,priority MUST_HAVE
CFG-ORG-001,DOC-01,ResourceCatalogue,MISSING (no schema object cites this requirement),MISSING (no API operation cites this requirement),OperationManifestTest#<class-level citation>,AUTOMATED_TEST,Active,priority MUST_HAVE
CFG-PLT-001,DOC-01,MISSING (no main source file cites this requirement),MISSING (no schema object cites this requirement),MISSING (no API operation cites this requirement),MISSING (no test cites this requirement),AUTOMATED_TEST,Active,priority MUST_HAVE
CFG-PLT-002,DOC-01,MISSING (no main source file cites this requirement),MISSING (no schema object cites this requirement),MISSING (no API operation cites this requirement),MISSING (no test cites this requirement),AUTOMATED_TEST,Active,priority MUST_HAVE
CFG-PLT-003,DOC-01,MISSING (no main source file cites this requirement),MISSING (no schema object cites this requirement),MISSING (no API operation cites this requirement),MISSING (no test cites this requirement),AUTOMATED_TEST,Active,priority MUST_HAVE
CFG-PLT-004,DOC-01,MISSING (no main source file cites this requirement),MISSING (no schema object cites this requirement),MISSING (no API operation cites this requirement),MISSING (no test cites this requirement),AUTOMATED_TEST,Active,priority MUST_HAVE
CFG-PLT-005,DOC-01,MISSING (no main source file cites this requirement),MISSING (no schema object cites this requirement),MISSING (no API operation cites this requirement),MISSING (no test cites this requirement),AUTOMATED_TEST,Active,priority MUST_HAVE
CFG-PLT-006,DOC-01,MISSING (no main source file cites this requirement),MISSING (no schema object cites this requirement),MISSING (no API operation cites this requirement),MISSING (no test cites this requirement),AUTOMATED_TEST,Active,priority MUST_HAVE
CFG-PLT-007,DOC-01,MISSING (no main source file cites this requirement),MISSING (no schema object cites this requirement),MISSING (no API operation cites this requirement),MISSING (no test cites this requirement),AUTOMATED_TEST|CODE_REVIEW,Active,priority MUST_HAVE
CFG-PLT-008,DOC-01,"N/A (verified by demonstration — a rehearsal or walkthrough, not a test; no code artifact is owed)","N/A (verified by demonstration — a rehearsal or walkthrough, not a test; no code artifact is owed)","N/A (verified by demonstration — a rehearsal or walkthrough, not a test; no code artifact is owed)","N/A (verified by demonstration — a rehearsal or walkthrough, not a test; no automated test is owed)",DEMONSTRATION,Active,priority MUST_HAVE
CFG-PLT-009,DOC-01,OrgNodeTypeCatalogue,MISSING (no schema object cites this requirement),MISSING (no API operation cites this requirement),MISSING (no test cites this requirement),AUTOMATED_TEST,Active,priority MUST_HAVE
CFG-PLT-010,DOC-01,MISSING (no main source file cites this requirement),MISSING (no schema object cites this requirement),MISSING (no API operation cites this requirement),MISSING (no test cites this requirement),AUTOMATED_TEST,Active,priority MUST_HAVE
CFG-PLT-011,DOC-01,MISSING (no main source file cites this requirement),MISSING (no schema object cites this requirement),MISSING (no API operation cites this requirement),MISSING (no test cites this requirement),AUTOMATED_TEST,Active,priority SHOULD_HAVE
CFG-PLT-012,DOC-01,MISSING (no main source file cites this requirement),MISSING (no schema object cites this requirement),MISSING (no API operation cites this requirement),MISSING (no test cites this requirement),AUTOMATED_TEST,Active,priority MUST_HAVE
CFG-PTR-001,DOC-01,MISSING (no main source file cites this requirement),MISSING (no schema object cites this requirement),MISSING (no API operation cites this requirement),MISSING (no test cites this requirement),AUTOMATED_TEST,Active,priority MUST_HAVE
CFG-RSK-001,DOC-01,MISSING (no main source file cites this requirement),MISSING (no schema object cites this requirement),MISSING (no API operation cites this requirement),MISSING (no test cites this requirement),AUTOMATED_TEST,Active,priority MUST_HAVE
CFG-RSK-002,DOC-01,MISSING (no main source file cites this requirement),MISSING (no schema object cites this requirement),MISSING (no API operation cites this requirement),MISSING (no test cites this requirement),AUTOMATED_TEST,Active,priority MUST_HAVE
CFG-TEN-001,DOC-01,MISSING (no main source file cites this requirement),MISSING (no schema object cites this requirement),MISSING (no API operation cites this requirement),MISSING (no test cites this requirement),AUTOMATED_TEST,Active,priority MUST_HAVE
CFG-VUL-001,DOC-01,MISSING (no main source file cites this requirement),MISSING (no schema object cites this requirement),MISSING (no API operation cites this requirement),MISSING (no test cites this requirement),AUTOMATED_TEST,Active,priority MUST_HAVE
CFG-WRK-001,DOC-01,MISSING (no main source file cites this requirement),MISSING (no schema object cites this requirement),MISSING (no API operation cites this requirement),MISSING (no test cites this requirement),AUTOMATED_TEST,Active,priority MUST_HAVE
CFG-WRK-002,DOC-01,MISSING (no main source file cites this requirement),MISSING (no schema object cites this requirement),MISSING (no API operation cites this requirement),MISSING (no test cites this requirement),AUTOMATED_TEST,Active,priority MUST_HAVE
CFG-WRK-003,DOC-01,MISSING (no main source file cites this requirement),MISSING (no schema object cites this requirement),MISSING (no API operation cites this requirement),MISSING (no test cites this requirement),AUTOMATED_TEST,Active,priority MUST_HAVE
CFG-WRK-004,DOC-01,MISSING (no main source file cites this requirement),MISSING (no schema object cites this requirement),MISSING (no API operation cites this requirement),MISSING (no test cites this requirement),AUTOMATED_TEST,Active,priority MUST_HAVE
CON-AIC-001,DOC-01,N/A (verified by document inspection; no code artifact is owed),N/A (verified by document inspection; no code artifact is owed),N/A (verified by document inspection; no code artifact is owed),N/A (verified by document inspection; no automated test is owed),DOCUMENT_INSPECTION,Active,priority MUST_HAVE
CON-DAT-001,DOC-01,N/A (verified by document inspection; no code artifact is owed),N/A (verified by document inspection; no code artifact is owed),N/A (verified by document inspection; no code artifact is owed),N/A (verified by document inspection; no automated test is owed),DOCUMENT_INSPECTION,Active,priority MUST_HAVE
CON-DAT-002,DOC-01,N/A (verified by document inspection; no code artifact is owed),N/A (verified by document inspection; no code artifact is owed),N/A (verified by document inspection; no code artifact is owed),N/A (verified by document inspection; no automated test is owed),DOCUMENT_INSPECTION,Active,priority MUST_HAVE
CON-DAT-003,DOC-01,N/A (verified by document inspection; no code artifact is owed),N/A (verified by document inspection; no code artifact is owed),N/A (verified by document inspection; no code artifact is owed),N/A (verified by document inspection; no automated test is owed),DOCUMENT_INSPECTION,Active,priority MUST_HAVE
CON-DAT-004,DOC-04,N/A (verified by document inspection; no code artifact is owed),"work_item (table, V009__work_management.sql)",N/A (verified by document inspection; no code artifact is owed),N/A (verified by document inspection; no automated test is owed),DOCUMENT_INSPECTION,Active,priority MUST_HAVE
CON-DAT-005,DOC-04,N/A (verified by document inspection; no code artifact is owed),"external_grant_agreement (table, V010__assessment_and_intake.sql)",N/A (verified by document inspection; no code artifact is owed),N/A (verified by document inspection; no automated test is owed),DOCUMENT_INSPECTION,Active,priority MUST_HAVE
CON-DAT-006,DOC-04,N/A (verified by document inspection; no code artifact is owed),"component (table, V011__composition_analysis.sql); component_entry (table, V011__composition_analysis.sql); org_closure (table, V004__organization_scope.sql)",N/A (verified by document inspection; no code artifact is owed),N/A (verified by document inspection; no automated test is owed),DOCUMENT_INSPECTION,Active,priority MUST_HAVE
CON-DAT-007,DOC-04,N/A (verified by document inspection; no code artifact is owed),N/A (verified by document inspection; no code artifact is owed),N/A (verified by document inspection; no code artifact is owed),N/A (verified by document inspection; no automated test is owed),DOCUMENT_INSPECTION,Active,priority MUST_HAVE
CON-DAT-008,DOC-04,N/A (verified by document inspection; no code artifact is owed),N/A (verified by document inspection; no code artifact is owed),N/A (verified by document inspection; no code artifact is owed),N/A (verified by document inspection; no automated test is owed),DOCUMENT_INSPECTION,Active,priority MUST_HAVE
CON-DAT-009,DOC-04,ScopeDescriptor,"add_scope_descriptor (function, V004__organization_scope.sql); assessment_request (table, V010__assessment_and_intake.sql); asset (table, V005__asset_inventory.sql); +4 more",N/A (verified by document inspection; no code artifact is owed),KernelPersistenceVerificationTest#confirmationRequiresAReference; KernelPersistenceVerificationTest#scopeDescriptorIsImmutableAtTheEngine; ScopeDescriptorReproducibilityTest#<class-level citation>; +1 more,DOCUMENT_INSPECTION,Active,priority MUST_HAVE
CON-DAT-010,DOC-04,N/A (verified by document inspection; no code artifact is owed),N/A (verified by document inspection; no code artifact is owed),N/A (verified by document inspection; no code artifact is owed),N/A (verified by document inspection; no automated test is owed),DOCUMENT_INSPECTION,Active,priority MUST_HAVE
CON-DAT-011,DOC-04,OrgNodeTypeCatalogue,N/A (verified by document inspection; no code artifact is owed),N/A (verified by document inspection; no code artifact is owed),N/A (verified by document inspection; no automated test is owed),DOCUMENT_INSPECTION,Active,priority MUST_HAVE
CON-DAT-012,DOC-04,TenantScopedAccess,"apply_tenant_isolation (function, V001__tenant_context_and_enforcement.sql); tenant_isolation_gaps (function, V001__tenant_context_and_enforcement.sql)",N/A (verified by document inspection; no code artifact is owed),FailClosedTest#<class-level citation>; KernelPersistenceVerificationTest#<class-level citation>; KernelPersistenceVerificationTest#crossTenantWriteIsRejected; +3 more,DOCUMENT_INSPECTION,Active,priority MUST_HAVE
CON-DAT-013,DOC-04,JdbcTenantScopedAccess; MissingTenantContextException,"current_tenant_id (function, V001__tenant_context_and_enforcement.sql)",N/A (verified by document inspection; no code artifact is owed),FailClosedTest#<class-level citation>; KernelPersistenceVerificationTest#<class-level citation>; KernelPersistenceVerificationTest#requireDatabase; +2 more,DOCUMENT_INSPECTION,Active,priority MUST_HAVE
CON-DAT-014,DOC-04,N/A (verified by document inspection; no code artifact is owed),V001__tenant_context_and_enforcement.sql,N/A (verified by document inspection; no code artifact is owed),KernelPersistenceVerificationTest#<class-level citation>; KernelPersistenceVerificationTest#applicationRoleCannotBypass; KernelPersistenceVerificationTest#bypassRolesAreEnumerated; +2 more,DOCUMENT_INSPECTION,Active,priority MUST_HAVE
CON-DAT-015,DOC-04,N/A (verified by document inspection; no code artifact is owed),N/A (verified by document inspection; no code artifact is owed),N/A (verified by document inspection; no code artifact is owed),N/A (verified by document inspection; no automated test is owed),DOCUMENT_INSPECTION,Active,priority MUST_HAVE
CON-DAT-016,DOC-04,N/A (verified by document inspection; no code artifact is owed),N/A (verified by document inspection; no code artifact is owed),N/A (verified by document inspection; no code artifact is owed),N/A (verified by document inspection; no automated test is owed),DOCUMENT_INSPECTION,Active,priority MUST_HAVE
CON-DAT-017,DOC-04,N/A (verified by document inspection; no code artifact is owed),N/A (verified by document inspection; no code artifact is owed),N/A (verified by document inspection; no code artifact is owed),N/A (verified by document inspection; no automated test is owed),DOCUMENT_INSPECTION,Active,priority MUST_HAVE
CON-DAT-018,DOC-04,AttributeSchema,N/A (verified by document inspection; no code artifact is owed),N/A (verified by document inspection; no code artifact is owed),AttributeSchemaTest#<class-level citation>; AttributeSchemaTest#searchableRequiresASlot,DOCUMENT_INSPECTION,Active,priority MUST_HAVE
CON-DAT-019,DOC-04,N/A (verified by document inspection; no code artifact is owed),N/A (verified by document inspection; no code artifact is owed),N/A (verified by document inspection; no code artifact is owed),N/A (verified by document inspection; no automated test is owed),DOCUMENT_INSPECTION,Active,priority MUST_HAVE
CON-DAT-020,DOC-04,N/A (verified by document inspection; no code artifact is owed),N/A (verified by document inspection; no code artifact is owed),N/A (verified by document inspection; no code artifact is owed),N/A (verified by document inspection; no automated test is owed),DOCUMENT_INSPECTION,Active,priority MUST_HAVE
CON-DAT-021,DOC-04,N/A (verified by document inspection; no code artifact is owed),N/A (verified by document inspection; no code artifact is owed),N/A (verified by document inspection; no code artifact is owed),N/A (verified by document inspection; no automated test is owed),DOCUMENT_INSPECTION,Active,priority MUST_HAVE
CON-DAT-022,DOC-04,N/A (verified by document inspection; no code artifact is owed),"audit_event (table, V002__audit_event.sql)",N/A (verified by document inspection; no code artifact is owed),N/A (verified by document inspection; no automated test is owed),DOCUMENT_INSPECTION,Active,priority MUST_HAVE
CON-DAT-023,DOC-04,N/A (verified by document inspection; no code artifact is owed),N/A (verified by document inspection; no code artifact is owed),N/A (verified by document inspection; no code artifact is owed),N/A (verified by document inspection; no automated test is owed),DOCUMENT_INSPECTION,Active,priority MUST_HAVE
CON-DAT-024,DOC-04,N/A (verified by document inspection; no code artifact is owed),"audit_event_payload (table, V002__audit_event.sql); finding_asset_impact (table, V006__finding_identity.sql); hash_partition_counts (function, V006__finding_identity.sql)",N/A (verified by document inspection; no code artifact is owed),KernelPersistenceVerificationTest#closedEdgeCannotBeReopened; KernelPersistenceVerificationTest#hashPartitionCountsMatchTheRecordedBasis,DOCUMENT_INSPECTION,Active,priority MUST_HAVE
CON-DAT-025,DOC-04,N/A (verified by document inspection; no code artifact is owed),"ensure_audit_partitions (function, V002__audit_event.sql)",N/A (verified by document inspection; no code artifact is owed),KernelPersistenceVerificationTest#partitionRunwayIsProvisioned,DOCUMENT_INSPECTION,Active,priority MUST_HAVE
CON-DAT-026,DOC-04,OrgClosure,"org_closure_divergence (function, V004__organization_scope.sql)",N/A (verified by document inspection; no code artifact is owed),KernelPersistenceVerificationTest#closureDivergenceIsQueryable,DOCUMENT_INSPECTION,Active,priority MUST_HAVE
CON-DAT-027,DOC-04,CanonicalSerializer; ChainHasher; ChainVerifier,"audit_chain_checkpoint (table, V002__audit_event.sql); audit_event (table, V002__audit_event.sql)",N/A (verified by document inspection; no code artifact is owed),ChainIntegrityTest#erasureIsLocal; ChainIntegrityTest#spotCheckFromCheckpoint,DOCUMENT_INSPECTION,Active,priority MUST_HAVE
CON-DAT-028,DOC-04,N/A (verified by document inspection; no code artifact is owed),"audit_chain_checkpoint (table, V002__audit_event.sql)",N/A (verified by document inspection; no code artifact is owed),N/A (verified by document inspection; no automated test is owed),DOCUMENT_INSPECTION,Active,priority MUST_HAVE
CON-DAT-029,DOC-04,N/A (verified by document inspection; no code artifact is owed),N/A (verified by document inspection; no code artifact is owed),N/A (verified by document inspection; no code artifact is owed),N/A (verified by document inspection; no automated test is owed),DOCUMENT_INSPECTION,Active,priority MUST_HAVE
CON-DAT-030,DOC-04,N/A (verified by document inspection; no code artifact is owed),"projections_without_tenant_prefix (function, V012__read_models.sql); rm_posture_aggregate (table, V012__read_models.sql)",N/A (verified by document inspection; no code artifact is owed),KernelPersistenceVerificationTest#projectionsAreTenantPrefixed,DOCUMENT_INSPECTION,Active,priority MUST_HAVE
CON-DAT-031,DOC-04,WorkloadRollup,"projection_staleness (function, V012__read_models.sql); rm_posture_aggregate (table, V012__read_models.sql)",N/A (verified by document inspection; no code artifact is owed),CapacityTest#divergenceIsDetectable,DOCUMENT_INSPECTION,Active,priority MUST_HAVE
CON-DAT-032,DOC-04,N/A (verified by document inspection; no code artifact is owed),"rm_latest_risk_score (table, V012__read_models.sql); rm_posture_aggregate (table, V012__read_models.sql)",N/A (verified by document inspection; no code artifact is owed),KernelPersistenceVerificationTest#latestScoreIsProjected,DOCUMENT_INSPECTION,Active,priority MUST_HAVE
CON-DAT-033,DOC-04,PipelineGate,N/A (verified by document inspection; no code artifact is owed),N/A (verified by document inspection; no code artifact is owed),N/A (verified by document inspection; no automated test is owed),DOCUMENT_INSPECTION,Active,priority MUST_HAVE
CON-DAT-034,DOC-04,N/A (verified by document inspection; no code artifact is owed),N/A (verified by document inspection; no code artifact is owed),N/A (verified by document inspection; no code artifact is owed),N/A (verified by document inspection; no automated test is owed),DOCUMENT_INSPECTION,Active,priority MUST_HAVE
CON-DAT-035,DOC-04,PartitionPlan,"ensure_audit_partitions (function, V002__audit_event.sql); hash_partition_basis (table, V013__partition_runway.sql); severity_level (table, V006__finding_identity.sql)",N/A (verified by document inspection; no code artifact is owed),KernelPersistenceVerificationTest#hashPartitionCountsMatchTheRecordedBasis; PipelineAndRunbookTest#countsAgree,DOCUMENT_INSPECTION,Active,priority MUST_HAVE
CON-DAT-036,DOC-04,N/A (verified by document inspection; no code artifact is owed),N/A (verified by document inspection; no code artifact is owed),N/A (verified by document inspection; no code artifact is owed),N/A (verified by document inspection; no automated test is owed),DOCUMENT_INSPECTION,Active,priority MUST_HAVE
CON-DAT-037,DOC-04,N/A (verified by document inspection; no code artifact is owed),N/A (verified by document inspection; no code artifact is owed),N/A (verified by document inspection; no code artifact is owed),N/A (verified by document inspection; no automated test is owed),DOCUMENT_INSPECTION,Active,priority MUST_HAVE
CON-DAT-038,DOC-04,N/A (verified by document inspection; no code artifact is owed),N/A (verified by document inspection; no code artifact is owed),N/A (verified by document inspection; no code artifact is owed),N/A (verified by document inspection; no automated test is owed),DOCUMENT_INSPECTION,Active,priority MUST_HAVE
CON-DAT-039,DOC-04,N/A (verified by document inspection; no code artifact is owed),N/A (verified by document inspection; no code artifact is owed),N/A (verified by document inspection; no code artifact is owed),N/A (verified by document inspection; no automated test is owed),DOCUMENT_INSPECTION,Active,priority MUST_HAVE
CON-DEP-001,DOC-01,N/A (verified by document inspection; no code artifact is owed),N/A (verified by document inspection; no code artifact is owed),N/A (verified by document inspection; no code artifact is owed),N/A (verified by document inspection; no automated test is owed),DOCUMENT_INSPECTION,Active,priority MUST_HAVE
CON-LIC-001,DOC-01,N/A (verified by document inspection; no code artifact is owed),N/A (verified by document inspection; no code artifact is owed),N/A (verified by document inspection; no code artifact is owed),N/A (verified by document inspection; no automated test is owed),DOCUMENT_INSPECTION,Active,priority MUST_HAVE
CON-PLT-001,DOC-01,N/A (verified by document inspection; no code artifact is owed),N/A (verified by document inspection; no code artifact is owed),N/A (verified by document inspection; no code artifact is owed),N/A (verified by document inspection; no automated test is owed),DOCUMENT_INSPECTION,Active,priority MUST_HAVE
CON-PLT-002,DOC-01,N/A (verified by document inspection; no code artifact is owed),N/A (verified by document inspection; no code artifact is owed),N/A (verified by document inspection; no code artifact is owed),N/A (verified by document inspection; no automated test is owed),DOCUMENT_INSPECTION,Active,priority MUST_HAVE
CON-PLT-003,DOC-01,N/A (verified by document inspection; no code artifact is owed),N/A (verified by document inspection; no code artifact is owed),N/A (verified by document inspection; no code artifact is owed),N/A (verified by document inspection; no automated test is owed),DOCUMENT_INSPECTION,Active,priority MUST_HAVE
CON-PLT-004,DOC-01,N/A (verified by document inspection; no code artifact is owed),N/A (verified by document inspection; no code artifact is owed),N/A (verified by document inspection; no code artifact is owed),N/A (verified by document inspection; no automated test is owed),DOCUMENT_INSPECTION,Active,priority MUST_HAVE
CON-PLT-005,DOC-01,N/A (verified by document inspection; no code artifact is owed),N/A (verified by document inspection; no code artifact is owed),N/A (verified by document inspection; no code artifact is owed),N/A (verified by document inspection; no automated test is owed),DOCUMENT_INSPECTION,Active,priority MUST_HAVE
CON-PLT-006,DOC-02,N/A (verified by document inspection; no code artifact is owed),N/A (verified by document inspection; no code artifact is owed),N/A (verified by document inspection; no code artifact is owed),N/A (verified by document inspection; no automated test is owed),DOCUMENT_INSPECTION,Active,priority MUST_HAVE
CON-PLT-007,DOC-02,N/A (verified by document inspection; no code artifact is owed),N/A (verified by document inspection; no code artifact is owed),N/A (verified by document inspection; no code artifact is owed),N/A (verified by document inspection; no automated test is owed),DOCUMENT_INSPECTION,Active,priority MUST_HAVE
CON-PLT-008,DOC-02,RuntimeUnit,N/A (verified by document inspection; no code artifact is owed),N/A (verified by document inspection; no code artifact is owed),DeploymentTopologyTest#matchWorkersAreIsolated,DOCUMENT_INSPECTION,Active,priority MUST_HAVE
CON-PLT-009,DOC-02,Dispatcher,N/A (verified by document inspection; no code artifact is owed),PlatformOperations,N/A (verified by document inspection; no automated test is owed),DOCUMENT_INSPECTION,Active,priority MUST_HAVE
CON-PLT-010,DOC-02,N/A (verified by document inspection; no code artifact is owed),N/A (verified by document inspection; no code artifact is owed),N/A (verified by document inspection; no code artifact is owed),ModuleInventoryTest#<class-level citation>; ModuleInventoryTest#kernelInventoryMatchesTheCorpus; ModuleInventoryTest#moduleInventoryMatchesTheCorpus,DOCUMENT_INSPECTION,Active,priority MUST_HAVE
CON-PLT-011,DOC-02,AuditModule; AuthorizationModule; IdentityModule; +12 more,N/A (verified by document inspection; no code artifact is owed),N/A (verified by document inspection; no code artifact is owed),CrossModuleAccessTest#kernelReachesNoDomainModule; ModuleBoundaryTest#importPlatform,DOCUMENT_INSPECTION,Active,priority MUST_HAVE
CON-PLT-012,DOC-02,Condition; ConditionEvaluation; ConditionEvaluator; +2 more,N/A (verified by document inspection; no code artifact is owed),N/A (verified by document inspection; no code artifact is owed),RulesEngineTest#<class-level citation>; RulesEngineTest#subtreeMatchingUsesRecordedPath; RulesEngineTest#undefinedAgreesAcrossCallers; +4 more,DOCUMENT_INSPECTION,Active,priority MUST_HAVE
CON-PLT-013,DOC-02,AuthorizedQuery; FindingFingerprint; PipelineGate; +8 more,N/A (verified by document inspection; no code artifact is owed),N/A (verified by document inspection; no code artifact is owed),CrossModuleAccessTest#<class-level citation>; CrossModuleAccessTest#crossModuleAccessIsRestrictedToContracts; ModuleBoundaryTest#<class-level citation>; +1 more,DOCUMENT_INSPECTION,Active,priority MUST_HAVE
CON-PLT-014,DOC-02,AiAssistanceModule; AspmModule; AssessmentModule; +24 more,N/A (verified by document inspection; no code artifact is owed),N/A (verified by document inspection; no code artifact is owed),DependencyDirectionTest#<class-level citation>; DependencyDirectionTest#actualGraphIsWithinDeclaredGraph; DependencyDirectionTest#noMutualModuleDependency; +1 more,DOCUMENT_INSPECTION,Active,priority MUST_HAVE
CON-PLT-015,DOC-02,AssetMerge; src/kernel-verification/build.gradle.kts,V001__tenant_context_and_enforcement.sql,N/A (verified by document inspection; no code artifact is owed),CrossModuleAccessTest#<class-level citation>; CrossModuleAccessTest#crossModuleAccessIsRestrictedToContracts; ModuleBoundaryTest#<class-level citation>; +1 more,DOCUMENT_INSPECTION,Active,priority MUST_HAVE
CON-PLT-016,DOC-02,AuthorizationGateway; AuthorizationRequest; src/build.gradle.kts; +1 more,N/A (verified by document inspection; no code artifact is owed),N/A (verified by document inspection; no code artifact is owed),DependencyDirectionTest#noMutualModuleDependency; ModuleBoundaryTest#<class-level citation>; ModuleBoundaryTest#kernelGraphIsAcyclic; +2 more,DOCUMENT_INSPECTION,Active,priority MUST_HAVE
CON-PLT-017,DOC-02,AuditChainStore; JdbcTenantScopedAccess; PipelineGate; +2 more,N/A (verified by document inspection; no code artifact is owed),N/A (verified by document inspection; no code artifact is owed),FailClosedTest#<class-level citation>; LayeringTest#<class-level citation>; LayeringTest#domainIsPure,DOCUMENT_INSPECTION,Active,priority MUST_HAVE
CON-PLT-018,DOC-02,OrgNode,N/A (verified by document inspection; no code artifact is owed),N/A (verified by document inspection; no code artifact is owed),LayeringTest#domainDoesNotDependOutward,DOCUMENT_INSPECTION,Active,priority MUST_HAVE
CON-PLT-019,DOC-02,N/A (verified by document inspection; no code artifact is owed),N/A (verified by document inspection; no code artifact is owed),N/A (verified by document inspection; no code artifact is owed),N/A (verified by document inspection; no automated test is owed),DOCUMENT_INSPECTION,Active,priority MUST_HAVE
CON-PLT-020,DOC-02,N/A (verified by document inspection; no code artifact is owed),N/A (verified by document inspection; no code artifact is owed),N/A (verified by document inspection; no code artifact is owed),N/A (verified by document inspection; no automated test is owed),DOCUMENT_INSPECTION,Active,priority MUST_HAVE
CON-PLT-021,DOC-02,AuditChainStore; AuditRecorder; PartitionPlan; +1 more,"ensure_audit_partitions (function, V002__audit_event.sql); range_partition_runway_months (function, V013__partition_runway.sql)",N/A (verified by document inspection; no code artifact is owed),KernelPersistenceVerificationTest#everyRangePartitionedTableHasRunway; KernelPersistenceVerificationTest#partitionRunwayIsProvisioned; PipelineAndRunbookTest#unreconstructableTablesAreMarked,DOCUMENT_INSPECTION,Active,priority MUST_HAVE
CON-PLT-022,DOC-02,N/A (verified by document inspection; no code artifact is owed),N/A (verified by document inspection; no code artifact is owed),N/A (verified by document inspection; no code artifact is owed),N/A (verified by document inspection; no automated test is owed),DOCUMENT_INSPECTION,Active,priority MUST_HAVE
CON-PLT-023,DOC-02,N/A (verified by document inspection; no code artifact is owed),N/A (verified by document inspection; no code artifact is owed),N/A (verified by document inspection; no code artifact is owed),N/A (verified by document inspection; no automated test is owed),DOCUMENT_INSPECTION,Active,priority MUST_HAVE
CON-PLT-024,DOC-02,N/A (verified by document inspection; no code artifact is owed),N/A (verified by document inspection; no code artifact is owed),N/A (verified by document inspection; no code artifact is owed),N/A (verified by document inspection; no automated test is owed),DOCUMENT_INSPECTION,Active,priority MUST_HAVE
CON-PLT-025,DOC-02,N/A (verified by document inspection; no code artifact is owed),N/A (verified by document inspection; no code artifact is owed),N/A (verified by document inspection; no code artifact is owed),N/A (verified by document inspection; no automated test is owed),DOCUMENT_INSPECTION,Active,priority MUST_HAVE
CON-PLT-026,DOC-02,N/A (verified by document inspection; no code artifact is owed),N/A (verified by document inspection; no code artifact is owed),N/A (verified by document inspection; no code artifact is owed),N/A (verified by document inspection; no automated test is owed),DOCUMENT_INSPECTION,Active,priority MUST_HAVE
CON-PLT-027,DOC-02,Runbook,N/A (verified by document inspection; no code artifact is owed),N/A (verified by document inspection; no code artifact is owed),N/A (verified by document inspection; no automated test is owed),DOCUMENT_INSPECTION,Active,priority MUST_HAVE
CON-PLT-028,DOC-02,Measure; SbomCoverageState,"risk_score (table, V008__risk_and_service_levels.sql); rm_posture_aggregate (table, V012__read_models.sql)",N/A (verified by document inspection; no code artifact is owed),HonestyAssertionTest#coverageAndFreshnessRendered,DOCUMENT_INSPECTION,Active,priority MUST_HAVE
CON-PLT-029,DOC-02,N/A (verified by document inspection; no code artifact is owed),N/A (verified by document inspection; no code artifact is owed),N/A (verified by document inspection; no code artifact is owed),N/A (verified by document inspection; no automated test is owed),DOCUMENT_INSPECTION,Active,priority MUST_HAVE
CON-PLT-030,DOC-02,TenantBoundWork,N/A (verified by document inspection; no code artifact is owed),N/A (verified by document inspection; no code artifact is owed),N/A (verified by document inspection; no automated test is owed),DOCUMENT_INSPECTION,Active,priority MUST_HAVE
CON-PLT-031,DOC-02,N/A (verified by document inspection; no code artifact is owed),N/A (verified by document inspection; no code artifact is owed),N/A (verified by document inspection; no code artifact is owed),N/A (verified by document inspection; no automated test is owed),DOCUMENT_INSPECTION,Active,priority MUST_HAVE
CON-PLT-032,DOC-02,N/A (verified by document inspection; no code artifact is owed),N/A (verified by document inspection; no code artifact is owed),N/A (verified by document inspection; no code artifact is owed),N/A (verified by document inspection; no automated test is owed),DOCUMENT_INSPECTION,Active,priority MUST_HAVE
CON-PLT-033,DOC-02,N/A (verified by document inspection; no code artifact is owed),N/A (verified by document inspection; no code artifact is owed),N/A (verified by document inspection; no code artifact is owed),N/A (verified by document inspection; no automated test is owed),DOCUMENT_INSPECTION,Active,priority MUST_HAVE
CON-PLT-034,DOC-02,N/A (verified by document inspection; no code artifact is owed),N/A (verified by document inspection; no code artifact is owed),N/A (verified by document inspection; no code artifact is owed),N/A (verified by document inspection; no automated test is owed),DOCUMENT_INSPECTION,Active,priority MUST_HAVE
CON-PLT-035,DOC-02,TenantContextHolder,N/A (verified by document inspection; no code artifact is owed),N/A (verified by document inspection; no code artifact is owed),FailClosedTest#contextDoesNotOutliveItsScope,DOCUMENT_INSPECTION,Active,priority MUST_HAVE
CON-PLT-036,DOC-02,JdbcTenantScopedAccess; TenantContextHolder; TenantScopedAccess,N/A (verified by document inspection; no code artifact is owed),N/A (verified by document inspection; no code artifact is owed),KernelGateTest#<class-level citation>; KernelGateTest#dataAccessOnlyThroughTheGate,DOCUMENT_INSPECTION,Active,priority MUST_HAVE
CON-PLT-037,DOC-02,AuthorizedQuery; JdbcTenantScopedAccess; ScopeResolvingAuthorizationGate,N/A (verified by document inspection; no code artifact is owed),N/A (verified by document inspection; no code artifact is owed),DenyByDefaultTest#denialProducesNoKey; KernelGateTest#<class-level citation>; KernelGateTest#onlyAuthorizationKernelMintsTheKey; +2 more,DOCUMENT_INSPECTION,Active,priority MUST_HAVE
CON-PLT-038,DOC-02,ScopePredicate,N/A (verified by document inspection; no code artifact is owed),N/A (verified by document inspection; no code artifact is owed),N/A (verified by document inspection; no automated test is owed),DOCUMENT_INSPECTION,Active,priority MUST_HAVE
CON-PLT-039,DOC-02,DirectInfrastructureClientAccess,N/A (verified by document inspection; no code artifact is owed),N/A (verified by document inspection; no code artifact is owed),N/A (verified by document inspection; no automated test is owed),DOCUMENT_INSPECTION,Active,priority MUST_HAVE
CON-PLT-040,DOC-02,N/A (verified by document inspection; no code artifact is owed),N/A (verified by document inspection; no code artifact is owed),N/A (verified by document inspection; no code artifact is owed),N/A (verified by document inspection; no automated test is owed),DOCUMENT_INSPECTION,Active,priority MUST_HAVE
CON-PLT-041,DOC-02,N/A (verified by document inspection; no code artifact is owed),N/A (verified by document inspection; no code artifact is owed),N/A (verified by document inspection; no code artifact is owed),N/A (verified by document inspection; no automated test is owed),DOCUMENT_INSPECTION,Active,priority MUST_HAVE
CON-PLT-042,DOC-02,DomainEvent,N/A (verified by document inspection; no code artifact is owed),N/A (verified by document inspection; no code artifact is owed),N/A (verified by document inspection; no automated test is owed),DOCUMENT_INSPECTION,Active,priority MUST_HAVE
CON-PLT-043,DOC-02,N/A (verified by document inspection; no code artifact is owed),N/A (verified by document inspection; no code artifact is owed),N/A (verified by document inspection; no code artifact is owed),N/A (verified by document inspection; no automated test is owed),DOCUMENT_INSPECTION,Active,priority MUST_HAVE
CON-PLT-044,DOC-02,N/A (verified by document inspection; no code artifact is owed),N/A (verified by document inspection; no code artifact is owed),N/A (verified by document inspection; no code artifact is owed),N/A (verified by document inspection; no automated test is owed),DOCUMENT_INSPECTION,Active,priority MUST_HAVE
CON-PLT-045,DOC-02,N/A (verified by document inspection; no code artifact is owed),N/A (verified by document inspection; no code artifact is owed),N/A (verified by document inspection; no code artifact is owed),N/A (verified by document inspection; no automated test is owed),DOCUMENT_INSPECTION,Active,priority MUST_HAVE
CON-PLT-046,DOC-02,N/A (verified by document inspection; no code artifact is owed),N/A (verified by document inspection; no code artifact is owed),N/A (verified by document inspection; no code artifact is owed),N/A (verified by document inspection; no automated test is owed),DOCUMENT_INSPECTION,Active,priority MUST_HAVE
CON-SEC-001,DOC-01,N/A (verified by document inspection; no code artifact is owed),"principal (table, V015__identity_and_access.sql)",N/A (verified by document inspection; no code artifact is owed),N/A (verified by document inspection; no automated test is owed),DOCUMENT_INSPECTION,Active,priority MUST_HAVE
CON-SEC-002,DOC-01,N/A (verified by document inspection; no code artifact is owed),N/A (verified by document inspection; no code artifact is owed),N/A (verified by document inspection; no code artifact is owed),N/A (verified by document inspection; no automated test is owed),DOCUMENT_INSPECTION,Active,priority MUST_HAVE
CON-UIX-001,DOC-01,N/A (verified by document inspection; no code artifact is owed),N/A (verified by document inspection; no code artifact is owed),N/A (verified by document inspection; no code artifact is owed),N/A (verified by document inspection; no automated test is owed),DOCUMENT_INSPECTION,Active,priority MUST_HAVE
INT-UIX-001,DOC-08,PipelineGate,MISSING (no schema object cites this requirement),MISSING (no API operation cites this requirement),InterfaceTest#check,AUTOMATED_TEST|MANUAL_TEST,Active,priority MUST_HAVE
INT-UIX-002,DOC-08,MISSING (no main source file cites this requirement),MISSING (no schema object cites this requirement),MISSING (no API operation cites this requirement),MISSING (no test cites this requirement),AUTOMATED_TEST|MANUAL_TEST,Active,priority MUST_HAVE
INT-UIX-003,DOC-08,DataTable; DesignSystem; Page; +1 more,N/A (verified by manual test; no code artifact is owed),N/A (verified by manual test; no code artifact is owed),InterfaceTest#landmarksArePresent; OperationManifestTest#writeManifest,MANUAL_TEST,Active,priority MUST_HAVE
INT-UIX-004,DOC-08,AuthLayout; DesignSystem; Page,MISSING (no schema object cites this requirement),MISSING (no API operation cites this requirement),InterfaceTest#zoomIsNotDisabled; OperationManifestTest#writeManifest,AUTOMATED_TEST|MANUAL_TEST,Active,priority MUST_HAVE
INT-UIX-005,DOC-08,N/A (verified by manual test; no code artifact is owed),N/A (verified by manual test; no code artifact is owed),N/A (verified by manual test; no code artifact is owed),N/A (verified by manual test; no automated test is owed),MANUAL_TEST,Active,priority MUST_HAVE
INT-UIX-006,DOC-08,Chart; DesignSystem,N/A (verified by manual test; no code artifact is owed),N/A (verified by manual test; no code artifact is owed),N/A (verified by manual test; no automated test is owed),MANUAL_TEST,Active,priority MUST_HAVE
INT-UIX-007,DOC-08,MISSING (no main source file cites this requirement),MISSING (no schema object cites this requirement),MISSING (no API operation cites this requirement),MISSING (no test cites this requirement),AUTOMATED_TEST|MANUAL_TEST,Active,priority MUST_HAVE
INT-UIX-008,DOC-08,Chart; Messages; StateRenderer; +1 more,MISSING (no schema object cites this requirement),MISSING (no API operation cites this requirement),InterfaceTest#<class-level citation>; InterfaceTest#pluralsSelect; InterfaceTest#sentencesAreWholeMessages,AUTOMATED_TEST|CODE_REVIEW,Active,priority MUST_HAVE
INT-UIX-009,DOC-08,Messages,MISSING (no schema object cites this requirement),MISSING (no API operation cites this requirement),InterfaceTest#<class-level citation>; InterfaceTest#pseudoLocalizationIsABuildGate,AUTOMATED_TEST,Active,priority MUST_HAVE
INT-UIX-010,DOC-08,DataTable; InterfaceResource; Messages,MISSING (no schema object cites this requirement),MISSING (no API operation cites this requirement),MISSING (no test cites this requirement),AUTOMATED_TEST,Active,priority MUST_HAVE
INT-UIX-011,DOC-08,MISSING (no main source file cites this requirement),MISSING (no schema object cites this requirement),MISSING (no API operation cites this requirement),InterfaceTest#documentDeclaresLanguage,AUTOMATED_TEST,Active,priority MUST_HAVE
INT-UIX-012,DOC-08,MISSING (no main source file cites this requirement),MISSING (no schema object cites this requirement),MISSING (no API operation cites this requirement),MISSING (no test cites this requirement),AUTOMATED_TEST,Active,priority MUST_HAVE
INT-UIX-013,DOC-08,DataTable,MISSING (no schema object cites this requirement),MISSING (no API operation cites this requirement),MISSING (no test cites this requirement),AUTOMATED_TEST,Active,priority MUST_HAVE
LIC-PLT-001,DOC-01,"N/A (verified by demonstration — a rehearsal or walkthrough, not a test; no code artifact is owed)","N/A (verified by demonstration — a rehearsal or walkthrough, not a test; no code artifact is owed)","N/A (verified by demonstration — a rehearsal or walkthrough, not a test; no code artifact is owed)","N/A (verified by demonstration — a rehearsal or walkthrough, not a test; no automated test is owed)",DEMONSTRATION,Active,priority MUST_HAVE
LIC-PLT-002,DOC-01,ParticipantRole,"work_item_participant (table, V009__work_management.sql)",MISSING (no API operation cites this requirement),MISSING (no test cites this requirement),AUTOMATED_TEST,Active,priority MUST_HAVE
LIC-PLT-003,DOC-01,DenialReason,"tenant (table, V001__tenant_context_and_enforcement.sql)",MISSING (no API operation cites this requirement),MISSING (no test cites this requirement),AUTOMATED_TEST|PENETRATION_TEST,Active,priority MUST_HAVE
LIC-PLT-004,DOC-01,MISSING (no main source file cites this requirement),MISSING (no schema object cites this requirement),MISSING (no API operation cites this requirement),MISSING (no test cites this requirement),AUTOMATED_TEST,Active,priority MUST_HAVE
LIC-PLT-005,DOC-01,MISSING (no main source file cites this requirement),MISSING (no schema object cites this requirement),MISSING (no API operation cites this requirement),MISSING (no test cites this requirement),AUTOMATED_TEST,Active,priority MUST_HAVE
LIC-PLT-006,DOC-01,MISSING (no main source file cites this requirement),MISSING (no schema object cites this requirement),MISSING (no API operation cites this requirement),MISSING (no test cites this requirement),AUTOMATED_TEST,Active,priority MUST_HAVE
LIC-PLT-007,DOC-01,MISSING (no main source file cites this requirement),MISSING (no schema object cites this requirement),MISSING (no API operation cites this requirement),MISSING (no test cites this requirement),AUTOMATED_TEST,Active,priority MUST_HAVE
LIC-PLT-008,DOC-01,MISSING (no main source file cites this requirement),MISSING (no schema object cites this requirement),MISSING (no API operation cites this requirement),MISSING (no test cites this requirement),AUTOMATED_TEST,Active,priority SHOULD_HAVE
LIC-PLT-009,DOC-01,N/A (verified by document inspection; no code artifact is owed),N/A (verified by document inspection; no code artifact is owed),N/A (verified by document inspection; no code artifact is owed),N/A (verified by document inspection; no automated test is owed),DOCUMENT_INSPECTION,Active,priority SHOULD_HAVE
LIC-PLT-010,DOC-01,MISSING (no main source file cites this requirement),MISSING (no schema object cites this requirement),MISSING (no API operation cites this requirement),MISSING (no test cites this requirement),AUTOMATED_TEST,Active,priority MUST_HAVE
NFR-AIC-001,DOC-01,MISSING (no main source file cites this requirement),MISSING (no schema object cites this requirement),MISSING (no API operation cites this requirement),MISSING (no test cites this requirement),AUTOMATED_TEST,Active,priority MUST_HAVE
NFR-API-001,DOC-01,MISSING (no main source file cites this requirement),MISSING (no schema object cites this requirement),MISSING (no API operation cites this requirement),MISSING (no test cites this requirement),AUTOMATED_TEST,Active,priority MUST_HAVE
NFR-API-002,DOC-01,MISSING (no main source file cites this requirement),MISSING (no schema object cites this requirement),MISSING (no API operation cites this requirement),MISSING (no test cites this requirement),AUTOMATED_TEST,Active,priority MUST_HAVE
NFR-AUD-001,DOC-01,CanonicalPayload; ChainedAuditWriter,"audit_chain_head (table, V003__audit_chain_head_and_checkpoint.sql)",MISSING (no API operation cites this requirement),MISSING (no test cites this requirement),AUTOMATED_TEST,Active,priority MUST_HAVE
NFR-AUD-002,DOC-01,MISSING (no main source file cites this requirement),MISSING (no schema object cites this requirement),MISSING (no API operation cites this requirement),MISSING (no test cites this requirement),AUTOMATED_TEST,Active,priority MUST_HAVE
NFR-DEP-001,DOC-01,MISSING (no main source file cites this requirement),MISSING (no schema object cites this requirement),MISSING (no API operation cites this requirement),MISSING (no test cites this requirement),AUTOMATED_TEST,Active,priority MUST_HAVE
NFR-DEP-002,DOC-01,MISSING (no main source file cites this requirement),MISSING (no schema object cites this requirement),MISSING (no API operation cites this requirement),MISSING (no test cites this requirement),AUTOMATED_TEST,Active,priority MUST_HAVE
NFR-DEP-003,DOC-01,"N/A (verified by demonstration — a rehearsal or walkthrough, not a test; no code artifact is owed)","N/A (verified by demonstration — a rehearsal or walkthrough, not a test; no code artifact is owed)","N/A (verified by demonstration — a rehearsal or walkthrough, not a test; no code artifact is owed)","N/A (verified by demonstration — a rehearsal or walkthrough, not a test; no automated test is owed)",DEMONSTRATION,Active,priority MUST_HAVE
NFR-DEP-004,DOC-01,MISSING (no main source file cites this requirement),MISSING (no schema object cites this requirement),MISSING (no API operation cites this requirement),MISSING (no test cites this requirement),AUTOMATED_TEST,Active,priority MUST_HAVE
NFR-DEP-005,DOC-01,MISSING (no main source file cites this requirement),MISSING (no schema object cites this requirement),MISSING (no API operation cites this requirement),MISSING (no test cites this requirement),AUTOMATED_TEST,Active,priority MUST_HAVE
NFR-DSH-001,DOC-01,MISSING (no main source file cites this requirement),MISSING (no schema object cites this requirement),MISSING (no API operation cites this requirement),MISSING (no test cites this requirement),AUTOMATED_TEST,Active,priority MUST_HAVE
NFR-DSH-002,DOC-01,MISSING (no main source file cites this requirement),MISSING (no schema object cites this requirement),MISSING (no API operation cites this requirement),MISSING (no test cites this requirement),AUTOMATED_TEST,Active,priority MUST_HAVE
NFR-DSH-003,DOC-01,MISSING (no main source file cites this requirement),MISSING (no schema object cites this requirement),MISSING (no API operation cites this requirement),MISSING (no test cites this requirement),AUTOMATED_TEST,Active,priority MUST_HAVE
NFR-ING-001,DOC-01,MISSING (no main source file cites this requirement),MISSING (no schema object cites this requirement),MISSING (no API operation cites this requirement),MISSING (no test cites this requirement),AUTOMATED_TEST,Active,priority MUST_HAVE
NFR-ING-002,DOC-01,MISSING (no main source file cites this requirement),MISSING (no schema object cites this requirement),MISSING (no API operation cites this requirement),MISSING (no test cites this requirement),AUTOMATED_TEST,Active,priority MUST_HAVE
NFR-INT-001,DOC-01,MISSING (no main source file cites this requirement),MISSING (no schema object cites this requirement),MISSING (no API operation cites this requirement),MISSING (no test cites this requirement),AUTOMATED_TEST|MANUAL_TEST,Active,priority MUST_HAVE
NFR-INT-002,DOC-01,N/A (verified by manual test; no code artifact is owed),N/A (verified by manual test; no code artifact is owed),N/A (verified by manual test; no code artifact is owed),N/A (verified by manual test; no automated test is owed),MANUAL_TEST,Active,priority MUST_HAVE
NFR-INT-003,DOC-01,AccountService; AssessmentService; AttributeDataType; +2 more,"business_calendar (table, V008__risk_and_service_levels.sql)",MISSING (no API operation cites this requirement),MISSING (no test cites this requirement),AUTOMATED_TEST,Active,priority MUST_HAVE
NFR-INT-004,DOC-01,ResourceEndpoint,MISSING (no schema object cites this requirement),MISSING (no API operation cites this requirement),MISSING (no test cites this requirement),AUTOMATED_TEST,Active,priority MUST_HAVE
NFR-NTF-001,DOC-01,MISSING (no main source file cites this requirement),MISSING (no schema object cites this requirement),MISSING (no API operation cites this requirement),MISSING (no test cites this requirement),AUTOMATED_TEST,Active,priority MUST_HAVE
NFR-OPS-001,DOC-01,MISSING (no main source file cites this requirement),MISSING (no schema object cites this requirement),MISSING (no API operation cites this requirement),MISSING (no test cites this requirement),AUTOMATED_TEST,Active,priority MUST_HAVE
NFR-OPS-002,DOC-01,"N/A (verified by demonstration — a rehearsal or walkthrough, not a test; no code artifact is owed)","N/A (verified by demonstration — a rehearsal or walkthrough, not a test; no code artifact is owed)","N/A (verified by demonstration — a rehearsal or walkthrough, not a test; no code artifact is owed)","N/A (verified by demonstration — a rehearsal or walkthrough, not a test; no automated test is owed)",DEMONSTRATION,Active,priority MUST_HAVE
NFR-OPS-003,DOC-01,MISSING (no main source file cites this requirement),MISSING (no schema object cites this requirement),MISSING (no API operation cites this requirement),MISSING (no test cites this requirement),AUTOMATED_TEST,Active,priority MUST_HAVE
NFR-PLT-001,DOC-01,MISSING (no main source file cites this requirement),MISSING (no schema object cites this requirement),MISSING (no API operation cites this requirement),MISSING (no test cites this requirement),AUTOMATED_TEST,Active,priority MUST_HAVE
NFR-PLT-002,DOC-01,Runbook,MISSING (no schema object cites this requirement),MISSING (no API operation cites this requirement),MISSING (no test cites this requirement),AUTOMATED_TEST,Active,priority MUST_HAVE
NFR-PLT-003,DOC-01,MISSING (no main source file cites this requirement),MISSING (no schema object cites this requirement),MISSING (no API operation cites this requirement),MISSING (no test cites this requirement),AUTOMATED_TEST,Active,priority MUST_HAVE
NFR-PLT-004,DOC-01,N/A (verified by architecture review; the artifact is the review record; no code artifact is owed),N/A (verified by architecture review; the artifact is the review record; no code artifact is owed),N/A (verified by architecture review; the artifact is the review record; no code artifact is owed),N/A (verified by architecture review; the artifact is the review record; no automated test is owed),ARCHITECTURE_REVIEW,Active,priority MUST_HAVE
NFR-SBM-001,DOC-01,MISSING (no main source file cites this requirement),MISSING (no schema object cites this requirement),MISSING (no API operation cites this requirement),MISSING (no test cites this requirement),AUTOMATED_TEST,Active,priority MUST_HAVE
NFR-SBM-002,DOC-01,MISSING (no main source file cites this requirement),"component (table, V011__composition_analysis.sql)",MISSING (no API operation cites this requirement),MISSING (no test cites this requirement),AUTOMATED_TEST,Active,priority MUST_HAVE
NFR-SBM-003,DOC-01,MatchRun,MISSING (no schema object cites this requirement),MISSING (no API operation cites this requirement),CanonicalizationAndMatchRunTest#queuePrecedenceIsTotal,AUTOMATED_TEST,Active,priority MUST_HAVE
NFR-SEC-001,DOC-01,MISSING (no main source file cites this requirement),MISSING (no schema object cites this requirement),MISSING (no API operation cites this requirement),MISSING (no test cites this requirement),AUTOMATED_TEST,Active,priority MUST_HAVE
NFR-SEC-002,DOC-01,AutomationRule,"automation_rule (table, V009__work_management.sql)",MISSING (no API operation cites this requirement),MISSING (no test cites this requirement),AUTOMATED_TEST,Active,priority MUST_HAVE
NFR-UIX-001,DOC-01,MISSING (no main source file cites this requirement),MISSING (no schema object cites this requirement),MISSING (no API operation cites this requirement),MISSING (no test cites this requirement),AUTOMATED_TEST,Active,priority MUST_HAVE
NFR-UIX-002,DOC-01,N/A (verified by document inspection; no code artifact is owed),N/A (verified by document inspection; no code artifact is owed),N/A (verified by document inspection; no code artifact is owed),N/A (verified by document inspection; no automated test is owed),DOCUMENT_INSPECTION,Active,priority MUST_HAVE
NFR-UIX-003,DOC-01,N/A (verified by manual test; no code artifact is owed),N/A (verified by manual test; no code artifact is owed),N/A (verified by manual test; no code artifact is owed),N/A (verified by manual test; no automated test is owed),MANUAL_TEST,Active,priority SHOULD_HAVE
NFR-VUL-001,DOC-01,MISSING (no main source file cites this requirement),MISSING (no schema object cites this requirement),MISSING (no API operation cites this requirement),MISSING (no test cites this requirement),AUTOMATED_TEST,Active,priority MUST_HAVE
NFR-WRK-001,DOC-01,MISSING (no main source file cites this requirement),MISSING (no schema object cites this requirement),MISSING (no API operation cites this requirement),MISSING (no test cites this requirement),AUTOMATED_TEST,Active,priority MUST_HAVE
NFR-WRK-002,DOC-01,MISSING (no main source file cites this requirement),MISSING (no schema object cites this requirement),MISSING (no API operation cites this requirement),MISSING (no test cites this requirement),AUTOMATED_TEST,Active,priority MUST_HAVE
OPS-DEP-001,DOC-15,"N/A (verified by architecture review; the artifact is the review record, document inspection; no code artifact is owed)","N/A (verified by architecture review; the artifact is the review record, document inspection; no code artifact is owed)","N/A (verified by architecture review; the artifact is the review record, document inspection; no code artifact is owed)","N/A (verified by architecture review; the artifact is the review record, document inspection; no automated test is owed)",ARCHITECTURE_REVIEW|DOCUMENT_INSPECTION,Active,priority MUST_HAVE
OPS-DEP-002,DOC-15,N/A (verified by document inspection; no code artifact is owed),N/A (verified by document inspection; no code artifact is owed),N/A (verified by document inspection; no code artifact is owed),N/A (verified by document inspection; no automated test is owed),DOCUMENT_INSPECTION,Active,priority MUST_HAVE
OPS-DEP-003,DOC-15,package-info,MISSING (no schema object cites this requirement),MISSING (no API operation cites this requirement),MISSING (no test cites this requirement),ARCHITECTURE_REVIEW|AUTOMATED_TEST,Active,priority MUST_HAVE
OPS-DEP-004,DOC-15,RequestScope,MISSING (no schema object cites this requirement),MISSING (no API operation cites this requirement),MISSING (no test cites this requirement),AUTOMATED_TEST|DOCUMENT_INSPECTION,Active,priority MUST_HAVE
OPS-DEP-005,DOC-15,RuntimeUnit,MISSING (no schema object cites this requirement),MISSING (no API operation cites this requirement),DeploymentTopologyTest#everyUnitDeclaresLimits,AUTOMATED_TEST,Active,priority MUST_HAVE
OPS-DEP-006,DOC-15,RuntimeUnit,"N/A (verified by architecture review; the artifact is the review record, document inspection; no code artifact is owed)","N/A (verified by architecture review; the artifact is the review record, document inspection; no code artifact is owed)",DeploymentTopologyTest#matchWorkersAreIsolated,ARCHITECTURE_REVIEW|DOCUMENT_INSPECTION,Active,priority MUST_HAVE
OPS-DEP-007,DOC-15,EgressAllowlist; RuntimeUnit,MISSING (no schema object cites this requirement),MISSING (no API operation cites this requirement),DeploymentTopologyTest#egressIsPerUnit,AUTOMATED_TEST,Active,priority MUST_HAVE
OPS-DEP-008,DOC-15,AspmApplication; HttpRuntime; RuntimeUnit,MISSING (no schema object cites this requirement),MISSING (no API operation cites this requirement),ApplicationTierTest#theRealRouteTableConstructs; DeploymentTopologyTest#probesAreSeparate,AUTOMATED_TEST,Active,priority MUST_HAVE
OPS-DEP-009,DOC-15,AspmApplication; DatabaseCredential; src/deployment/build.gradle.kts,V001__tenant_context_and_enforcement.sql,MISSING (no API operation cites this requirement),DeploymentTopologyTest#bypassCredentialsAreAbsentFromRuntime; DeploymentTopologyTest#bypassUseIsAudited; DeploymentTopologyTest#runtimeUnitsGetTheEnforcedCredential; +2 more,AUTOMATED_TEST|CODE_REVIEW,Active,priority MUST_HAVE
OPS-DEP-010,DOC-15,ConnectionPoolPolicy; Dispatcher; IdentityService; +5 more,MISSING (no schema object cites this requirement),MISSING (no API operation cites this requirement),DeploymentTopologyTest#returnResetsSessionState; IsolationPathInventoryTest#restore,AUTOMATED_TEST|PENETRATION_TEST,Active,priority MUST_HAVE
OPS-DEP-011,DOC-15,PartitionPlan; Runbook,"audit_partition_runway_months (function, V002__audit_event.sql); ensure_audit_partitions (function, V002__audit_event.sql); ensure_automation_execution_partitions (function, V009__work_management.sql); +4 more",MISSING (no API operation cites this requirement),KernelPersistenceVerificationTest#aNewRangeTableIsCoveredWithoutTouchingTheReport; KernelPersistenceVerificationTest#everyRangePartitionedTableHasRunway; KernelPersistenceVerificationTest#hashPartitionCountsMatchTheRecordedBasis; +4 more,AUTOMATED_TEST,Active,priority MUST_HAVE
OPS-DEP-012,DOC-15,PartitionPlan,"component (table, V011__composition_analysis.sql); ensure_audit_partitions (function, V002__audit_event.sql); ensure_risk_score_partitions (function, V008__risk_and_service_levels.sql); +3 more",N/A (verified by document inspection; no code artifact is owed),KernelPersistenceVerificationTest#aBlankBasisIsRejected; KernelPersistenceVerificationTest#closedEdgeCannotBeReopened; KernelPersistenceVerificationTest#compositionPartitionCountsAligned; +3 more,DOCUMENT_INSPECTION,Active,priority MUST_HAVE
OPS-DEP-013,DOC-15,MISSING (no main source file cites this requirement),MISSING (no schema object cites this requirement),MISSING (no API operation cites this requirement),MISSING (no test cites this requirement),AUTOMATED_TEST,Active,priority MUST_HAVE
OPS-DEP-014,DOC-15,EgressAllowlist; RuntimeUnit,MISSING (no schema object cites this requirement),MISSING (no API operation cites this requirement),DeploymentTopologyTest#egressIsPerUnit,AUTOMATED_TEST|PENETRATION_TEST,Active,priority MUST_HAVE
OPS-DEP-015,DOC-15,EgressAllowlist,MISSING (no schema object cites this requirement),MISSING (no API operation cites this requirement),MISSING (no test cites this requirement),AUTOMATED_TEST|PENETRATION_TEST,Active,priority MUST_HAVE
OPS-DEP-016,DOC-15,HttpRuntime; ResourceCatalogue; ServingOrigin,MISSING (no schema object cites this requirement),MISSING (no API operation cites this requirement),DeploymentTopologyTest#uploadedContentIsADistinctOrigin,AUTOMATED_TEST|PENETRATION_TEST,Active,priority MUST_HAVE
OPS-DEP-017,DOC-15,HttpRuntime; RuntimeUnit,N/A (verified by architecture review; the artifact is the review record; no code artifact is owed),N/A (verified by architecture review; the artifact is the review record; no code artifact is owed),N/A (verified by architecture review; the artifact is the review record; no automated test is owed),ARCHITECTURE_REVIEW,Active,priority MUST_HAVE
OPS-DEP-018,DOC-15,MISSING (no main source file cites this requirement),MISSING (no schema object cites this requirement),MISSING (no API operation cites this requirement),MISSING (no test cites this requirement),AUTOMATED_TEST,Active,priority MUST_HAVE
OPS-DEP-019,DOC-15,MISSING (no main source file cites this requirement),MISSING (no schema object cites this requirement),MISSING (no API operation cites this requirement),MISSING (no test cites this requirement),AUTOMATED_TEST|CODE_REVIEW,Active,priority MUST_HAVE
OPS-DEP-020,DOC-15,N/A (verified by code review; the artifact is the review record; no code artifact is owed),N/A (verified by code review; the artifact is the review record; no code artifact is owed),N/A (verified by code review; the artifact is the review record; no code artifact is owed),N/A (verified by code review; the artifact is the review record; no automated test is owed),CODE_REVIEW,Active,priority MUST_HAVE
OPS-DEP-021,DOC-15,MISSING (no main source file cites this requirement),MISSING (no schema object cites this requirement),MISSING (no API operation cites this requirement),MISSING (no test cites this requirement),AUTOMATED_TEST,Active,priority MUST_HAVE
OPS-DEP-022,DOC-15,DatabaseCredential; Runbook,MISSING (no schema object cites this requirement),MISSING (no API operation cites this requirement),MISSING (no test cites this requirement),AUTOMATED_TEST,Active,priority MUST_HAVE
OPS-DEP-023,DOC-15,MISSING (no main source file cites this requirement),MISSING (no schema object cites this requirement),MISSING (no API operation cites this requirement),MISSING (no test cites this requirement),AUTOMATED_TEST|CODE_REVIEW,Active,priority MUST_HAVE
OPS-DEP-024,DOC-15,N/A (verified by document inspection; no code artifact is owed),N/A (verified by document inspection; no code artifact is owed),N/A (verified by document inspection; no code artifact is owed),N/A (verified by document inspection; no automated test is owed),DOCUMENT_INSPECTION,Active,priority MUST_HAVE
OPS-DEP-025,DOC-15,Runbook,MISSING (no schema object cites this requirement),MISSING (no API operation cites this requirement),MISSING (no test cites this requirement),AUTOMATED_TEST,Active,priority MUST_HAVE
OPS-DEP-026,DOC-15,PipelineGate; src/build.gradle.kts,MISSING (no schema object cites this requirement),MISSING (no API operation cites this requirement),PipelineAndRunbookTest#anExemptionIsRecordedAndReviewed; PipelineAndRunbookTest#tenBlockingGates; PipelineAndRunbookTest#theInvisibleFailureGatesArePresent,AUTOMATED_TEST|CODE_REVIEW,Active,priority MUST_HAVE
OPS-DEP-027,DOC-15,MISSING (no main source file cites this requirement),MISSING (no schema object cites this requirement),MISSING (no API operation cites this requirement),MISSING (no test cites this requirement),AUTOMATED_TEST|CODE_REVIEW,Active,priority MUST_HAVE
OPS-DEP-028,DOC-15,MISSING (no main source file cites this requirement),MISSING (no schema object cites this requirement),MISSING (no API operation cites this requirement),MISSING (no test cites this requirement),AUTOMATED_TEST,Active,priority MUST_HAVE
OPS-DEP-029,DOC-15,MISSING (no main source file cites this requirement),MISSING (no schema object cites this requirement),MISSING (no API operation cites this requirement),MISSING (no test cites this requirement),AUTOMATED_TEST,Active,priority MUST_HAVE
OPS-DEP-030,DOC-15,Runbook,MISSING (no schema object cites this requirement),MISSING (no API operation cites this requirement),MISSING (no test cites this requirement),AUTOMATED_TEST,Active,priority MUST_HAVE
OPS-DEP-031,DOC-15,DatabaseCredential; Runbook,"tenant_isolation_gaps (function, V001__tenant_context_and_enforcement.sql)",MISSING (no API operation cites this requirement),IsolationPathInventoryTest#fingerprintDeduplication,AUTOMATED_TEST,Active,priority MUST_HAVE
OPS-DEP-032,DOC-15,"N/A (verified by demonstration — a rehearsal or walkthrough, not a test; no code artifact is owed)","N/A (verified by demonstration — a rehearsal or walkthrough, not a test; no code artifact is owed)","N/A (verified by demonstration — a rehearsal or walkthrough, not a test; no code artifact is owed)","N/A (verified by demonstration — a rehearsal or walkthrough, not a test; no automated test is owed)",DEMONSTRATION,Active,priority MUST_HAVE
OPS-DEP-033,DOC-15,MISSING (no main source file cites this requirement),MISSING (no schema object cites this requirement),MISSING (no API operation cites this requirement),MISSING (no test cites this requirement),AUTOMATED_TEST,Active,priority MUST_HAVE
OPS-DEP-034,DOC-15,Runbook,"N/A (verified by demonstration — a rehearsal or walkthrough, not a test; no code artifact is owed)","N/A (verified by demonstration — a rehearsal or walkthrough, not a test; no code artifact is owed)","N/A (verified by demonstration — a rehearsal or walkthrough, not a test; no automated test is owed)",DEMONSTRATION,Active,priority MUST_HAVE
OPS-DEP-035,DOC-15,Runbook,MISSING (no schema object cites this requirement),MISSING (no API operation cites this requirement),IsolationPathInventoryTest#migration,AUTOMATED_TEST,Active,priority MUST_HAVE
OPS-DEP-036,DOC-15,MISSING (no main source file cites this requirement),MISSING (no schema object cites this requirement),MISSING (no API operation cites this requirement),MISSING (no test cites this requirement),AUTOMATED_TEST|DOCUMENT_INSPECTION,Active,priority MUST_HAVE
OPS-DEP-037,DOC-15,Runbook,MISSING (no schema object cites this requirement),MISSING (no API operation cites this requirement),MISSING (no test cites this requirement),AUTOMATED_TEST,Active,priority MUST_HAVE
OPS-DEP-038,DOC-15,Runbook,MISSING (no schema object cites this requirement),MISSING (no API operation cites this requirement),MISSING (no test cites this requirement),AUTOMATED_TEST,Active,priority MUST_HAVE
OPS-DEP-039,DOC-15,Runbook,MISSING (no schema object cites this requirement),MISSING (no API operation cites this requirement),MISSING (no test cites this requirement),AUTOMATED_TEST,Active,priority MUST_HAVE
OPS-DEP-040,DOC-15,"N/A (verified by demonstration — a rehearsal or walkthrough, not a test; no code artifact is owed)","N/A (verified by demonstration — a rehearsal or walkthrough, not a test; no code artifact is owed)","N/A (verified by demonstration — a rehearsal or walkthrough, not a test; no code artifact is owed)","N/A (verified by demonstration — a rehearsal or walkthrough, not a test; no automated test is owed)",DEMONSTRATION,Active,priority MUST_HAVE
OPS-DEP-041,DOC-15,"N/A (verified by demonstration — a rehearsal or walkthrough, not a test; no code artifact is owed)","N/A (verified by demonstration — a rehearsal or walkthrough, not a test; no code artifact is owed)","N/A (verified by demonstration — a rehearsal or walkthrough, not a test; no code artifact is owed)","N/A (verified by demonstration — a rehearsal or walkthrough, not a test; no automated test is owed)",DEMONSTRATION,Active,priority MUST_HAVE
OPS-DEP-042,DOC-15,Runbook,MISSING (no schema object cites this requirement),MISSING (no API operation cites this requirement),MISSING (no test cites this requirement),AUTOMATED_TEST,Active,priority MUST_HAVE
OPS-DEP-043,DOC-15,MISSING (no main source file cites this requirement),MISSING (no schema object cites this requirement),MISSING (no API operation cites this requirement),MISSING (no test cites this requirement),AUTOMATED_TEST|ARCHITECTURE_REVIEW,Active,priority MUST_HAVE
OPS-DEP-044,DOC-15,MISSING (no main source file cites this requirement),MISSING (no schema object cites this requirement),MISSING (no API operation cites this requirement),MISSING (no test cites this requirement),AUTOMATED_TEST|CODE_REVIEW,Active,priority MUST_HAVE
OPS-DEP-045,DOC-15,Runbook,"audit_anchor_gaps (function, V003__audit_chain_head_and_checkpoint.sql)",MISSING (no API operation cites this requirement),KernelPersistenceVerificationTest#unconfirmedAnchorIsReportable,AUTOMATED_TEST,Active,priority MUST_HAVE
OPS-DEP-046,DOC-15,Runbook,MISSING (no schema object cites this requirement),MISSING (no API operation cites this requirement),MISSING (no test cites this requirement),AUTOMATED_TEST,Active,priority MUST_HAVE
OPS-DEP-047,DOC-15,Runbook,MISSING (no schema object cites this requirement),MISSING (no API operation cites this requirement),MISSING (no test cites this requirement),AUTOMATED_TEST,Active,priority MUST_HAVE
OPS-DEP-048,DOC-15,N/A (verified by document inspection; no code artifact is owed),N/A (verified by document inspection; no code artifact is owed),N/A (verified by document inspection; no code artifact is owed),N/A (verified by document inspection; no automated test is owed),DOCUMENT_INSPECTION,Active,priority MUST_HAVE
OPS-DEP-049,DOC-15,Runbook,"N/A (verified by demonstration — a rehearsal or walkthrough, not a test; no code artifact is owed)","N/A (verified by demonstration — a rehearsal or walkthrough, not a test; no code artifact is owed)",PipelineAndRunbookTest#nothingIsRehearsedYet,DEMONSTRATION,Active,priority MUST_HAVE
OPS-DEP-050,DOC-15,Runbook,N/A (verified by document inspection; no code artifact is owed),N/A (verified by document inspection; no code artifact is owed),PipelineAndRunbookTest#containmentBeforeDiagnosis,DOCUMENT_INSPECTION,Active,priority MUST_HAVE
PRD-AIC-001,DOC-01,MISSING (no main source file cites this requirement),MISSING (no schema object cites this requirement),MISSING (no API operation cites this requirement),MISSING (no test cites this requirement),AUTOMATED_TEST,Active,priority MUST_HAVE
PRD-AIC-002,DOC-01,MISSING (no main source file cites this requirement),MISSING (no schema object cites this requirement),MISSING (no API operation cites this requirement),MISSING (no test cites this requirement),AUTOMATED_TEST,Active,priority MUST_HAVE
PRD-AIC-003,DOC-01,MISSING (no main source file cites this requirement),MISSING (no schema object cites this requirement),MISSING (no API operation cites this requirement),MISSING (no test cites this requirement),AUTOMATED_TEST,Active,priority MUST_HAVE
PRD-AIC-004,DOC-01,MISSING (no main source file cites this requirement),MISSING (no schema object cites this requirement),MISSING (no API operation cites this requirement),MISSING (no test cites this requirement),AUTOMATED_TEST|MANUAL_TEST,Active,priority MUST_HAVE
PRD-AIC-005,DOC-01,MISSING (no main source file cites this requirement),MISSING (no schema object cites this requirement),MISSING (no API operation cites this requirement),MISSING (no test cites this requirement),AUTOMATED_TEST,Active,priority MUST_HAVE
PRD-AIC-006,DOC-01,MISSING (no main source file cites this requirement),MISSING (no schema object cites this requirement),MISSING (no API operation cites this requirement),MISSING (no test cites this requirement),AUTOMATED_TEST|PENETRATION_TEST,Active,priority MUST_HAVE
PRD-AIC-007,DOC-01,MISSING (no main source file cites this requirement),MISSING (no schema object cites this requirement),MISSING (no API operation cites this requirement),MISSING (no test cites this requirement),AUTOMATED_TEST,Active,priority MUST_HAVE
PRD-AIC-008,DOC-01,ConstrainedRichText,MISSING (no schema object cites this requirement),MISSING (no API operation cites this requirement),CollaborationTest#textExitIsGreppable,AUTOMATED_TEST,Active,priority MUST_HAVE
PRD-AIC-009,DOC-01,MISSING (no main source file cites this requirement),MISSING (no schema object cites this requirement),MISSING (no API operation cites this requirement),MISSING (no test cites this requirement),AUTOMATED_TEST|CODE_REVIEW,Active,priority MUST_HAVE
PRD-AIC-010,DOC-01,MISSING (no main source file cites this requirement),MISSING (no schema object cites this requirement),MISSING (no API operation cites this requirement),MISSING (no test cites this requirement),AUTOMATED_TEST,Active,priority MUST_HAVE
PRD-AIC-011,DOC-01,MISSING (no main source file cites this requirement),MISSING (no schema object cites this requirement),MISSING (no API operation cites this requirement),MISSING (no test cites this requirement),AUTOMATED_TEST,Active,priority MUST_HAVE
PRD-AIC-012,DOC-01,MISSING (no main source file cites this requirement),MISSING (no schema object cites this requirement),MISSING (no API operation cites this requirement),MISSING (no test cites this requirement),AUTOMATED_TEST,Active,priority MUST_HAVE
PRD-AIC-013,DOC-01,MISSING (no main source file cites this requirement),MISSING (no schema object cites this requirement),MISSING (no API operation cites this requirement),MISSING (no test cites this requirement),AUTOMATED_TEST,Active,priority MUST_HAVE
PRD-AIC-014,DOC-01,N/A (verified by manual test; no code artifact is owed),N/A (verified by manual test; no code artifact is owed),N/A (verified by manual test; no code artifact is owed),N/A (verified by manual test; no automated test is owed),MANUAL_TEST,Active,priority MUST_HAVE
PRD-AIC-015,DOC-01,N/A (verified by manual test; no code artifact is owed),N/A (verified by manual test; no code artifact is owed),N/A (verified by manual test; no code artifact is owed),N/A (verified by manual test; no automated test is owed),MANUAL_TEST,Active,priority MUST_HAVE
PRD-AIC-016,DOC-01,N/A (verified by manual test; no code artifact is owed),N/A (verified by manual test; no code artifact is owed),N/A (verified by manual test; no code artifact is owed),N/A (verified by manual test; no automated test is owed),MANUAL_TEST,Active,priority SHOULD_HAVE
PRD-AIC-017,DOC-01,N/A (verified by manual test; no code artifact is owed),N/A (verified by manual test; no code artifact is owed),N/A (verified by manual test; no code artifact is owed),N/A (verified by manual test; no automated test is owed),MANUAL_TEST,Active,priority SHOULD_HAVE
PRD-AIC-018,DOC-01,N/A (verified by manual test; no code artifact is owed),N/A (verified by manual test; no code artifact is owed),N/A (verified by manual test; no code artifact is owed),N/A (verified by manual test; no automated test is owed),MANUAL_TEST,Active,priority SHOULD_HAVE
PRD-AIC-019,DOC-01,"N/A (verified by demonstration — a rehearsal or walkthrough, not a test; no code artifact is owed)","N/A (verified by demonstration — a rehearsal or walkthrough, not a test; no code artifact is owed)","N/A (verified by demonstration — a rehearsal or walkthrough, not a test; no code artifact is owed)","N/A (verified by demonstration — a rehearsal or walkthrough, not a test; no automated test is owed)",DEMONSTRATION,Active,priority SHOULD_HAVE
PRD-AIC-020,DOC-01,N/A (verified by document inspection; no code artifact is owed),N/A (verified by document inspection; no code artifact is owed),N/A (verified by document inspection; no code artifact is owed),N/A (verified by document inspection; no automated test is owed),DOCUMENT_INSPECTION,Active,priority MUST_HAVE
PRD-AIC-021,DOC-10,AiAssistanceModule; package-info,MISSING (no schema object cites this requirement),MISSING (no API operation cites this requirement),AiContainmentTest#<class-level citation>; AiContainmentTest#noCompileTimeDependencyOnADomainModule; AiContainmentTest#noWriteGrantInAnyMigration; +1 more,AUTOMATED_TEST|ARCHITECTURE_REVIEW,Active,priority MUST_HAVE
PRD-AIC-022,DOC-10,MISSING (no main source file cites this requirement),MISSING (no schema object cites this requirement),MISSING (no API operation cites this requirement),MISSING (no test cites this requirement),AUTOMATED_TEST|CODE_REVIEW,Active,priority MUST_HAVE
PRD-AIC-023,DOC-10,Runbook,MISSING (no schema object cites this requirement),MISSING (no API operation cites this requirement),MISSING (no test cites this requirement),AUTOMATED_TEST,Active,priority MUST_HAVE
PRD-AIC-024,DOC-10,MISSING (no main source file cites this requirement),MISSING (no schema object cites this requirement),MISSING (no API operation cites this requirement),MISSING (no test cites this requirement),AUTOMATED_TEST|DOCUMENT_INSPECTION,Active,priority MUST_HAVE
PRD-AIC-025,DOC-10,MISSING (no main source file cites this requirement),MISSING (no schema object cites this requirement),MISSING (no API operation cites this requirement),MISSING (no test cites this requirement),AUTOMATED_TEST,Active,priority MUST_HAVE
PRD-AIC-026,DOC-10,MISSING (no main source file cites this requirement),MISSING (no schema object cites this requirement),MISSING (no API operation cites this requirement),MISSING (no test cites this requirement),AUTOMATED_TEST,Active,priority MUST_HAVE
PRD-AIC-027,DOC-10,MISSING (no main source file cites this requirement),MISSING (no schema object cites this requirement),MISSING (no API operation cites this requirement),MISSING (no test cites this requirement),AUTOMATED_TEST|PENETRATION_TEST,Active,priority MUST_HAVE
PRD-AIC-028,DOC-10,MISSING (no main source file cites this requirement),MISSING (no schema object cites this requirement),MISSING (no API operation cites this requirement),MISSING (no test cites this requirement),AUTOMATED_TEST,Active,priority MUST_HAVE
PRD-AIC-029,DOC-10,MISSING (no main source file cites this requirement),MISSING (no schema object cites this requirement),MISSING (no API operation cites this requirement),MISSING (no test cites this requirement),AUTOMATED_TEST|CODE_REVIEW,Active,priority MUST_HAVE
PRD-AIC-030,DOC-10,MISSING (no main source file cites this requirement),MISSING (no schema object cites this requirement),MISSING (no API operation cites this requirement),MISSING (no test cites this requirement),AUTOMATED_TEST|PENETRATION_TEST,Active,priority MUST_HAVE
PRD-AIC-031,DOC-10,MISSING (no main source file cites this requirement),MISSING (no schema object cites this requirement),MISSING (no API operation cites this requirement),MISSING (no test cites this requirement),AUTOMATED_TEST,Active,priority MUST_HAVE
PRD-AIC-032,DOC-10,MISSING (no main source file cites this requirement),MISSING (no schema object cites this requirement),MISSING (no API operation cites this requirement),MISSING (no test cites this requirement),AUTOMATED_TEST,Active,priority MUST_HAVE
PRD-AIC-033,DOC-10,MISSING (no main source file cites this requirement),MISSING (no schema object cites this requirement),MISSING (no API operation cites this requirement),MISSING (no test cites this requirement),AUTOMATED_TEST,Active,priority MUST_HAVE
PRD-AIC-034,DOC-10,EvaluationHarness; NarrativeBinding,MISSING (no schema object cites this requirement),MISSING (no API operation cites this requirement),AiAssistanceTest#<class-level citation>,AUTOMATED_TEST,Active,priority MUST_HAVE
PRD-AIC-035,DOC-10,MISSING (no main source file cites this requirement),MISSING (no schema object cites this requirement),MISSING (no API operation cites this requirement),MISSING (no test cites this requirement),AUTOMATED_TEST,Active,priority MUST_HAVE
PRD-AIC-036,DOC-10,MISSING (no main source file cites this requirement),MISSING (no schema object cites this requirement),MISSING (no API operation cites this requirement),MISSING (no test cites this requirement),AUTOMATED_TEST|DOCUMENT_INSPECTION,Active,priority MUST_HAVE
PRD-AIC-037,DOC-10,MISSING (no main source file cites this requirement),MISSING (no schema object cites this requirement),MISSING (no API operation cites this requirement),MISSING (no test cites this requirement),AUTOMATED_TEST|CODE_REVIEW,Active,priority MUST_HAVE
PRD-AIC-038,DOC-10,MISSING (no main source file cites this requirement),MISSING (no schema object cites this requirement),MISSING (no API operation cites this requirement),MISSING (no test cites this requirement),AUTOMATED_TEST,Active,priority SHOULD_HAVE
PRD-AIC-039,DOC-10,MISSING (no main source file cites this requirement),MISSING (no schema object cites this requirement),MISSING (no API operation cites this requirement),MISSING (no test cites this requirement),AUTOMATED_TEST|CODE_REVIEW,Active,priority MUST_HAVE
PRD-AIC-040,DOC-10,MISSING (no main source file cites this requirement),MISSING (no schema object cites this requirement),MISSING (no API operation cites this requirement),MISSING (no test cites this requirement),AUTOMATED_TEST|CODE_REVIEW,Active,priority MUST_HAVE
PRD-AIC-041,DOC-10,MISSING (no main source file cites this requirement),MISSING (no schema object cites this requirement),MISSING (no API operation cites this requirement),MISSING (no test cites this requirement),AUTOMATED_TEST,Active,priority MUST_HAVE
PRD-AIC-042,DOC-10,MISSING (no main source file cites this requirement),MISSING (no schema object cites this requirement),MISSING (no API operation cites this requirement),MISSING (no test cites this requirement),AUTOMATED_TEST,Active,priority MUST_HAVE
PRD-AIC-043,DOC-10,MISSING (no main source file cites this requirement),MISSING (no schema object cites this requirement),MISSING (no API operation cites this requirement),MISSING (no test cites this requirement),AUTOMATED_TEST,Active,priority MUST_HAVE
PRD-AIC-044,DOC-10,MISSING (no main source file cites this requirement),MISSING (no schema object cites this requirement),MISSING (no API operation cites this requirement),MISSING (no test cites this requirement),AUTOMATED_TEST,Active,priority MUST_HAVE
PRD-AIC-045,DOC-10,MISSING (no main source file cites this requirement),MISSING (no schema object cites this requirement),MISSING (no API operation cites this requirement),MISSING (no test cites this requirement),AUTOMATED_TEST,Active,priority MUST_HAVE
PRD-AIC-046,DOC-10,MISSING (no main source file cites this requirement),MISSING (no schema object cites this requirement),MISSING (no API operation cites this requirement),MISSING (no test cites this requirement),AUTOMATED_TEST|MANUAL_TEST,Active,priority MUST_HAVE
PRD-AIC-047,DOC-10,MISSING (no main source file cites this requirement),MISSING (no schema object cites this requirement),MISSING (no API operation cites this requirement),MISSING (no test cites this requirement),AUTOMATED_TEST,Active,priority MUST_HAVE
PRD-AIC-048,DOC-10,MISSING (no main source file cites this requirement),MISSING (no schema object cites this requirement),MISSING (no API operation cites this requirement),MISSING (no test cites this requirement),AUTOMATED_TEST|DEMONSTRATION,Active,priority MUST_HAVE
PRD-AIC-049,DOC-10,EvaluationHarness; PipelineGate,MISSING (no schema object cites this requirement),MISSING (no API operation cites this requirement),AiAssistanceTest#failuresCarryDetail; AiAssistanceTest#fiveAbsolutes; AiAssistanceTest#placeholderGrammarIsNarrow,AUTOMATED_TEST,Active,priority MUST_HAVE
PRD-AIC-050,DOC-10,EvaluationHarness,MISSING (no schema object cites this requirement),MISSING (no API operation cites this requirement),AiAssistanceTest#fourTriggers,AUTOMATED_TEST,Active,priority MUST_HAVE
PRD-AIC-051,DOC-10,MISSING (no main source file cites this requirement),MISSING (no schema object cites this requirement),MISSING (no API operation cites this requirement),MISSING (no test cites this requirement),AUTOMATED_TEST,Active,priority MUST_HAVE
PRD-AIC-052,DOC-10,"N/A (verified by demonstration — a rehearsal or walkthrough, not a test; no code artifact is owed)","N/A (verified by demonstration — a rehearsal or walkthrough, not a test; no code artifact is owed)","N/A (verified by demonstration — a rehearsal or walkthrough, not a test; no code artifact is owed)","N/A (verified by demonstration — a rehearsal or walkthrough, not a test; no automated test is owed)",DEMONSTRATION,Active,priority SHOULD_HAVE
PRD-AIC-053,DOC-10,MISSING (no main source file cites this requirement),MISSING (no schema object cites this requirement),MISSING (no API operation cites this requirement),MISSING (no test cites this requirement),AUTOMATED_TEST,Active,priority MUST_HAVE
PRD-AIC-054,DOC-10,MISSING (no main source file cites this requirement),MISSING (no schema object cites this requirement),MISSING (no API operation cites this requirement),MISSING (no test cites this requirement),AUTOMATED_TEST,Active,priority MUST_HAVE
PRD-AIC-055,DOC-10,MISSING (no main source file cites this requirement),MISSING (no schema object cites this requirement),MISSING (no API operation cites this requirement),MISSING (no test cites this requirement),AUTOMATED_TEST,Active,priority MUST_HAVE
PRD-AIC-056,DOC-10,MISSING (no main source file cites this requirement),MISSING (no schema object cites this requirement),MISSING (no API operation cites this requirement),MISSING (no test cites this requirement),AUTOMATED_TEST|ARCHITECTURE_REVIEW,Active,priority MUST_HAVE
PRD-API-001,DOC-01,MISSING (no main source file cites this requirement),MISSING (no schema object cites this requirement),MISSING (no API operation cites this requirement),MISSING (no test cites this requirement),AUTOMATED_TEST,Active,priority MUST_HAVE
PRD-API-002,DOC-01,N/A (verified by document inspection; no code artifact is owed),N/A (verified by document inspection; no code artifact is owed),N/A (verified by document inspection; no code artifact is owed),N/A (verified by document inspection; no automated test is owed),DOCUMENT_INSPECTION,Active,priority MUST_HAVE
PRD-API-003,DOC-01,MISSING (no main source file cites this requirement),MISSING (no schema object cites this requirement),MISSING (no API operation cites this requirement),MISSING (no test cites this requirement),AUTOMATED_TEST,Active,priority MUST_HAVE
PRD-API-004,DOC-01,JdbcTenantScopedAccess,MISSING (no schema object cites this requirement),MISSING (no API operation cites this requirement),IsolationPathInventoryTest#secretResolution,AUTOMATED_TEST,Active,priority MUST_HAVE
PRD-API-005,DOC-01,MISSING (no main source file cites this requirement),MISSING (no schema object cites this requirement),MISSING (no API operation cites this requirement),MISSING (no test cites this requirement),AUTOMATED_TEST,Active,priority MUST_HAVE
PRD-API-006,DOC-01,ResourceEndpoint,MISSING (no schema object cites this requirement),MISSING (no API operation cites this requirement),MISSING (no test cites this requirement),AUTOMATED_TEST,Active,priority MUST_HAVE
PRD-API-007,DOC-01,MISSING (no main source file cites this requirement),MISSING (no schema object cites this requirement),MISSING (no API operation cites this requirement),MISSING (no test cites this requirement),AUTOMATED_TEST,Active,priority MUST_HAVE
PRD-API-008,DOC-01,MISSING (no main source file cites this requirement),MISSING (no schema object cites this requirement),MISSING (no API operation cites this requirement),MISSING (no test cites this requirement),AUTOMATED_TEST|PENETRATION_TEST,Active,priority MUST_HAVE
PRD-API-009,DOC-01,MISSING (no main source file cites this requirement),MISSING (no schema object cites this requirement),MISSING (no API operation cites this requirement),MISSING (no test cites this requirement),AUTOMATED_TEST,Active,priority MUST_HAVE
PRD-API-010,DOC-01,MISSING (no main source file cites this requirement),MISSING (no schema object cites this requirement),MISSING (no API operation cites this requirement),MISSING (no test cites this requirement),AUTOMATED_TEST|PENETRATION_TEST,Active,priority MUST_HAVE
PRD-API-011,DOC-01,Json,MISSING (no schema object cites this requirement),MISSING (no API operation cites this requirement),MISSING (no test cites this requirement),AUTOMATED_TEST,Active,priority MUST_HAVE
PRD-API-012,DOC-01,MISSING (no main source file cites this requirement),MISSING (no schema object cites this requirement),MISSING (no API operation cites this requirement),MISSING (no test cites this requirement),AUTOMATED_TEST,Active,priority MUST_HAVE
PRD-API-013,DOC-01,MISSING (no main source file cites this requirement),MISSING (no schema object cites this requirement),MISSING (no API operation cites this requirement),MISSING (no test cites this requirement),AUTOMATED_TEST,Active,priority MUST_HAVE
PRD-API-014,DOC-01,N/A (verified by document inspection; no code artifact is owed),N/A (verified by document inspection; no code artifact is owed),N/A (verified by document inspection; no code artifact is owed),N/A (verified by document inspection; no automated test is owed),DOCUMENT_INSPECTION,Active,priority MUST_HAVE
PRD-API-015,DOC-05,MISSING (no main source file cites this requirement),MISSING (no schema object cites this requirement),MISSING (no API operation cites this requirement),MISSING (no test cites this requirement),AUTOMATED_TEST|PENETRATION_TEST,Active,priority MUST_HAVE
PRD-API-016,DOC-05,MISSING (no main source file cites this requirement),MISSING (no schema object cites this requirement),MISSING (no API operation cites this requirement),MISSING (no test cites this requirement),AUTOMATED_TEST,Active,priority MUST_HAVE
PRD-API-017,DOC-05,N/A (verified by document inspection; no code artifact is owed),N/A (verified by document inspection; no code artifact is owed),N/A (verified by document inspection; no code artifact is owed),N/A (verified by document inspection; no automated test is owed),DOCUMENT_INSPECTION,Active,priority MUST_HAVE
PRD-API-018,DOC-05,MISSING (no main source file cites this requirement),MISSING (no schema object cites this requirement),MISSING (no API operation cites this requirement),MISSING (no test cites this requirement),AUTOMATED_TEST,Active,priority MUST_HAVE
PRD-API-019,DOC-05,Dispatcher; PathTemplate,"N/A (verified by code review; the artifact is the review record, document inspection; no code artifact is owed)",AnnotationClass; OperationRegistry; PlatformOperations,ApiFrameworkTest#classificationsMatchTheDocument; ApiFrameworkTest#unregisteredOperationDoesNotResolve; ApplicationTierTest#everyOperationIsAnnotated,DOCUMENT_INSPECTION|CODE_REVIEW,Active,priority MUST_HAVE
PRD-API-020,DOC-05,DataTable; ResourceGroup,MISSING (no schema object cites this requirement),RequestValidation,ApiFrameworkTest#unknownFieldsRejected,AUTOMATED_TEST,Active,priority MUST_HAVE
PRD-API-021,DOC-05,DenialReason,"rm_finding_index (table, V012__read_models.sql)",DenialResponse,ApiFrameworkTest#idempotencyKeysAreTenantNamespaced; ApiFrameworkTest#timingIsIndistinguishableAcrossManySamples; AuthorizationAssertionInventoryTest#denialDoesNotDifferentiate,AUTOMATED_TEST|PENETRATION_TEST,Active,priority MUST_HAVE
PRD-API-022,DOC-05,MISSING (no main source file cites this requirement),MISSING (no schema object cites this requirement),MISSING (no API operation cites this requirement),MISSING (no test cites this requirement),AUTOMATED_TEST,Active,priority MUST_HAVE
PRD-API-023,DOC-05,MISSING (no main source file cites this requirement),MISSING (no schema object cites this requirement),MISSING (no API operation cites this requirement),MISSING (no test cites this requirement),AUTOMATED_TEST|PENETRATION_TEST,Active,priority MUST_HAVE
PRD-API-024,DOC-05,MISSING (no main source file cites this requirement),MISSING (no schema object cites this requirement),MISSING (no API operation cites this requirement),MISSING (no test cites this requirement),AUTOMATED_TEST,Active,priority MUST_HAVE
PRD-API-025,DOC-05,N/A (verified by architecture review; the artifact is the review record; no code artifact is owed),N/A (verified by architecture review; the artifact is the review record; no code artifact is owed),N/A (verified by architecture review; the artifact is the review record; no code artifact is owed),N/A (verified by architecture review; the artifact is the review record; no automated test is owed),ARCHITECTURE_REVIEW,Active,priority MUST_HAVE
PRD-API-026,DOC-05,MISSING (no main source file cites this requirement),MISSING (no schema object cites this requirement),MISSING (no API operation cites this requirement),MISSING (no test cites this requirement),AUTOMATED_TEST|PENETRATION_TEST,Active,priority MUST_HAVE
PRD-API-027,DOC-05,MISSING (no main source file cites this requirement),MISSING (no schema object cites this requirement),MISSING (no API operation cites this requirement),MISSING (no test cites this requirement),AUTOMATED_TEST,Active,priority MUST_HAVE
PRD-API-028,DOC-05,MISSING (no main source file cites this requirement),MISSING (no schema object cites this requirement),MISSING (no API operation cites this requirement),MISSING (no test cites this requirement),AUTOMATED_TEST|PENETRATION_TEST,Active,priority MUST_HAVE
PRD-API-029,DOC-05,MISSING (no main source file cites this requirement),MISSING (no schema object cites this requirement),MISSING (no API operation cites this requirement),MISSING (no test cites this requirement),AUTOMATED_TEST,Active,priority MUST_HAVE
PRD-API-030,DOC-05,MISSING (no main source file cites this requirement),MISSING (no schema object cites this requirement),MISSING (no API operation cites this requirement),MISSING (no test cites this requirement),AUTOMATED_TEST,Active,priority MUST_HAVE
PRD-API-031,DOC-05,MISSING (no main source file cites this requirement),MISSING (no schema object cites this requirement),MISSING (no API operation cites this requirement),MISSING (no test cites this requirement),AUTOMATED_TEST,Active,priority MUST_HAVE
PRD-API-032,DOC-05,MISSING (no main source file cites this requirement),MISSING (no schema object cites this requirement),MISSING (no API operation cites this requirement),MISSING (no test cites this requirement),AUTOMATED_TEST|PENETRATION_TEST,Active,priority MUST_HAVE
PRD-API-033,DOC-05,SecretRef,MISSING (no schema object cites this requirement),MISSING (no API operation cites this requirement),IntakeTest#<class-level citation>; IntakeTest#plaintextRejected; IntakeTest#rejectedValueIsNotEchoed,AUTOMATED_TEST|CODE_REVIEW,Active,priority MUST_HAVE
PRD-API-034,DOC-05,MISSING (no main source file cites this requirement),MISSING (no schema object cites this requirement),MISSING (no API operation cites this requirement),MISSING (no test cites this requirement),AUTOMATED_TEST|PENETRATION_TEST,Active,priority MUST_HAVE
PRD-API-035,DOC-05,MISSING (no main source file cites this requirement),MISSING (no schema object cites this requirement),MISSING (no API operation cites this requirement),MISSING (no test cites this requirement),AUTOMATED_TEST|PENETRATION_TEST,Active,priority MUST_HAVE
PRD-API-036,DOC-05,AdminPages; Dispatcher; InterfaceResource; +3 more,MISSING (no schema object cites this requirement),PlatformOperations,ApplicationTierTest#anUnroutedOperationIsRefused; ApplicationTierTest#refusalIsIndistinguishableFromAbsence; OperationManifestTest#writeManifest,AUTOMATED_TEST,Active,priority MUST_HAVE
PRD-API-037,DOC-05,MISSING (no main source file cites this requirement),MISSING (no schema object cites this requirement),MISSING (no API operation cites this requirement),MISSING (no test cites this requirement),AUTOMATED_TEST,Active,priority MUST_HAVE
PRD-API-038,DOC-05,SbomEndpoint; SbomIngestion,MISSING (no schema object cites this requirement),MISSING (no API operation cites this requirement),OperationManifestTest#writeManifest,AUTOMATED_TEST,Active,priority MUST_HAVE
PRD-API-039,DOC-05,SbomIngestion,MISSING (no schema object cites this requirement),MISSING (no API operation cites this requirement),OperationManifestTest#writeManifest,AUTOMATED_TEST,Active,priority MUST_HAVE
PRD-API-040,DOC-05,MISSING (no main source file cites this requirement),MISSING (no schema object cites this requirement),MISSING (no API operation cites this requirement),MISSING (no test cites this requirement),AUTOMATED_TEST|PENETRATION_TEST,Active,priority MUST_HAVE
PRD-API-041,DOC-05,MISSING (no main source file cites this requirement),MISSING (no schema object cites this requirement),MISSING (no API operation cites this requirement),MISSING (no test cites this requirement),AUTOMATED_TEST|PENETRATION_TEST,Active,priority MUST_HAVE
PRD-API-042,DOC-05,MISSING (no main source file cites this requirement),MISSING (no schema object cites this requirement),MISSING (no API operation cites this requirement),MISSING (no test cites this requirement),AUTOMATED_TEST|PENETRATION_TEST,Active,priority MUST_HAVE
PRD-API-043,DOC-05,MISSING (no main source file cites this requirement),MISSING (no schema object cites this requirement),MISSING (no API operation cites this requirement),MISSING (no test cites this requirement),AUTOMATED_TEST|CODE_REVIEW,Active,priority MUST_HAVE
PRD-API-044,DOC-05,MISSING (no main source file cites this requirement),MISSING (no schema object cites this requirement),MISSING (no API operation cites this requirement),MISSING (no test cites this requirement),AUTOMATED_TEST|PENETRATION_TEST,Active,priority MUST_HAVE
PRD-API-045,DOC-05,MISSING (no main source file cites this requirement),MISSING (no schema object cites this requirement),MISSING (no API operation cites this requirement),MISSING (no test cites this requirement),AUTOMATED_TEST|PENETRATION_TEST,Active,priority MUST_HAVE
PRD-API-046,DOC-05,MISSING (no main source file cites this requirement),MISSING (no schema object cites this requirement),MISSING (no API operation cites this requirement),MISSING (no test cites this requirement),AUTOMATED_TEST,Active,priority MUST_HAVE
PRD-API-047,DOC-05,MISSING (no main source file cites this requirement),MISSING (no schema object cites this requirement),MISSING (no API operation cites this requirement),MISSING (no test cites this requirement),AUTOMATED_TEST|CODE_REVIEW,Active,priority MUST_HAVE
PRD-API-048,DOC-05,MISSING (no main source file cites this requirement),MISSING (no schema object cites this requirement),MISSING (no API operation cites this requirement),MISSING (no test cites this requirement),AUTOMATED_TEST|DOCUMENT_INSPECTION,Active,priority MUST_HAVE
PRD-API-049,DOC-05,MISSING (no main source file cites this requirement),MISSING (no schema object cites this requirement),MISSING (no API operation cites this requirement),MISSING (no test cites this requirement),AUTOMATED_TEST|PENETRATION_TEST,Active,priority MUST_HAVE
PRD-API-050,DOC-05,MISSING (no main source file cites this requirement),MISSING (no schema object cites this requirement),MISSING (no API operation cites this requirement),MISSING (no test cites this requirement),AUTOMATED_TEST,Active,priority MUST_HAVE
PRD-API-051,DOC-05,MISSING (no main source file cites this requirement),MISSING (no schema object cites this requirement),MISSING (no API operation cites this requirement),MISSING (no test cites this requirement),AUTOMATED_TEST|PENETRATION_TEST,Active,priority MUST_HAVE
PRD-API-052,DOC-05,MISSING (no main source file cites this requirement),MISSING (no schema object cites this requirement),MISSING (no API operation cites this requirement),MISSING (no test cites this requirement),AUTOMATED_TEST,Active,priority MUST_HAVE
PRD-API-053,DOC-05,MISSING (no main source file cites this requirement),MISSING (no schema object cites this requirement),MISSING (no API operation cites this requirement),MISSING (no test cites this requirement),AUTOMATED_TEST|PENETRATION_TEST,Active,priority MUST_HAVE
PRD-API-054,DOC-05,MISSING (no main source file cites this requirement),MISSING (no schema object cites this requirement),MISSING (no API operation cites this requirement),MISSING (no test cites this requirement),AUTOMATED_TEST|PENETRATION_TEST,Active,priority MUST_HAVE
PRD-ASM-001,DOC-01,MISSING (no main source file cites this requirement),MISSING (no schema object cites this requirement),MISSING (no API operation cites this requirement),MISSING (no test cites this requirement),AUTOMATED_TEST,Active,priority MUST_HAVE
PRD-ASM-002,DOC-01,MISSING (no main source file cites this requirement),MISSING (no schema object cites this requirement),MISSING (no API operation cites this requirement),MISSING (no test cites this requirement),AUTOMATED_TEST,Active,priority MUST_HAVE
PRD-ASM-003,DOC-01,MISSING (no main source file cites this requirement),MISSING (no schema object cites this requirement),MISSING (no API operation cites this requirement),OperationManifestTest#<class-level citation>; OperationManifestTest#writeManifest,AUTOMATED_TEST,Active,priority MUST_HAVE
PRD-ASM-004,DOC-01,MISSING (no main source file cites this requirement),MISSING (no schema object cites this requirement),MISSING (no API operation cites this requirement),MISSING (no test cites this requirement),AUTOMATED_TEST,Active,priority MUST_HAVE
PRD-ASM-005,DOC-01,MISSING (no main source file cites this requirement),MISSING (no schema object cites this requirement),MISSING (no API operation cites this requirement),MISSING (no test cites this requirement),AUTOMATED_TEST,Active,priority MUST_HAVE
PRD-ASM-006,DOC-01,MISSING (no main source file cites this requirement),MISSING (no schema object cites this requirement),MISSING (no API operation cites this requirement),MISSING (no test cites this requirement),AUTOMATED_TEST,Active,priority MUST_HAVE
PRD-ASM-007,DOC-01,MISSING (no main source file cites this requirement),MISSING (no schema object cites this requirement),MISSING (no API operation cites this requirement),MISSING (no test cites this requirement),AUTOMATED_TEST,Active,priority MUST_HAVE
PRD-ASM-008,DOC-01,MISSING (no main source file cites this requirement),MISSING (no schema object cites this requirement),MISSING (no API operation cites this requirement),MISSING (no test cites this requirement),AUTOMATED_TEST,Active,priority SHOULD_HAVE
PRD-ASM-009,DOC-01,MISSING (no main source file cites this requirement),MISSING (no schema object cites this requirement),MISSING (no API operation cites this requirement),MISSING (no test cites this requirement),AUTOMATED_TEST,Active,priority MUST_HAVE
PRD-ASM-010,DOC-01,MISSING (no main source file cites this requirement),MISSING (no schema object cites this requirement),MISSING (no API operation cites this requirement),MISSING (no test cites this requirement),AUTOMATED_TEST,Active,priority SHOULD_HAVE
PRD-ASM-011,DOC-01,MISSING (no main source file cites this requirement),MISSING (no schema object cites this requirement),MISSING (no API operation cites this requirement),MISSING (no test cites this requirement),AUTOMATED_TEST,Active,priority SHOULD_HAVE
PRD-ASM-012,DOC-01,Evidence,MISSING (no schema object cites this requirement),MISSING (no API operation cites this requirement),MISSING (no test cites this requirement),PENETRATION_TEST|AUTOMATED_TEST,Active,priority MUST_HAVE
PRD-ASM-013,DOC-01,"N/A (verified by demonstration — a rehearsal or walkthrough, not a test; no code artifact is owed)","N/A (verified by demonstration — a rehearsal or walkthrough, not a test; no code artifact is owed)","N/A (verified by demonstration — a rehearsal or walkthrough, not a test; no code artifact is owed)","N/A (verified by demonstration — a rehearsal or walkthrough, not a test; no automated test is owed)",DEMONSTRATION,Active,priority SHOULD_HAVE
PRD-ASM-014,DOC-01,MISSING (no main source file cites this requirement),MISSING (no schema object cites this requirement),MISSING (no API operation cites this requirement),MISSING (no test cites this requirement),AUTOMATED_TEST,Active,priority MUST_HAVE
PRD-AST-001,DOC-01,MISSING (no main source file cites this requirement),MISSING (no schema object cites this requirement),MISSING (no API operation cites this requirement),OperationManifestTest#<class-level citation>; OperationManifestTest#writeManifest,AUTOMATED_TEST,Active,priority MUST_HAVE
PRD-AST-002,DOC-01,MISSING (no main source file cites this requirement),MISSING (no schema object cites this requirement),MISSING (no API operation cites this requirement),OperationManifestTest#<class-level citation>,AUTOMATED_TEST,Active,priority MUST_HAVE
PRD-AST-003,DOC-01,MISSING (no main source file cites this requirement),MISSING (no schema object cites this requirement),MISSING (no API operation cites this requirement),MISSING (no test cites this requirement),AUTOMATED_TEST,Active,priority MUST_HAVE
PRD-AST-004,DOC-01,AssetRelationship,MISSING (no schema object cites this requirement),MISSING (no API operation cites this requirement),EdgeClaimMergeTest#edgeTypeMustBePermitted,AUTOMATED_TEST,Active,priority MUST_HAVE
PRD-AST-005,DOC-01,MISSING (no main source file cites this requirement),MISSING (no schema object cites this requirement),MISSING (no API operation cites this requirement),OperationManifestTest#writeManifest,AUTOMATED_TEST,Active,priority MUST_HAVE
PRD-AST-006,DOC-01,Asset; AssetType; IdentityRule,MISSING (no schema object cites this requirement),MISSING (no API operation cites this requirement),MISSING (no test cites this requirement),AUTOMATED_TEST,Active,priority MUST_HAVE
PRD-AST-007,DOC-01,MISSING (no main source file cites this requirement),MISSING (no schema object cites this requirement),MISSING (no API operation cites this requirement),MISSING (no test cites this requirement),AUTOMATED_TEST,Active,priority MUST_HAVE
PRD-AST-008,DOC-01,MISSING (no main source file cites this requirement),MISSING (no schema object cites this requirement),MISSING (no API operation cites this requirement),OperationManifestTest#<class-level citation>; OperationManifestTest#writeManifest,AUTOMATED_TEST,Active,priority MUST_HAVE
PRD-AST-009,DOC-01,MISSING (no main source file cites this requirement),MISSING (no schema object cites this requirement),MISSING (no API operation cites this requirement),MISSING (no test cites this requirement),AUTOMATED_TEST,Active,priority MUST_HAVE
PRD-AST-010,DOC-01,MISSING (no main source file cites this requirement),MISSING (no schema object cites this requirement),MISSING (no API operation cites this requirement),MISSING (no test cites this requirement),AUTOMATED_TEST,Active,priority MUST_HAVE
PRD-AST-011,DOC-01,OwnershipClaim; SbomIngestion,"asset (table, V005__asset_inventory.sql)",MISSING (no API operation cites this requirement),MISSING (no test cites this requirement),AUTOMATED_TEST|DEMONSTRATION,Active,priority MUST_HAVE
PRD-AST-012,DOC-01,MISSING (no main source file cites this requirement),MISSING (no schema object cites this requirement),MISSING (no API operation cites this requirement),MISSING (no test cites this requirement),AUTOMATED_TEST,Active,priority MUST_HAVE
PRD-AST-013,DOC-01,MISSING (no main source file cites this requirement),MISSING (no schema object cites this requirement),MISSING (no API operation cites this requirement),MISSING (no test cites this requirement),AUTOMATED_TEST,Active,priority MUST_HAVE
PRD-AST-014,DOC-01,MISSING (no main source file cites this requirement),MISSING (no schema object cites this requirement),MISSING (no API operation cites this requirement),MISSING (no test cites this requirement),AUTOMATED_TEST,Active,priority MUST_HAVE
PRD-AST-015,DOC-01,MISSING (no main source file cites this requirement),MISSING (no schema object cites this requirement),MISSING (no API operation cites this requirement),MISSING (no test cites this requirement),AUTOMATED_TEST,Active,priority MUST_HAVE
PRD-AST-016,DOC-01,MISSING (no main source file cites this requirement),MISSING (no schema object cites this requirement),MISSING (no API operation cites this requirement),MISSING (no test cites this requirement),AUTOMATED_TEST,Active,priority SHOULD_HAVE
PRD-AST-017,DOC-01,MISSING (no main source file cites this requirement),MISSING (no schema object cites this requirement),MISSING (no API operation cites this requirement),MISSING (no test cites this requirement),AUTOMATED_TEST,Active,priority SHOULD_HAVE
PRD-AST-018,DOC-01,MISSING (no main source file cites this requirement),MISSING (no schema object cites this requirement),MISSING (no API operation cites this requirement),MISSING (no test cites this requirement),AUTOMATED_TEST,Active,priority MUST_HAVE
PRD-AUD-001,DOC-01,N/A (verified by document inspection; no code artifact is owed),N/A (verified by document inspection; no code artifact is owed),N/A (verified by document inspection; no code artifact is owed),N/A (verified by document inspection; no automated test is owed),DOCUMENT_INSPECTION,Active,priority MUST_HAVE
PRD-AUD-002,DOC-01,MISSING (no main source file cites this requirement),MISSING (no schema object cites this requirement),MISSING (no API operation cites this requirement),MISSING (no test cites this requirement),AUTOMATED_TEST|PENETRATION_TEST,Active,priority MUST_HAVE
PRD-AUD-003,DOC-01,ExternalAssessorGrant,MISSING (no schema object cites this requirement),MISSING (no API operation cites this requirement),EvidenceAndGrantTest#credentialRevealIsPermittedAndAudited,AUTOMATED_TEST,Active,priority MUST_HAVE
PRD-AUD-004,DOC-01,AuditScope,"audit_event (table, V002__audit_event.sql)",MISSING (no API operation cites this requirement),MISSING (no test cites this requirement),AUTOMATED_TEST,Active,priority MUST_HAVE
PRD-AUD-005,DOC-01,MISSING (no main source file cites this requirement),MISSING (no schema object cites this requirement),MISSING (no API operation cites this requirement),MISSING (no test cites this requirement),AUTOMATED_TEST,Active,priority MUST_HAVE
PRD-AUD-006,DOC-01,MISSING (no main source file cites this requirement),MISSING (no schema object cites this requirement),MISSING (no API operation cites this requirement),MISSING (no test cites this requirement),AUTOMATED_TEST,Active,priority MUST_HAVE
PRD-AUD-007,DOC-01,MISSING (no main source file cites this requirement),MISSING (no schema object cites this requirement),MISSING (no API operation cites this requirement),MISSING (no test cites this requirement),AUTOMATED_TEST,Active,priority MUST_HAVE
PRD-AUD-008,DOC-01,MISSING (no main source file cites this requirement),MISSING (no schema object cites this requirement),MISSING (no API operation cites this requirement),MISSING (no test cites this requirement),AUTOMATED_TEST,Active,priority SHOULD_HAVE
PRD-AUD-009,DOC-01,MISSING (no main source file cites this requirement),V001__tenant_context_and_enforcement.sql,MISSING (no API operation cites this requirement),MISSING (no test cites this requirement),AUTOMATED_TEST|DOCUMENT_INSPECTION,Active,priority MUST_HAVE
PRD-AUD-010,DOC-01,MISSING (no main source file cites this requirement),MISSING (no schema object cites this requirement),MISSING (no API operation cites this requirement),MISSING (no test cites this requirement),AUTOMATED_TEST,Active,priority MUST_HAVE
PRD-AUZ-001,DOC-01,AccountService; AdminPages,"permission_catalogue (table, V015__identity_and_access.sql); principal (table, V015__identity_and_access.sql)",MISSING (no API operation cites this requirement),OperationManifestTest#writeManifest,AUTOMATED_TEST|CODE_REVIEW,Active,priority MUST_HAVE
PRD-AUZ-002,DOC-01,MISSING (no main source file cites this requirement),MISSING (no schema object cites this requirement),MISSING (no API operation cites this requirement),OperationManifestTest#writeManifest,AUTOMATED_TEST,Active,priority MUST_HAVE
PRD-AUZ-003,DOC-01,MISSING (no main source file cites this requirement),MISSING (no schema object cites this requirement),MISSING (no API operation cites this requirement),OperationManifestTest#writeManifest,AUTOMATED_TEST,Active,priority MUST_HAVE
PRD-AUZ-004,DOC-01,MISSING (no main source file cites this requirement),MISSING (no schema object cites this requirement),MISSING (no API operation cites this requirement),MISSING (no test cites this requirement),AUTOMATED_TEST,Active,priority MUST_HAVE
PRD-AUZ-005,DOC-01,MISSING (no main source file cites this requirement),MISSING (no schema object cites this requirement),MISSING (no API operation cites this requirement),MISSING (no test cites this requirement),AUTOMATED_TEST,Active,priority MUST_HAVE
PRD-AUZ-006,DOC-01,MISSING (no main source file cites this requirement),MISSING (no schema object cites this requirement),MISSING (no API operation cites this requirement),MISSING (no test cites this requirement),AUTOMATED_TEST|CODE_REVIEW,Active,priority MUST_HAVE
PRD-AUZ-007,DOC-01,MISSING (no main source file cites this requirement),MISSING (no schema object cites this requirement),MISSING (no API operation cites this requirement),MISSING (no test cites this requirement),AUTOMATED_TEST|PENETRATION_TEST,Active,priority MUST_HAVE
PRD-AUZ-008,DOC-01,MISSING (no main source file cites this requirement),MISSING (no schema object cites this requirement),MISSING (no API operation cites this requirement),MISSING (no test cites this requirement),AUTOMATED_TEST,Active,priority MUST_HAVE
PRD-AUZ-009,DOC-01,MISSING (no main source file cites this requirement),MISSING (no schema object cites this requirement),MISSING (no API operation cites this requirement),MISSING (no test cites this requirement),AUTOMATED_TEST,Active,priority MUST_HAVE
PRD-AUZ-010,DOC-01,MISSING (no main source file cites this requirement),MISSING (no schema object cites this requirement),MISSING (no API operation cites this requirement),MISSING (no test cites this requirement),AUTOMATED_TEST,Active,priority SHOULD_HAVE
PRD-AUZ-011,DOC-01,MISSING (no main source file cites this requirement),MISSING (no schema object cites this requirement),MISSING (no API operation cites this requirement),MISSING (no test cites this requirement),AUTOMATED_TEST|PENETRATION_TEST,Active,priority MUST_HAVE
PRD-AUZ-012,DOC-01,MISSING (no main source file cites this requirement),MISSING (no schema object cites this requirement),MISSING (no API operation cites this requirement),MISSING (no test cites this requirement),AUTOMATED_TEST,Active,priority MUST_HAVE
PRD-AUZ-013,DOC-01,MISSING (no main source file cites this requirement),MISSING (no schema object cites this requirement),MISSING (no API operation cites this requirement),MISSING (no test cites this requirement),AUTOMATED_TEST,Active,priority MUST_HAVE
PRD-AUZ-014,DOC-01,MISSING (no main source file cites this requirement),MISSING (no schema object cites this requirement),MISSING (no API operation cites this requirement),MISSING (no test cites this requirement),AUTOMATED_TEST|PENETRATION_TEST,Active,priority MUST_HAVE
PRD-CAP-001,DOC-01,WorkloadPage; WorkloadQuery; WorkloadRollup,MISSING (no schema object cites this requirement),MISSING (no API operation cites this requirement),MISSING (no test cites this requirement),AUTOMATED_TEST,Active,priority MUST_HAVE
PRD-CAP-002,DOC-01,WorkloadPage; WorkloadQuery,MISSING (no schema object cites this requirement),MISSING (no API operation cites this requirement),MISSING (no test cites this requirement),AUTOMATED_TEST,Active,priority MUST_HAVE
PRD-CAP-003,DOC-01,WorkloadPage; WorkloadQuery,MISSING (no schema object cites this requirement),MISSING (no API operation cites this requirement),MISSING (no test cites this requirement),AUTOMATED_TEST,Active,priority MUST_HAVE
PRD-CAP-004,DOC-01,MISSING (no main source file cites this requirement),MISSING (no schema object cites this requirement),MISSING (no API operation cites this requirement),MISSING (no test cites this requirement),AUTOMATED_TEST,Active,priority MUST_HAVE
PRD-CAP-005,DOC-01,WorkloadPage; WorkloadQuery,MISSING (no schema object cites this requirement),MISSING (no API operation cites this requirement),OperationManifestTest#writeManifest,AUTOMATED_TEST|DOCUMENT_INSPECTION,Active,priority MUST_HAVE
PRD-CAP-006,DOC-01,MISSING (no main source file cites this requirement),MISSING (no schema object cites this requirement),MISSING (no API operation cites this requirement),MISSING (no test cites this requirement),AUTOMATED_TEST,Active,priority MUST_HAVE
PRD-CAP-007,DOC-01,MISSING (no main source file cites this requirement),MISSING (no schema object cites this requirement),MISSING (no API operation cites this requirement),MISSING (no test cites this requirement),AUTOMATED_TEST,Active,priority MUST_HAVE
PRD-CAP-008,DOC-01,WorkloadPage; WorkloadQuery,MISSING (no schema object cites this requirement),MISSING (no API operation cites this requirement),OperationManifestTest#writeManifest,AUTOMATED_TEST,Active,priority MUST_HAVE
PRD-CAP-009,DOC-01,TransitionBlockingAttribution,"reject_transition_log_change (function, V009__work_management.sql)",MISSING (no API operation cites this requirement),MISSING (no test cites this requirement),AUTOMATED_TEST,Active,priority MUST_HAVE
PRD-CAP-010,DOC-01,MISSING (no main source file cites this requirement),MISSING (no schema object cites this requirement),MISSING (no API operation cites this requirement),MISSING (no test cites this requirement),AUTOMATED_TEST,Active,priority SHOULD_HAVE
PRD-CAP-011,DOC-01,WorkloadQuery,MISSING (no schema object cites this requirement),MISSING (no API operation cites this requirement),MISSING (no test cites this requirement),AUTOMATED_TEST,Active,priority SHOULD_HAVE
PRD-CAP-012,DOC-01,MISSING (no main source file cites this requirement),MISSING (no schema object cites this requirement),MISSING (no API operation cites this requirement),MISSING (no test cites this requirement),AUTOMATED_TEST,Active,priority SHOULD_HAVE
PRD-CAP-013,DOC-01,WorkloadPage; WorkloadQuery,MISSING (no schema object cites this requirement),PlatformOperations,OperationManifestTest#writeManifest,AUTOMATED_TEST|PENETRATION_TEST,Active,priority MUST_HAVE
PRD-CAP-014,DOC-01,WorkloadPage; WorkloadQuery,N/A (verified by document inspection; no code artifact is owed),N/A (verified by document inspection; no code artifact is owed),OperationManifestTest#writeManifest,DOCUMENT_INSPECTION,Active,priority MUST_HAVE
PRD-CAP-015,DOC-01,WorkItemLink; WorkloadPage; WorkloadQuery,"require_link_inverse (function, V009__work_management.sql)",MISSING (no API operation cites this requirement),MISSING (no test cites this requirement),AUTOMATED_TEST,Active,priority MUST_HAVE
PRD-CON-001,DOC-01,MISSING (no main source file cites this requirement),MISSING (no schema object cites this requirement),MISSING (no API operation cites this requirement),MISSING (no test cites this requirement),AUTOMATED_TEST,Active,priority MUST_HAVE
PRD-CON-002,DOC-01,MISSING (no main source file cites this requirement),MISSING (no schema object cites this requirement),MISSING (no API operation cites this requirement),MISSING (no test cites this requirement),AUTOMATED_TEST|CODE_REVIEW,Active,priority MUST_HAVE
PRD-CON-003,DOC-01,MISSING (no main source file cites this requirement),MISSING (no schema object cites this requirement),MISSING (no API operation cites this requirement),MISSING (no test cites this requirement),AUTOMATED_TEST,Active,priority MUST_HAVE
PRD-CON-004,DOC-01,MISSING (no main source file cites this requirement),MISSING (no schema object cites this requirement),MISSING (no API operation cites this requirement),MISSING (no test cites this requirement),AUTOMATED_TEST,Active,priority MUST_HAVE
PRD-CON-005,DOC-01,MISSING (no main source file cites this requirement),MISSING (no schema object cites this requirement),MISSING (no API operation cites this requirement),MISSING (no test cites this requirement),AUTOMATED_TEST,Active,priority MUST_HAVE
PRD-CON-006,DOC-01,MISSING (no main source file cites this requirement),MISSING (no schema object cites this requirement),MISSING (no API operation cites this requirement),MISSING (no test cites this requirement),AUTOMATED_TEST,Active,priority MUST_HAVE
PRD-CON-007,DOC-01,MISSING (no main source file cites this requirement),MISSING (no schema object cites this requirement),MISSING (no API operation cites this requirement),MISSING (no test cites this requirement),AUTOMATED_TEST|PENETRATION_TEST,Active,priority MUST_HAVE
PRD-CON-008,DOC-01,N/A (verified by document inspection; no code artifact is owed),N/A (verified by document inspection; no code artifact is owed),N/A (verified by document inspection; no code artifact is owed),N/A (verified by document inspection; no automated test is owed),DOCUMENT_INSPECTION,Active,priority MUST_HAVE
PRD-CON-009,DOC-01,MISSING (no main source file cites this requirement),MISSING (no schema object cites this requirement),MISSING (no API operation cites this requirement),MISSING (no test cites this requirement),AUTOMATED_TEST,Active,priority MUST_HAVE
PRD-CON-010,DOC-01,MISSING (no main source file cites this requirement),MISSING (no schema object cites this requirement),MISSING (no API operation cites this requirement),MISSING (no test cites this requirement),AUTOMATED_TEST,Active,priority MUST_HAVE
PRD-CON-011,DOC-01,MISSING (no main source file cites this requirement),MISSING (no schema object cites this requirement),MISSING (no API operation cites this requirement),MISSING (no test cites this requirement),AUTOMATED_TEST,Active,priority SHOULD_HAVE
PRD-CON-012,DOC-01,MISSING (no main source file cites this requirement),MISSING (no schema object cites this requirement),MISSING (no API operation cites this requirement),MISSING (no test cites this requirement),AUTOMATED_TEST,Active,priority SHOULD_HAVE
PRD-CON-013,DOC-01,MISSING (no main source file cites this requirement),MISSING (no schema object cites this requirement),MISSING (no API operation cites this requirement),MISSING (no test cites this requirement),AUTOMATED_TEST,Active,priority SHOULD_HAVE
PRD-CON-014,DOC-01,MISSING (no main source file cites this requirement),MISSING (no schema object cites this requirement),MISSING (no API operation cites this requirement),MISSING (no test cites this requirement),AUTOMATED_TEST,Active,priority MUST_HAVE
PRD-CON-015,DOC-21,MISSING (no main source file cites this requirement),MISSING (no schema object cites this requirement),MISSING (no API operation cites this requirement),MISSING (no test cites this requirement),AUTOMATED_TEST|ARCHITECTURE_REVIEW,Active,priority MUST_HAVE
PRD-CON-016,DOC-21,N/A (verified by document inspection; no code artifact is owed),N/A (verified by document inspection; no code artifact is owed),N/A (verified by document inspection; no code artifact is owed),N/A (verified by document inspection; no automated test is owed),DOCUMENT_INSPECTION,Active,priority MUST_HAVE
PRD-CON-017,DOC-21,MISSING (no main source file cites this requirement),MISSING (no schema object cites this requirement),MISSING (no API operation cites this requirement),MISSING (no test cites this requirement),AUTOMATED_TEST,Active,priority MUST_HAVE
PRD-CON-018,DOC-21,MISSING (no main source file cites this requirement),MISSING (no schema object cites this requirement),MISSING (no API operation cites this requirement),MISSING (no test cites this requirement),AUTOMATED_TEST,Active,priority MUST_HAVE
PRD-CON-019,DOC-21,MISSING (no main source file cites this requirement),MISSING (no schema object cites this requirement),MISSING (no API operation cites this requirement),MISSING (no test cites this requirement),AUTOMATED_TEST,Active,priority MUST_HAVE
PRD-CON-020,DOC-21,MISSING (no main source file cites this requirement),MISSING (no schema object cites this requirement),MISSING (no API operation cites this requirement),MISSING (no test cites this requirement),AUTOMATED_TEST,Active,priority MUST_HAVE
PRD-CON-021,DOC-21,EgressPolicy,MISSING (no schema object cites this requirement),MISSING (no API operation cites this requirement),MISSING (no test cites this requirement),AUTOMATED_TEST|CODE_REVIEW,Active,priority MUST_HAVE
PRD-CON-022,DOC-21,MISSING (no main source file cites this requirement),MISSING (no schema object cites this requirement),MISSING (no API operation cites this requirement),MISSING (no test cites this requirement),AUTOMATED_TEST,Active,priority MUST_HAVE
PRD-CON-023,DOC-21,MISSING (no main source file cites this requirement),MISSING (no schema object cites this requirement),MISSING (no API operation cites this requirement),MISSING (no test cites this requirement),AUTOMATED_TEST,Active,priority MUST_HAVE
PRD-CON-024,DOC-21,ConnectorHealth; FailureClass,MISSING (no schema object cites this requirement),MISSING (no API operation cites this requirement),IntegrationTest#<class-level citation>; IntegrationTest#credentialFailureOpensImmediately; IntegrationTest#credentialFailuresAreNotRetried,AUTOMATED_TEST,Active,priority MUST_HAVE
PRD-CON-025,DOC-21,ConnectorHealth; FailureClass,MISSING (no schema object cites this requirement),MISSING (no API operation cites this requirement),MISSING (no test cites this requirement),AUTOMATED_TEST,Active,priority MUST_HAVE
PRD-CON-026,DOC-21,FailureClass,MISSING (no schema object cites this requirement),MISSING (no API operation cites this requirement),IntegrationTest#dataFailureDoesNotFailTheRun,AUTOMATED_TEST,Active,priority MUST_HAVE
PRD-CON-027,DOC-21,FailureClass,MISSING (no schema object cites this requirement),MISSING (no API operation cites this requirement),IntegrationTest#rateLimitHonoursTheTargetSignal,AUTOMATED_TEST,Active,priority MUST_HAVE
PRD-CON-028,DOC-21,ConnectorHealth,MISSING (no schema object cites this requirement),MISSING (no API operation cites this requirement),IntegrationTest#healthIsPerTenant; IntegrationTest#httpsOnly,AUTOMATED_TEST,Active,priority MUST_HAVE
PRD-CON-029,DOC-21,ConnectorHealth,MISSING (no schema object cites this requirement),MISSING (no API operation cites this requirement),IntegrationTest#silentSuspensionIsDetectable,AUTOMATED_TEST,Active,priority MUST_HAVE
PRD-CON-030,DOC-21,ConnectorHealth,MISSING (no schema object cites this requirement),MISSING (no API operation cites this requirement),IntegrationTest#healthFeedsCoverage,AUTOMATED_TEST,Active,priority MUST_HAVE
PRD-CON-031,DOC-21,ConnectorHealth; OperationalQueue,MISSING (no schema object cites this requirement),MISSING (no API operation cites this requirement),IntegrationTest#intermittentFailureIsCaught; QueuesAndCompositionsTest#integrationHealthCatchesIntermittentFailure,AUTOMATED_TEST,Active,priority MUST_HAVE
PRD-CON-032,DOC-21,EgressPolicy,MISSING (no schema object cites this requirement),MISSING (no API operation cites this requirement),IntegrationTest#backoffIsCapped; IntegrationTest#destinationsComeFromConfigurationOnly,AUTOMATED_TEST|PENETRATION_TEST,Active,priority MUST_HAVE
PRD-CON-033,DOC-21,EgressPolicy,MISSING (no schema object cites this requirement),MISSING (no API operation cites this requirement),IntegrationTest#resolutionRecheckedAtConnectTime,AUTOMATED_TEST|PENETRATION_TEST,Active,priority MUST_HAVE
PRD-CON-034,DOC-21,EgressPolicy,MISSING (no schema object cites this requirement),MISSING (no API operation cites this requirement),IntegrationTest#redirectsAreNotFollowedOutside,AUTOMATED_TEST|PENETRATION_TEST,Active,priority MUST_HAVE
PRD-CON-035,DOC-21,MISSING (no main source file cites this requirement),MISSING (no schema object cites this requirement),MISSING (no API operation cites this requirement),MISSING (no test cites this requirement),AUTOMATED_TEST,Active,priority MUST_HAVE
PRD-CON-036,DOC-21,N/A (verified by document inspection; no code artifact is owed),N/A (verified by document inspection; no code artifact is owed),N/A (verified by document inspection; no code artifact is owed),N/A (verified by document inspection; no automated test is owed),DOCUMENT_INSPECTION,Active,priority MUST_HAVE
PRD-CON-037,DOC-21,OutboundPropagation,MISSING (no schema object cites this requirement),MISSING (no API operation cites this requirement),IntegrationTest#forbiddenFieldsCannotBeSent,AUTOMATED_TEST|CODE_REVIEW,Active,priority MUST_HAVE
PRD-CON-038,DOC-21,OutboundPropagation,MISSING (no schema object cites this requirement),MISSING (no API operation cites this requirement),IntegrationTest#outboundIsScopeFiltered,AUTOMATED_TEST|PENETRATION_TEST,Active,priority MUST_HAVE
PRD-CON-039,DOC-21,MISSING (no main source file cites this requirement),MISSING (no schema object cites this requirement),MISSING (no API operation cites this requirement),MISSING (no test cites this requirement),AUTOMATED_TEST,Active,priority MUST_HAVE
PRD-CON-040,DOC-21,"N/A (verified by architecture review; the artifact is the review record, code review; the artifact is the review record; no code artifact is owed)","N/A (verified by architecture review; the artifact is the review record, code review; the artifact is the review record; no code artifact is owed)","N/A (verified by architecture review; the artifact is the review record, code review; the artifact is the review record; no code artifact is owed)","N/A (verified by architecture review; the artifact is the review record, code review; the artifact is the review record; no automated test is owed)",CODE_REVIEW|ARCHITECTURE_REVIEW,Active,priority MUST_HAVE
PRD-CON-041,DOC-21,MISSING (no main source file cites this requirement),MISSING (no schema object cites this requirement),MISSING (no API operation cites this requirement),MISSING (no test cites this requirement),AUTOMATED_TEST,Active,priority MUST_HAVE
PRD-CON-042,DOC-21,OutboundPropagation,MISSING (no schema object cites this requirement),MISSING (no API operation cites this requirement),IntegrationTest#healthIsPerTenant,AUTOMATED_TEST|ARCHITECTURE_REVIEW,Active,priority MUST_HAVE
PRD-CON-043,DOC-21,MISSING (no main source file cites this requirement),MISSING (no schema object cites this requirement),MISSING (no API operation cites this requirement),MISSING (no test cites this requirement),AUTOMATED_TEST,Active,priority MUST_HAVE
PRD-CON-044,DOC-21,MISSING (no main source file cites this requirement),MISSING (no schema object cites this requirement),MISSING (no API operation cites this requirement),MISSING (no test cites this requirement),AUTOMATED_TEST,Active,priority MUST_HAVE
PRD-CON-045,DOC-21,MISSING (no main source file cites this requirement),MISSING (no schema object cites this requirement),MISSING (no API operation cites this requirement),MISSING (no test cites this requirement),AUTOMATED_TEST|PENETRATION_TEST,Active,priority MUST_HAVE
PRD-CON-046,DOC-21,MISSING (no main source file cites this requirement),MISSING (no schema object cites this requirement),MISSING (no API operation cites this requirement),MISSING (no test cites this requirement),AUTOMATED_TEST,Active,priority MUST_HAVE
PRD-CON-047,DOC-21,MISSING (no main source file cites this requirement),MISSING (no schema object cites this requirement),MISSING (no API operation cites this requirement),MISSING (no test cites this requirement),AUTOMATED_TEST,Active,priority MUST_HAVE
PRD-CON-048,DOC-21,MISSING (no main source file cites this requirement),MISSING (no schema object cites this requirement),MISSING (no API operation cites this requirement),MISSING (no test cites this requirement),AUTOMATED_TEST,Active,priority MUST_HAVE
PRD-CON-049,DOC-21,MISSING (no main source file cites this requirement),MISSING (no schema object cites this requirement),MISSING (no API operation cites this requirement),MISSING (no test cites this requirement),AUTOMATED_TEST,Active,priority MUST_HAVE
PRD-CON-050,DOC-21,MISSING (no main source file cites this requirement),MISSING (no schema object cites this requirement),MISSING (no API operation cites this requirement),MISSING (no test cites this requirement),AUTOMATED_TEST,Active,priority MUST_HAVE
PRD-CON-051,DOC-21,MISSING (no main source file cites this requirement),MISSING (no schema object cites this requirement),MISSING (no API operation cites this requirement),MISSING (no test cites this requirement),AUTOMATED_TEST|ARCHITECTURE_REVIEW,Active,priority MUST_HAVE
PRD-CON-052,DOC-21,MISSING (no main source file cites this requirement),MISSING (no schema object cites this requirement),MISSING (no API operation cites this requirement),MISSING (no test cites this requirement),AUTOMATED_TEST,Active,priority MUST_HAVE
PRD-CON-053,DOC-21,MISSING (no main source file cites this requirement),MISSING (no schema object cites this requirement),MISSING (no API operation cites this requirement),MISSING (no test cites this requirement),AUTOMATED_TEST,Active,priority SHOULD_HAVE
PRD-CON-054,DOC-21,MISSING (no main source file cites this requirement),MISSING (no schema object cites this requirement),MISSING (no API operation cites this requirement),MISSING (no test cites this requirement),AUTOMATED_TEST,Active,priority MUST_HAVE
PRD-CON-055,DOC-21,MISSING (no main source file cites this requirement),MISSING (no schema object cites this requirement),MISSING (no API operation cites this requirement),MISSING (no test cites this requirement),ARCHITECTURE_REVIEW|AUTOMATED_TEST,Active,priority MUST_HAVE
PRD-DSH-001,DOC-01,MISSING (no main source file cites this requirement),MISSING (no schema object cites this requirement),MISSING (no API operation cites this requirement),MISSING (no test cites this requirement),AUTOMATED_TEST|PENETRATION_TEST,Active,priority MUST_HAVE
PRD-DSH-002,DOC-01,"N/A (verified by demonstration — a rehearsal or walkthrough, not a test; no code artifact is owed)","N/A (verified by demonstration — a rehearsal or walkthrough, not a test; no code artifact is owed)","N/A (verified by demonstration — a rehearsal or walkthrough, not a test; no code artifact is owed)","N/A (verified by demonstration — a rehearsal or walkthrough, not a test; no automated test is owed)",DEMONSTRATION,Active,priority MUST_HAVE
PRD-DSH-003,DOC-01,N/A (verified by document inspection; no code artifact is owed),N/A (verified by document inspection; no code artifact is owed),N/A (verified by document inspection; no code artifact is owed),N/A (verified by document inspection; no automated test is owed),DOCUMENT_INSPECTION,Active,priority MUST_HAVE
PRD-DSH-004,DOC-01,MISSING (no main source file cites this requirement),MISSING (no schema object cites this requirement),MISSING (no API operation cites this requirement),MISSING (no test cites this requirement),AUTOMATED_TEST,Active,priority MUST_HAVE
PRD-DSH-005,DOC-01,MISSING (no main source file cites this requirement),MISSING (no schema object cites this requirement),MISSING (no API operation cites this requirement),MISSING (no test cites this requirement),AUTOMATED_TEST,Active,priority MUST_HAVE
PRD-DSH-006,DOC-01,"N/A (verified by demonstration — a rehearsal or walkthrough, not a test; no code artifact is owed)","N/A (verified by demonstration — a rehearsal or walkthrough, not a test; no code artifact is owed)","N/A (verified by demonstration — a rehearsal or walkthrough, not a test; no code artifact is owed)","N/A (verified by demonstration — a rehearsal or walkthrough, not a test; no automated test is owed)",DEMONSTRATION,Active,priority MUST_HAVE
PRD-DSH-007,DOC-01,"N/A (verified by demonstration — a rehearsal or walkthrough, not a test; no code artifact is owed)","service_level_clock (table, V008__risk_and_service_levels.sql)","N/A (verified by demonstration — a rehearsal or walkthrough, not a test; no code artifact is owed)","N/A (verified by demonstration — a rehearsal or walkthrough, not a test; no automated test is owed)",DEMONSTRATION,Active,priority MUST_HAVE
PRD-DSH-008,DOC-01,"N/A (verified by demonstration — a rehearsal or walkthrough, not a test; no code artifact is owed)","N/A (verified by demonstration — a rehearsal or walkthrough, not a test; no code artifact is owed)","N/A (verified by demonstration — a rehearsal or walkthrough, not a test; no code artifact is owed)","N/A (verified by demonstration — a rehearsal or walkthrough, not a test; no automated test is owed)",DEMONSTRATION,Active,priority MUST_HAVE
PRD-DSH-009,DOC-01,MISSING (no main source file cites this requirement),MISSING (no schema object cites this requirement),MISSING (no API operation cites this requirement),MISSING (no test cites this requirement),AUTOMATED_TEST|DOCUMENT_INSPECTION,Active,priority MUST_HAVE
PRD-DSH-010,DOC-01,"N/A (verified by demonstration — a rehearsal or walkthrough, not a test; no code artifact is owed)","N/A (verified by demonstration — a rehearsal or walkthrough, not a test; no code artifact is owed)","N/A (verified by demonstration — a rehearsal or walkthrough, not a test; no code artifact is owed)","N/A (verified by demonstration — a rehearsal or walkthrough, not a test; no automated test is owed)",DEMONSTRATION,Active,priority MUST_HAVE
PRD-DSH-011,DOC-01,MISSING (no main source file cites this requirement),MISSING (no schema object cites this requirement),MISSING (no API operation cites this requirement),MISSING (no test cites this requirement),AUTOMATED_TEST,Active,priority MUST_HAVE
PRD-DSH-012,DOC-01,"N/A (verified by demonstration — a rehearsal or walkthrough, not a test; no code artifact is owed)","N/A (verified by demonstration — a rehearsal or walkthrough, not a test; no code artifact is owed)","N/A (verified by demonstration — a rehearsal or walkthrough, not a test; no code artifact is owed)","N/A (verified by demonstration — a rehearsal or walkthrough, not a test; no automated test is owed)",DEMONSTRATION,Active,priority SHOULD_HAVE
PRD-DSH-013,DOC-01,MISSING (no main source file cites this requirement),MISSING (no schema object cites this requirement),MISSING (no API operation cites this requirement),MISSING (no test cites this requirement),AUTOMATED_TEST,Active,priority SHOULD_HAVE
PRD-DSH-014,DOC-01,N/A (verified by architecture review; the artifact is the review record; no code artifact is owed),N/A (verified by architecture review; the artifact is the review record; no code artifact is owed),N/A (verified by architecture review; the artifact is the review record; no code artifact is owed),N/A (verified by architecture review; the artifact is the review record; no automated test is owed),ARCHITECTURE_REVIEW,Active,priority MUST_HAVE
PRD-DSH-015,DOC-01,MISSING (no main source file cites this requirement),MISSING (no schema object cites this requirement),MISSING (no API operation cites this requirement),MISSING (no test cites this requirement),AUTOMATED_TEST,Active,priority MUST_HAVE
PRD-DSH-016,DOC-01,MISSING (no main source file cites this requirement),MISSING (no schema object cites this requirement),MISSING (no API operation cites this requirement),MISSING (no test cites this requirement),AUTOMATED_TEST,Active,priority MUST_HAVE
PRD-DSH-017,DOC-12,N/A (verified by document inspection; no code artifact is owed),N/A (verified by document inspection; no code artifact is owed),N/A (verified by document inspection; no code artifact is owed),N/A (verified by document inspection; no automated test is owed),DOCUMENT_INSPECTION,Active,priority MUST_HAVE
PRD-DSH-018,DOC-12,HonestRenderer,MISSING (no schema object cites this requirement),MISSING (no API operation cites this requirement),MISSING (no test cites this requirement),AUTOMATED_TEST|DOCUMENT_INSPECTION,Active,priority MUST_HAVE
PRD-DSH-019,DOC-12,MISSING (no main source file cites this requirement),MISSING (no schema object cites this requirement),MISSING (no API operation cites this requirement),MISSING (no test cites this requirement),AUTOMATED_TEST|PENETRATION_TEST,Active,priority MUST_HAVE
PRD-DSH-020,DOC-12,MISSING (no main source file cites this requirement),MISSING (no schema object cites this requirement),MISSING (no API operation cites this requirement),MISSING (no test cites this requirement),AUTOMATED_TEST|PENETRATION_TEST,Active,priority MUST_HAVE
PRD-DSH-021,DOC-12,Composition; HonestRenderer,"rm_posture_aggregate (table, V012__read_models.sql)",MISSING (no API operation cites this requirement),HonestyAssertionTest#scheduledReportsArePerRecipient,AUTOMATED_TEST|PENETRATION_TEST,Active,priority MUST_HAVE
PRD-DSH-022,DOC-12,MISSING (no main source file cites this requirement),MISSING (no schema object cites this requirement),MISSING (no API operation cites this requirement),MISSING (no test cites this requirement),AUTOMATED_TEST|PENETRATION_TEST,Active,priority MUST_HAVE
PRD-DSH-023,DOC-12,MISSING (no main source file cites this requirement),MISSING (no schema object cites this requirement),MISSING (no API operation cites this requirement),MISSING (no test cites this requirement),AUTOMATED_TEST,Active,priority MUST_HAVE
PRD-DSH-024,DOC-12,Measure,MISSING (no schema object cites this requirement),MISSING (no API operation cites this requirement),MISSING (no test cites this requirement),AUTOMATED_TEST|DOCUMENT_INSPECTION,Active,priority MUST_HAVE
PRD-DSH-025,DOC-12,HonestRenderer,"rm_posture_aggregate (table, V012__read_models.sql)",MISSING (no API operation cites this requirement),HonestyAssertionTest#insufficientConfidenceRendersTheGapNotTheFigure; KernelPersistenceVerificationTest#insufficientPostureHasNoFigure,AUTOMATED_TEST|DOCUMENT_INSPECTION,Active,priority MUST_HAVE
PRD-DSH-026,DOC-12,HonestRenderer; Measure,MISSING (no schema object cites this requirement),MISSING (no API operation cites this requirement),MISSING (no test cites this requirement),AUTOMATED_TEST|DOCUMENT_INSPECTION,Active,priority MUST_HAVE
PRD-DSH-027,DOC-12,MISSING (no main source file cites this requirement),MISSING (no schema object cites this requirement),MISSING (no API operation cites this requirement),MISSING (no test cites this requirement),AUTOMATED_TEST,Active,priority MUST_HAVE
PRD-DSH-028,DOC-12,"N/A (verified by demonstration — a rehearsal or walkthrough, not a test; no code artifact is owed)","N/A (verified by demonstration — a rehearsal or walkthrough, not a test; no code artifact is owed)","N/A (verified by demonstration — a rehearsal or walkthrough, not a test; no code artifact is owed)","N/A (verified by demonstration — a rehearsal or walkthrough, not a test; no automated test is owed)",DEMONSTRATION,Active,priority MUST_HAVE
PRD-DSH-029,DOC-12,HonestRenderer,MISSING (no schema object cites this requirement),MISSING (no API operation cites this requirement),MISSING (no test cites this requirement),AUTOMATED_TEST|DOCUMENT_INSPECTION,Active,priority MUST_HAVE
PRD-DSH-030,DOC-12,HonestRenderer,MISSING (no schema object cites this requirement),MISSING (no API operation cites this requirement),MISSING (no test cites this requirement),AUTOMATED_TEST|DOCUMENT_INSPECTION,Active,priority MUST_HAVE
PRD-DSH-031,DOC-12,"N/A (verified by demonstration — a rehearsal or walkthrough, not a test; no code artifact is owed)","N/A (verified by demonstration — a rehearsal or walkthrough, not a test; no code artifact is owed)","N/A (verified by demonstration — a rehearsal or walkthrough, not a test; no code artifact is owed)","N/A (verified by demonstration — a rehearsal or walkthrough, not a test; no automated test is owed)",DEMONSTRATION,Active,priority MUST_HAVE
PRD-DSH-032,DOC-12,MISSING (no main source file cites this requirement),MISSING (no schema object cites this requirement),MISSING (no API operation cites this requirement),MISSING (no test cites this requirement),AUTOMATED_TEST,Active,priority MUST_HAVE
PRD-DSH-033,DOC-12,HonestRenderer,MISSING (no schema object cites this requirement),MISSING (no API operation cites this requirement),MISSING (no test cites this requirement),AUTOMATED_TEST|DOCUMENT_INSPECTION,Active,priority MUST_HAVE
PRD-DSH-034,DOC-12,Measure,N/A (verified by document inspection; no code artifact is owed),N/A (verified by document inspection; no code artifact is owed),N/A (verified by document inspection; no automated test is owed),DOCUMENT_INSPECTION,Active,priority MUST_HAVE
PRD-DSH-035,DOC-12,Measure,MISSING (no schema object cites this requirement),MISSING (no API operation cites this requirement),MISSING (no test cites this requirement),AUTOMATED_TEST|DOCUMENT_INSPECTION,Active,priority MUST_HAVE
PRD-DSH-036,DOC-12,MISSING (no main source file cites this requirement),MISSING (no schema object cites this requirement),MISSING (no API operation cites this requirement),MISSING (no test cites this requirement),AUTOMATED_TEST|PENETRATION_TEST,Active,priority MUST_HAVE
PRD-DSH-037,DOC-12,MISSING (no main source file cites this requirement),MISSING (no schema object cites this requirement),MISSING (no API operation cites this requirement),MISSING (no test cites this requirement),AUTOMATED_TEST|DOCUMENT_INSPECTION,Active,priority MUST_HAVE
PRD-DSH-038,DOC-12,MISSING (no main source file cites this requirement),MISSING (no schema object cites this requirement),MISSING (no API operation cites this requirement),MISSING (no test cites this requirement),AUTOMATED_TEST|PENETRATION_TEST,Active,priority MUST_HAVE
PRD-DSH-039,DOC-12,HonestRenderer,MISSING (no schema object cites this requirement),MISSING (no API operation cites this requirement),MISSING (no test cites this requirement),AUTOMATED_TEST|DOCUMENT_INSPECTION,Active,priority MUST_HAVE
PRD-DSH-040,DOC-12,MISSING (no main source file cites this requirement),MISSING (no schema object cites this requirement),MISSING (no API operation cites this requirement),MISSING (no test cites this requirement),AUTOMATED_TEST,Active,priority MUST_HAVE
PRD-DSH-041,DOC-12,"N/A (verified by demonstration — a rehearsal or walkthrough, not a test; no code artifact is owed)","N/A (verified by demonstration — a rehearsal or walkthrough, not a test; no code artifact is owed)","N/A (verified by demonstration — a rehearsal or walkthrough, not a test; no code artifact is owed)","N/A (verified by demonstration — a rehearsal or walkthrough, not a test; no automated test is owed)",DEMONSTRATION,Active,priority SHOULD_HAVE
PRD-DSH-042,DOC-12,HonestRenderer; PresentationOptions,MISSING (no schema object cites this requirement),MISSING (no API operation cites this requirement),HonestyAssertionTest#optionsCannotExpressSuppression,AUTOMATED_TEST|CODE_REVIEW,Active,priority MUST_HAVE
PRD-DSH-043,DOC-12,MISSING (no main source file cites this requirement),MISSING (no schema object cites this requirement),MISSING (no API operation cites this requirement),HonestyAssertionTest#scheduledReportsArePerRecipient,AUTOMATED_TEST|PENETRATION_TEST,Active,priority MUST_HAVE
PRD-DSH-044,DOC-12,MISSING (no main source file cites this requirement),MISSING (no schema object cites this requirement),MISSING (no API operation cites this requirement),MISSING (no test cites this requirement),AUTOMATED_TEST|CODE_REVIEW,Active,priority MUST_HAVE
PRD-DSH-045,DOC-12,MISSING (no main source file cites this requirement),MISSING (no schema object cites this requirement),MISSING (no API operation cites this requirement),MISSING (no test cites this requirement),AUTOMATED_TEST,Active,priority MUST_HAVE
PRD-DSH-046,DOC-12,MISSING (no main source file cites this requirement),MISSING (no schema object cites this requirement),MISSING (no API operation cites this requirement),MISSING (no test cites this requirement),AUTOMATED_TEST,Active,priority SHOULD_HAVE
PRD-DSH-047,DOC-12,MISSING (no main source file cites this requirement),MISSING (no schema object cites this requirement),MISSING (no API operation cites this requirement),MISSING (no test cites this requirement),AUTOMATED_TEST,Active,priority MUST_HAVE
PRD-DSH-048,DOC-12,MISSING (no main source file cites this requirement),MISSING (no schema object cites this requirement),MISSING (no API operation cites this requirement),MISSING (no test cites this requirement),AUTOMATED_TEST|CODE_REVIEW,Active,priority MUST_HAVE
PRD-EXC-001,DOC-01,MISSING (no main source file cites this requirement),MISSING (no schema object cites this requirement),MISSING (no API operation cites this requirement),MISSING (no test cites this requirement),AUTOMATED_TEST,Active,priority MUST_HAVE
PRD-EXC-002,DOC-01,MISSING (no main source file cites this requirement),MISSING (no schema object cites this requirement),MISSING (no API operation cites this requirement),MISSING (no test cites this requirement),AUTOMATED_TEST,Active,priority MUST_HAVE
PRD-EXC-003,DOC-01,MISSING (no main source file cites this requirement),MISSING (no schema object cites this requirement),MISSING (no API operation cites this requirement),MISSING (no test cites this requirement),AUTOMATED_TEST,Active,priority MUST_HAVE
PRD-EXC-004,DOC-01,MISSING (no main source file cites this requirement),MISSING (no schema object cites this requirement),MISSING (no API operation cites this requirement),MISSING (no test cites this requirement),AUTOMATED_TEST,Active,priority MUST_HAVE
PRD-EXC-005,DOC-01,MISSING (no main source file cites this requirement),MISSING (no schema object cites this requirement),MISSING (no API operation cites this requirement),MISSING (no test cites this requirement),AUTOMATED_TEST,Active,priority MUST_HAVE
PRD-EXC-006,DOC-01,MISSING (no main source file cites this requirement),MISSING (no schema object cites this requirement),MISSING (no API operation cites this requirement),MISSING (no test cites this requirement),AUTOMATED_TEST,Active,priority SHOULD_HAVE
PRD-EXC-007,DOC-01,MISSING (no main source file cites this requirement),MISSING (no schema object cites this requirement),MISSING (no API operation cites this requirement),MISSING (no test cites this requirement),AUTOMATED_TEST,Active,priority MUST_HAVE
PRD-EXC-008,DOC-01,MISSING (no main source file cites this requirement),MISSING (no schema object cites this requirement),MISSING (no API operation cites this requirement),MISSING (no test cites this requirement),AUTOMATED_TEST,Active,priority SHOULD_HAVE
PRD-EXC-009,DOC-01,MISSING (no main source file cites this requirement),MISSING (no schema object cites this requirement),MISSING (no API operation cites this requirement),MISSING (no test cites this requirement),AUTOMATED_TEST,Active,priority MUST_HAVE
PRD-EXC-010,DOC-01,MISSING (no main source file cites this requirement),MISSING (no schema object cites this requirement),MISSING (no API operation cites this requirement),MISSING (no test cites this requirement),AUTOMATED_TEST,Active,priority MUST_HAVE
PRD-IAM-001,DOC-01,MISSING (no main source file cites this requirement),MISSING (no schema object cites this requirement),MISSING (no API operation cites this requirement),MISSING (no test cites this requirement),AUTOMATED_TEST,Active,priority MUST_HAVE
PRD-IAM-002,DOC-01,MISSING (no main source file cites this requirement),MISSING (no schema object cites this requirement),MISSING (no API operation cites this requirement),OperationManifestTest#writeManifest,AUTOMATED_TEST,Active,priority MUST_HAVE
PRD-IAM-003,DOC-01,MISSING (no main source file cites this requirement),MISSING (no schema object cites this requirement),MISSING (no API operation cites this requirement),OperationManifestTest#writeManifest,AUTOMATED_TEST,Active,priority MUST_HAVE
PRD-IAM-004,DOC-01,MISSING (no main source file cites this requirement),MISSING (no schema object cites this requirement),MISSING (no API operation cites this requirement),MISSING (no test cites this requirement),AUTOMATED_TEST,Active,priority MUST_HAVE
PRD-IAM-005,DOC-01,MISSING (no main source file cites this requirement),MISSING (no schema object cites this requirement),MISSING (no API operation cites this requirement),MISSING (no test cites this requirement),AUTOMATED_TEST,Active,priority MUST_HAVE
PRD-IAM-006,DOC-01,MISSING (no main source file cites this requirement),MISSING (no schema object cites this requirement),MISSING (no API operation cites this requirement),OperationManifestTest#writeManifest,AUTOMATED_TEST,Active,priority MUST_HAVE
PRD-IAM-007,DOC-01,MISSING (no main source file cites this requirement),MISSING (no schema object cites this requirement),MISSING (no API operation cites this requirement),OperationManifestTest#writeManifest,AUTOMATED_TEST,Active,priority MUST_HAVE
PRD-IAM-008,DOC-01,MISSING (no main source file cites this requirement),MISSING (no schema object cites this requirement),MISSING (no API operation cites this requirement),MISSING (no test cites this requirement),AUTOMATED_TEST,Active,priority MUST_HAVE
PRD-IAM-009,DOC-01,MISSING (no main source file cites this requirement),MISSING (no schema object cites this requirement),MISSING (no API operation cites this requirement),MISSING (no test cites this requirement),AUTOMATED_TEST|PENETRATION_TEST,Active,priority MUST_HAVE
PRD-IAM-010,DOC-01,MISSING (no main source file cites this requirement),MISSING (no schema object cites this requirement),MISSING (no API operation cites this requirement),MISSING (no test cites this requirement),AUTOMATED_TEST,Active,priority MUST_HAVE
PRD-IAM-011,DOC-01,MISSING (no main source file cites this requirement),MISSING (no schema object cites this requirement),MISSING (no API operation cites this requirement),MISSING (no test cites this requirement),AUTOMATED_TEST,Active,priority MUST_HAVE
PRD-IAM-012,DOC-01,MISSING (no main source file cites this requirement),"authentication_attempt (table, V015__identity_and_access.sql); reject_attempt_rewrite (function, V015__identity_and_access.sql)",MISSING (no API operation cites this requirement),MISSING (no test cites this requirement),AUTOMATED_TEST,Active,priority MUST_HAVE
PRD-ING-001,DOC-01,MISSING (no main source file cites this requirement),MISSING (no schema object cites this requirement),MISSING (no API operation cites this requirement),MISSING (no test cites this requirement),AUTOMATED_TEST,Active,priority MUST_HAVE
PRD-ING-002,DOC-01,MISSING (no main source file cites this requirement),MISSING (no schema object cites this requirement),MISSING (no API operation cites this requirement),MISSING (no test cites this requirement),AUTOMATED_TEST,Active,priority MUST_HAVE
PRD-ING-003,DOC-01,MISSING (no main source file cites this requirement),MISSING (no schema object cites this requirement),MISSING (no API operation cites this requirement),MISSING (no test cites this requirement),AUTOMATED_TEST,Active,priority MUST_HAVE
PRD-ING-004,DOC-01,AssetClassAssignment,MISSING (no schema object cites this requirement),MISSING (no API operation cites this requirement),MISSING (no test cites this requirement),AUTOMATED_TEST,Active,priority MUST_HAVE
PRD-ING-005,DOC-01,MISSING (no main source file cites this requirement),MISSING (no schema object cites this requirement),MISSING (no API operation cites this requirement),MISSING (no test cites this requirement),AUTOMATED_TEST,Active,priority MUST_HAVE
PRD-ING-006,DOC-01,MISSING (no main source file cites this requirement),MISSING (no schema object cites this requirement),MISSING (no API operation cites this requirement),MISSING (no test cites this requirement),AUTOMATED_TEST,Active,priority MUST_HAVE
PRD-ING-007,DOC-01,MISSING (no main source file cites this requirement),MISSING (no schema object cites this requirement),MISSING (no API operation cites this requirement),MISSING (no test cites this requirement),AUTOMATED_TEST,Active,priority MUST_HAVE
PRD-ING-008,DOC-01,MISSING (no main source file cites this requirement),MISSING (no schema object cites this requirement),MISSING (no API operation cites this requirement),MISSING (no test cites this requirement),AUTOMATED_TEST,Active,priority SHOULD_HAVE
PRD-ING-009,DOC-01,MISSING (no main source file cites this requirement),MISSING (no schema object cites this requirement),MISSING (no API operation cites this requirement),MISSING (no test cites this requirement),AUTOMATED_TEST,Active,priority MUST_HAVE
PRD-ING-010,DOC-01,MISSING (no main source file cites this requirement),MISSING (no schema object cites this requirement),MISSING (no API operation cites this requirement),MISSING (no test cites this requirement),AUTOMATED_TEST,Active,priority MUST_HAVE
PRD-ING-011,DOC-01,MISSING (no main source file cites this requirement),MISSING (no schema object cites this requirement),MISSING (no API operation cites this requirement),MISSING (no test cites this requirement),AUTOMATED_TEST,Active,priority SHOULD_HAVE
PRD-ING-012,DOC-01,MISSING (no main source file cites this requirement),MISSING (no schema object cites this requirement),MISSING (no API operation cites this requirement),MISSING (no test cites this requirement),AUTOMATED_TEST,Active,priority MUST_HAVE
PRD-ING-013,DOC-01,MISSING (no main source file cites this requirement),MISSING (no schema object cites this requirement),MISSING (no API operation cites this requirement),MISSING (no test cites this requirement),AUTOMATED_TEST|DEMONSTRATION,Active,priority MUST_HAVE
PRD-ING-014,DOC-01,MISSING (no main source file cites this requirement),MISSING (no schema object cites this requirement),MISSING (no API operation cites this requirement),MISSING (cited only by IsolationPathInventoryTest#export (@Disabled)),AUTOMATED_TEST|PENETRATION_TEST,Active,priority MUST_HAVE
PRD-ING-015,DOC-01,MISSING (no main source file cites this requirement),MISSING (no schema object cites this requirement),MISSING (no API operation cites this requirement),MISSING (no test cites this requirement),AUTOMATED_TEST|CODE_REVIEW,Active,priority MUST_HAVE
PRD-ING-016,DOC-01,MISSING (no main source file cites this requirement),MISSING (no schema object cites this requirement),MISSING (no API operation cites this requirement),MISSING (no test cites this requirement),AUTOMATED_TEST,Active,priority MUST_HAVE
PRD-ING-017,DOC-01,MISSING (no main source file cites this requirement),MISSING (no schema object cites this requirement),MISSING (no API operation cites this requirement),MISSING (no test cites this requirement),AUTOMATED_TEST,Active,priority MUST_HAVE
PRD-ING-018,DOC-01,MISSING (no main source file cites this requirement),MISSING (no schema object cites this requirement),MISSING (no API operation cites this requirement),MISSING (no test cites this requirement),AUTOMATED_TEST,Active,priority MUST_HAVE
PRD-ING-019,DOC-11,MISSING (no main source file cites this requirement),MISSING (no schema object cites this requirement),MISSING (no API operation cites this requirement),MISSING (no test cites this requirement),AUTOMATED_TEST|CODE_REVIEW,Active,priority MUST_HAVE
PRD-ING-020,DOC-11,ImportSession,MISSING (no schema object cites this requirement),MISSING (no API operation cites this requirement),ImportPipelineTest#perStageCountsExist,AUTOMATED_TEST,Active,priority MUST_HAVE
PRD-ING-021,DOC-11,CodeLocationNormalization; FactSet; FactValue; +3 more,MISSING (no schema object cites this requirement),MISSING (no API operation cites this requirement),ParserRegistryAndAnchorTest#absentSeverityIsAlsoAGap; RescanCorpusTest#absentIsNotEmpty,AUTOMATED_TEST|CODE_REVIEW,Active,priority MUST_HAVE
PRD-ING-022,DOC-11,MISSING (no main source file cites this requirement),"finding (table, V006__finding_identity.sql)",MISSING (no API operation cites this requirement),MISSING (no test cites this requirement),AUTOMATED_TEST,Active,priority MUST_HAVE
PRD-ING-023,DOC-11,MISSING (no main source file cites this requirement),MISSING (no schema object cites this requirement),MISSING (no API operation cites this requirement),MISSING (no test cites this requirement),AUTOMATED_TEST,Active,priority MUST_HAVE
PRD-ING-024,DOC-11,ParserDefinition,N/A (verified by architecture review; the artifact is the review record; no code artifact is owed),N/A (verified by architecture review; the artifact is the review record; no code artifact is owed),ParserRegistryAndAnchorTest#<class-level citation>,ARCHITECTURE_REVIEW,Active,priority MUST_HAVE
PRD-ING-025,DOC-11,ParserDefinition,MISSING (no schema object cites this requirement),MISSING (no API operation cites this requirement),ParserRegistryAndAnchorTest#parserVersionIsRequired,AUTOMATED_TEST,Active,priority MUST_HAVE
PRD-ING-026,DOC-11,MISSING (no main source file cites this requirement),MISSING (no schema object cites this requirement),MISSING (no API operation cites this requirement),MISSING (no test cites this requirement),AUTOMATED_TEST,Active,priority MUST_HAVE
PRD-ING-027,DOC-11,ParserDefinition,MISSING (no schema object cites this requirement),MISSING (no API operation cites this requirement),ParserRegistryAndAnchorTest#<class-level citation>; ParserRegistryAndAnchorTest#mustDeclareAtLeastOneVersion; ParserRegistryAndAnchorTest#rejectionNamesSupportedVersions,AUTOMATED_TEST,Active,priority MUST_HAVE
PRD-ING-028,DOC-11,MISSING (no main source file cites this requirement),MISSING (no schema object cites this requirement),MISSING (no API operation cites this requirement),MISSING (no test cites this requirement),AUTOMATED_TEST,Active,priority MUST_HAVE
PRD-ING-029,DOC-11,AssetAnchorResolution,MISSING (no schema object cites this requirement),MISSING (no API operation cites this requirement),ParserRegistryAndAnchorTest#unresolvableAnchorCreatesAnUnclaimedAsset,AUTOMATED_TEST,Active,priority MUST_HAVE
PRD-ING-030,DOC-11,AssetAnchorResolution,MISSING (no schema object cites this requirement),MISSING (no API operation cites this requirement),ParserRegistryAndAnchorTest#creationIsDistinguishableFromMatch,AUTOMATED_TEST,Active,priority MUST_HAVE
PRD-ING-031,DOC-11,AssetAnchorResolution,MISSING (no schema object cites this requirement),MISSING (no API operation cites this requirement),ParserRegistryAndAnchorTest#sourceAssertedScopeIsRejected,AUTOMATED_TEST|PENETRATION_TEST,Active,priority MUST_HAVE
PRD-ING-032,DOC-11,AssetClassAssignment; ParserDefinition,MISSING (no schema object cites this requirement),MISSING (no API operation cites this requirement),ImportPipelineTest#noPerFindingOverrideExists; ImportPipelineTest#settledRecordIsFinal,AUTOMATED_TEST,Active,priority MUST_HAVE
PRD-ING-033,DOC-11,AssetClassAssignment,MISSING (no schema object cites this requirement),MISSING (no API operation cites this requirement),ImportPipelineTest#containerFindingsSplitBySubject; ImportPipelineTest#noDefaultSubjectExists; ImportPipelineTest#settledRecordIsFinal,AUTOMATED_TEST,Active,priority MUST_HAVE
PRD-ING-034,DOC-11,MISSING (no main source file cites this requirement),MISSING (no schema object cites this requirement),MISSING (no API operation cites this requirement),MISSING (no test cites this requirement),AUTOMATED_TEST|PENETRATION_TEST,Active,priority MUST_HAVE
PRD-ING-035,DOC-11,MISSING (no main source file cites this requirement),MISSING (no schema object cites this requirement),MISSING (no API operation cites this requirement),MISSING (no test cites this requirement),AUTOMATED_TEST,Active,priority MUST_HAVE
PRD-ING-036,DOC-11,MISSING (no main source file cites this requirement),MISSING (no schema object cites this requirement),MISSING (no API operation cites this requirement),MISSING (no test cites this requirement),AUTOMATED_TEST,Active,priority MUST_HAVE
PRD-ING-037,DOC-11,MISSING (no main source file cites this requirement),MISSING (no schema object cites this requirement),MISSING (no API operation cites this requirement),MISSING (no test cites this requirement),AUTOMATED_TEST,Active,priority MUST_HAVE
PRD-ING-038,DOC-11,ImportSession,MISSING (no schema object cites this requirement),MISSING (no API operation cites this requirement),ImportPipelineTest#<class-level citation>; ImportPipelineTest#noPartialIngestPathExists,AUTOMATED_TEST,Active,priority MUST_HAVE
PRD-ING-039,DOC-11,ImportSession; QuarantinedRecord,MISSING (no schema object cites this requirement),MISSING (no API operation cites this requirement),ImportPipelineTest#rawContentIsRetained; ImportPipelineTest#reversalWindowIsEnforced; ImportPipelineTest#terminalStateIsDerived,AUTOMATED_TEST,Active,priority MUST_HAVE
PRD-ING-040,DOC-11,Finding; ParserDefinition; QuarantinedRecord,MISSING (no schema object cites this requirement),MISSING (no API operation cites this requirement),ParserRegistryAndAnchorTest#<class-level citation>; ParserRegistryAndAnchorTest#ambiguousRegistryIsReported; ParserRegistryAndAnchorTest#unrecognisedSeverityIsEmpty,AUTOMATED_TEST,Active,priority MUST_HAVE
PRD-ING-041,DOC-11,ImportSession,MISSING (no schema object cites this requirement),MISSING (no API operation cites this requirement),ImportPipelineTest#everyDispositionIsReported; ImportPipelineTest#rejectionNamesItsReason,AUTOMATED_TEST,Active,priority MUST_HAVE
PRD-ING-042,DOC-11,MISSING (no main source file cites this requirement),MISSING (no schema object cites this requirement),MISSING (no API operation cites this requirement),MISSING (no test cites this requirement),AUTOMATED_TEST,Active,priority MUST_HAVE
PRD-ING-043,DOC-11,MISSING (no main source file cites this requirement),MISSING (no schema object cites this requirement),MISSING (no API operation cites this requirement),MISSING (no test cites this requirement),AUTOMATED_TEST,Active,priority MUST_HAVE
PRD-ING-044,DOC-11,MISSING (no main source file cites this requirement),MISSING (no schema object cites this requirement),MISSING (no API operation cites this requirement),MISSING (no test cites this requirement),AUTOMATED_TEST,Active,priority MUST_HAVE
PRD-ING-045,DOC-11,MISSING (no main source file cites this requirement),MISSING (no schema object cites this requirement),MISSING (no API operation cites this requirement),MISSING (no test cites this requirement),AUTOMATED_TEST,Active,priority MUST_HAVE
PRD-ING-046,DOC-11,"N/A (verified by demonstration — a rehearsal or walkthrough, not a test; no code artifact is owed)","N/A (verified by demonstration — a rehearsal or walkthrough, not a test; no code artifact is owed)","N/A (verified by demonstration — a rehearsal or walkthrough, not a test; no code artifact is owed)","N/A (verified by demonstration — a rehearsal or walkthrough, not a test; no automated test is owed)",DEMONSTRATION,Active,priority MUST_HAVE
PRD-ING-047,DOC-11,MISSING (no main source file cites this requirement),MISSING (no schema object cites this requirement),MISSING (no API operation cites this requirement),MISSING (no test cites this requirement),AUTOMATED_TEST,Active,priority MUST_HAVE
PRD-ING-048,DOC-11,MigrationImport,MISSING (no schema object cites this requirement),MISSING (no API operation cites this requirement),MigrationImportTest#<class-level citation>; MigrationImportTest#authorizationIsAValue; MigrationImportTest#originalTimestampPreserved,AUTOMATED_TEST,Active,priority MUST_HAVE
PRD-ING-049,DOC-11,MigrationImport,MISSING (no schema object cites this requirement),MISSING (no API operation cites this requirement),MigrationImportTest#everyRecordIsFlagged,AUTOMATED_TEST,Active,priority MUST_HAVE
PRD-ING-050,DOC-11,MigrationImport,MISSING (no schema object cites this requirement),MISSING (no API operation cites this requirement),MigrationImportTest#unresolvedAuthorIsMarked,AUTOMATED_TEST,Active,priority MUST_HAVE
PRD-ING-051,DOC-11,MigrationImport,MISSING (no schema object cites this requirement),MISSING (no API operation cites this requirement),MigrationImportTest#<class-level citation>,AUTOMATED_TEST,Active,priority MUST_HAVE
PRD-ING-052,DOC-11,MigrationImport,MISSING (no schema object cites this requirement),MISSING (no API operation cites this requirement),MigrationImportTest#countCarriesItsLosses; MigrationImportTest#everyRecordIsFlagged,AUTOMATED_TEST,Active,priority MUST_HAVE
PRD-ING-053,DOC-11,MISSING (no main source file cites this requirement),MISSING (no schema object cites this requirement),MISSING (no API operation cites this requirement),MISSING (no test cites this requirement),AUTOMATED_TEST|PENETRATION_TEST,Active,priority MUST_HAVE
PRD-ING-054,DOC-11,MISSING (no main source file cites this requirement),MISSING (no schema object cites this requirement),MISSING (no API operation cites this requirement),MISSING (no test cites this requirement),AUTOMATED_TEST|CODE_REVIEW,Active,priority MUST_HAVE
PRD-ING-055,DOC-11,MISSING (no main source file cites this requirement),MISSING (no schema object cites this requirement),MISSING (no API operation cites this requirement),MISSING (no test cites this requirement),AUTOMATED_TEST,Active,priority MUST_HAVE
PRD-ING-056,DOC-11,MISSING (no main source file cites this requirement),MISSING (no schema object cites this requirement),MISSING (no API operation cites this requirement),MISSING (no test cites this requirement),AUTOMATED_TEST,Active,priority MUST_HAVE
PRD-ING-057,DOC-11,MISSING (no main source file cites this requirement),MISSING (no schema object cites this requirement),MISSING (no API operation cites this requirement),MISSING (no test cites this requirement),AUTOMATED_TEST|PENETRATION_TEST,Active,priority MUST_HAVE
PRD-ING-058,DOC-11,MISSING (no main source file cites this requirement),MISSING (no schema object cites this requirement),MISSING (no API operation cites this requirement),MISSING (no test cites this requirement),AUTOMATED_TEST,Active,priority MUST_HAVE
PRD-ING-059,DOC-11,MISSING (no main source file cites this requirement),MISSING (no schema object cites this requirement),MISSING (no API operation cites this requirement),MISSING (no test cites this requirement),AUTOMATED_TEST,Active,priority MUST_HAVE
PRD-KBS-001,DOC-01,MISSING (no main source file cites this requirement),MISSING (no schema object cites this requirement),MISSING (no API operation cites this requirement),MISSING (no test cites this requirement),AUTOMATED_TEST,Active,priority MUST_HAVE
PRD-KBS-002,DOC-01,MISSING (no main source file cites this requirement),MISSING (no schema object cites this requirement),MISSING (no API operation cites this requirement),MISSING (no test cites this requirement),AUTOMATED_TEST,Active,priority MUST_HAVE
PRD-KBS-003,DOC-01,MISSING (no main source file cites this requirement),MISSING (no schema object cites this requirement),MISSING (no API operation cites this requirement),MISSING (no test cites this requirement),AUTOMATED_TEST,Active,priority SHOULD_HAVE
PRD-KBS-004,DOC-01,MISSING (no main source file cites this requirement),MISSING (no schema object cites this requirement),MISSING (no API operation cites this requirement),MISSING (no test cites this requirement),AUTOMATED_TEST,Active,priority MUST_HAVE
PRD-KBS-005,DOC-01,MISSING (no main source file cites this requirement),MISSING (no schema object cites this requirement),MISSING (no API operation cites this requirement),MISSING (no test cites this requirement),AUTOMATED_TEST,Active,priority COULD_HAVE
PRD-KBS-006,DOC-01,MISSING (no main source file cites this requirement),MISSING (no schema object cites this requirement),MISSING (no API operation cites this requirement),MISSING (no test cites this requirement),AUTOMATED_TEST,Active,priority SHOULD_HAVE
PRD-KBS-007,DOC-01,MISSING (no main source file cites this requirement),MISSING (no schema object cites this requirement),MISSING (no API operation cites this requirement),MISSING (no test cites this requirement),AUTOMATED_TEST,Active,priority SHOULD_HAVE
PRD-NTF-001,DOC-01,N/A (verified by document inspection; no code artifact is owed),N/A (verified by document inspection; no code artifact is owed),N/A (verified by document inspection; no code artifact is owed),N/A (verified by document inspection; no automated test is owed),DOCUMENT_INSPECTION,Active,priority MUST_HAVE
PRD-NTF-002,DOC-01,MISSING (no main source file cites this requirement),MISSING (no schema object cites this requirement),MISSING (no API operation cites this requirement),MISSING (no test cites this requirement),AUTOMATED_TEST,Active,priority MUST_HAVE
PRD-NTF-003,DOC-01,MISSING (no main source file cites this requirement),MISSING (no schema object cites this requirement),MISSING (no API operation cites this requirement),MISSING (no test cites this requirement),AUTOMATED_TEST,Active,priority MUST_HAVE
PRD-NTF-004,DOC-01,MISSING (no main source file cites this requirement),MISSING (no schema object cites this requirement),MISSING (no API operation cites this requirement),MISSING (no test cites this requirement),AUTOMATED_TEST,Active,priority MUST_HAVE
PRD-NTF-005,DOC-01,MISSING (no main source file cites this requirement),MISSING (no schema object cites this requirement),MISSING (no API operation cites this requirement),MISSING (no test cites this requirement),AUTOMATED_TEST,Active,priority MUST_HAVE
PRD-NTF-006,DOC-01,MISSING (no main source file cites this requirement),MISSING (no schema object cites this requirement),MISSING (no API operation cites this requirement),MISSING (no test cites this requirement),AUTOMATED_TEST,Active,priority MUST_HAVE
PRD-NTF-007,DOC-01,MISSING (no main source file cites this requirement),MISSING (no schema object cites this requirement),MISSING (no API operation cites this requirement),NotificationTest#twoRecipientsTwoRenders,AUTOMATED_TEST|PENETRATION_TEST,Active,priority MUST_HAVE
PRD-NTF-008,DOC-01,MISSING (no main source file cites this requirement),MISSING (no schema object cites this requirement),MISSING (no API operation cites this requirement),MISSING (no test cites this requirement),AUTOMATED_TEST|CODE_REVIEW,Active,priority MUST_HAVE
PRD-NTF-009,DOC-01,MISSING (no main source file cites this requirement),MISSING (no schema object cites this requirement),MISSING (no API operation cites this requirement),MISSING (no test cites this requirement),AUTOMATED_TEST,Active,priority SHOULD_HAVE
PRD-NTF-010,DOC-01,"N/A (verified by demonstration — a rehearsal or walkthrough, not a test; no code artifact is owed)","N/A (verified by demonstration — a rehearsal or walkthrough, not a test; no code artifact is owed)","N/A (verified by demonstration — a rehearsal or walkthrough, not a test; no code artifact is owed)","N/A (verified by demonstration — a rehearsal or walkthrough, not a test; no automated test is owed)",DEMONSTRATION,Active,priority MUST_HAVE
PRD-NTF-011,DOC-01,MISSING (no main source file cites this requirement),MISSING (no schema object cites this requirement),MISSING (no API operation cites this requirement),MISSING (no test cites this requirement),AUTOMATED_TEST,Active,priority MUST_HAVE
PRD-NTF-012,DOC-01,MISSING (no main source file cites this requirement),MISSING (no schema object cites this requirement),MISSING (no API operation cites this requirement),MISSING (no test cites this requirement),AUTOMATED_TEST,Active,priority MUST_HAVE
PRD-NTF-013,DOC-13,NotificationDispatch,MISSING (no schema object cites this requirement),MISSING (no API operation cites this requirement),NotificationTest#<class-level citation>; NotificationTest#dispatchIsASubscriber,AUTOMATED_TEST|ARCHITECTURE_REVIEW,Active,priority MUST_HAVE
PRD-NTF-014,DOC-13,RenderedNotification,MISSING (no schema object cites this requirement),MISSING (no API operation cites this requirement),NotificationTest#oneArtifactOneRecipient,AUTOMATED_TEST|PENETRATION_TEST,Active,priority MUST_HAVE
PRD-NTF-015,DOC-13,MISSING (no main source file cites this requirement),MISSING (no schema object cites this requirement),MISSING (no API operation cites this requirement),MISSING (no test cites this requirement),AUTOMATED_TEST,Active,priority MUST_HAVE
PRD-NTF-016,DOC-13,MISSING (no main source file cites this requirement),MISSING (no schema object cites this requirement),MISSING (no API operation cites this requirement),MISSING (no test cites this requirement),AUTOMATED_TEST,Active,priority MUST_HAVE
PRD-NTF-017,DOC-13,MISSING (no main source file cites this requirement),MISSING (no schema object cites this requirement),MISSING (no API operation cites this requirement),MISSING (no test cites this requirement),AUTOMATED_TEST|PENETRATION_TEST,Active,priority MUST_HAVE
PRD-NTF-018,DOC-13,MISSING (no main source file cites this requirement),MISSING (no schema object cites this requirement),MISSING (no API operation cites this requirement),MISSING (no test cites this requirement),AUTOMATED_TEST,Active,priority MUST_HAVE
PRD-NTF-019,DOC-13,MISSING (no main source file cites this requirement),MISSING (no schema object cites this requirement),MISSING (no API operation cites this requirement),MISSING (no test cites this requirement),AUTOMATED_TEST,Active,priority MUST_HAVE
PRD-NTF-020,DOC-13,"N/A (verified by demonstration — a rehearsal or walkthrough, not a test; no code artifact is owed)","N/A (verified by demonstration — a rehearsal or walkthrough, not a test; no code artifact is owed)","N/A (verified by demonstration — a rehearsal or walkthrough, not a test; no code artifact is owed)","N/A (verified by demonstration — a rehearsal or walkthrough, not a test; no automated test is owed)",DEMONSTRATION,Active,priority MUST_HAVE
PRD-NTF-021,DOC-13,MISSING (no main source file cites this requirement),MISSING (no schema object cites this requirement),MISSING (no API operation cites this requirement),MISSING (no test cites this requirement),AUTOMATED_TEST,Active,priority MUST_HAVE
PRD-NTF-022,DOC-13,MISSING (no main source file cites this requirement),MISSING (no schema object cites this requirement),MISSING (no API operation cites this requirement),MISSING (no test cites this requirement),AUTOMATED_TEST,Active,priority MUST_HAVE
PRD-NTF-023,DOC-13,NotificationDispatch,MISSING (no schema object cites this requirement),MISSING (no API operation cites this requirement),NotificationTest#bulkProducesOneSummary; NotificationTest#suppressionIsPerRecipient,AUTOMATED_TEST,Active,priority MUST_HAVE
PRD-NTF-024,DOC-13,NotificationDispatch,MISSING (no schema object cites this requirement),MISSING (no API operation cites this requirement),NotificationTest#burstCoalesces,AUTOMATED_TEST,Active,priority MUST_HAVE
PRD-NTF-025,DOC-13,"N/A (verified by demonstration — a rehearsal or walkthrough, not a test; no code artifact is owed)","N/A (verified by demonstration — a rehearsal or walkthrough, not a test; no code artifact is owed)","N/A (verified by demonstration — a rehearsal or walkthrough, not a test; no code artifact is owed)","N/A (verified by demonstration — a rehearsal or walkthrough, not a test; no automated test is owed)",DEMONSTRATION,Active,priority MUST_HAVE
PRD-NTF-026,DOC-13,EscalationChain,MISSING (no schema object cites this requirement),MISSING (no API operation cites this requirement),NotificationTest#bulkSummaryRespectsScope; NotificationTest#pausedForRequesterEscalatesTheBlocker,AUTOMATED_TEST,Active,priority MUST_HAVE
PRD-NTF-027,DOC-13,EscalationChain,MISSING (no schema object cites this requirement),MISSING (no API operation cites this requirement),NotificationTest#stepsFireOnce,AUTOMATED_TEST,Active,priority MUST_HAVE
PRD-NTF-028,DOC-13,EscalationChain,MISSING (no schema object cites this requirement),MISSING (no API operation cites this requirement),NotificationTest#targetsResolveAtFireTime,AUTOMATED_TEST,Active,priority MUST_HAVE
PRD-NTF-029,DOC-13,NotificationDispatch,MISSING (no schema object cites this requirement),MISSING (no API operation cites this requirement),NotificationTest#visibilityIsEvaluatedAtRenderTime,AUTOMATED_TEST|PENETRATION_TEST,Active,priority MUST_HAVE
PRD-NTF-030,DOC-13,RenderedNotification,MISSING (no schema object cites this requirement),MISSING (no API operation cites this requirement),NotificationTest#forbiddenContentIsUnrenderable,AUTOMATED_TEST|CODE_REVIEW,Active,priority MUST_HAVE
PRD-NTF-031,DOC-13,NotificationDispatch,MISSING (no schema object cites this requirement),MISSING (no API operation cites this requirement),NotificationTest#narrowedScopeSuppresses; NotificationTest#rejectionDoesNotEchoTheSecret,AUTOMATED_TEST|PENETRATION_TEST,Active,priority MUST_HAVE
PRD-NTF-032,DOC-13,RenderedNotification,MISSING (no schema object cites this requirement),MISSING (no API operation cites this requirement),MISSING (no test cites this requirement),AUTOMATED_TEST,Active,priority MUST_HAVE
PRD-NTF-033,DOC-13,NarrativeBinding,MISSING (no schema object cites this requirement),MISSING (no API operation cites this requirement),MISSING (no test cites this requirement),AUTOMATED_TEST,Active,priority MUST_HAVE
PRD-NTF-034,DOC-13,RenderedNotification,MISSING (no schema object cites this requirement),MISSING (no API operation cites this requirement),MISSING (no test cites this requirement),AUTOMATED_TEST,Active,priority MUST_HAVE
PRD-NTF-035,DOC-13,MISSING (no main source file cites this requirement),MISSING (no schema object cites this requirement),MISSING (no API operation cites this requirement),MISSING (no test cites this requirement),AUTOMATED_TEST|CODE_REVIEW,Active,priority MUST_HAVE
PRD-NTF-036,DOC-13,"N/A (verified by demonstration — a rehearsal or walkthrough, not a test; no code artifact is owed)","N/A (verified by demonstration — a rehearsal or walkthrough, not a test; no code artifact is owed)","N/A (verified by demonstration — a rehearsal or walkthrough, not a test; no code artifact is owed)","N/A (verified by demonstration — a rehearsal or walkthrough, not a test; no automated test is owed)",DEMONSTRATION,Active,priority SHOULD_HAVE
PRD-NTF-037,DOC-13,InboundAssociation; RenderedNotification,MISSING (no schema object cites this requirement),MISSING (no API operation cites this requirement),NotificationTest#associationIsByTokenOnly; NotificationTest#stepsMustNotifySomebody,AUTOMATED_TEST|PENETRATION_TEST,Active,priority MUST_HAVE
PRD-NTF-038,DOC-13,InboundAssociation,MISSING (no schema object cites this requirement),MISSING (no API operation cites this requirement),NotificationTest#tokenIsBoundedAndSinglePurpose,AUTOMATED_TEST|PENETRATION_TEST,Active,priority MUST_HAVE
PRD-NTF-039,DOC-13,InboundAssociation,MISSING (no schema object cites this requirement),MISSING (no API operation cites this requirement),NotificationTest#quotedHistoryStrippedAndAttributed; NotificationTest#stepsMustNotifySomebody,AUTOMATED_TEST|PENETRATION_TEST,Active,priority MUST_HAVE
PRD-NTF-040,DOC-13,InboundAssociation,MISSING (no schema object cites this requirement),MISSING (no API operation cites this requirement),NotificationTest#resultHasNoSilentDiscard; NotificationTest#unassociableReplyFails,AUTOMATED_TEST,Active,priority MUST_HAVE
PRD-NTF-041,DOC-13,MISSING (no main source file cites this requirement),MISSING (no schema object cites this requirement),MISSING (no API operation cites this requirement),MISSING (no test cites this requirement),AUTOMATED_TEST,Active,priority MUST_HAVE
PRD-NTF-042,DOC-13,MISSING (no main source file cites this requirement),MISSING (no schema object cites this requirement),MISSING (no API operation cites this requirement),MISSING (no test cites this requirement),AUTOMATED_TEST,Active,priority MUST_HAVE
PRD-NTF-043,DOC-13,MISSING (no main source file cites this requirement),MISSING (no schema object cites this requirement),MISSING (no API operation cites this requirement),MISSING (no test cites this requirement),AUTOMATED_TEST|PENETRATION_TEST,Active,priority MUST_HAVE
PRD-NTF-044,DOC-13,MISSING (no main source file cites this requirement),MISSING (no schema object cites this requirement),MISSING (no API operation cites this requirement),MISSING (no test cites this requirement),AUTOMATED_TEST,Active,priority MUST_HAVE
PRD-NTF-045,DOC-13,MISSING (no main source file cites this requirement),MISSING (no schema object cites this requirement),MISSING (no API operation cites this requirement),MISSING (no test cites this requirement),AUTOMATED_TEST,Active,priority MUST_HAVE
PRD-ORG-001,DOC-01,OrgClosure; OrgNodeTypeCatalogue,MISSING (no schema object cites this requirement),MISSING (no API operation cites this requirement),OperationManifestTest#<class-level citation>; OperationManifestTest#writeManifest; OrgNodeAndResolutionTest#validCatalogueIsAccepted,AUTOMATED_TEST,Active,priority MUST_HAVE
PRD-ORG-002,DOC-01,OrgClosure,MISSING (no schema object cites this requirement),MISSING (no API operation cites this requirement),MISSING (no test cites this requirement),AUTOMATED_TEST,Active,priority MUST_HAVE
PRD-ORG-003,DOC-01,MISSING (no main source file cites this requirement),MISSING (no schema object cites this requirement),MISSING (no API operation cites this requirement),MISSING (no test cites this requirement),AUTOMATED_TEST,Active,priority MUST_HAVE
PRD-ORG-004,DOC-01,OrgNodeTypeCatalogue; ResourceCatalogue,MISSING (no schema object cites this requirement),MISSING (no API operation cites this requirement),OperationManifestTest#<class-level citation>; OrgNodeAndResolutionTest#codeIsStableLabelIsFree,AUTOMATED_TEST,Active,priority MUST_HAVE
PRD-ORG-005,DOC-01,"N/A (verified by demonstration — a rehearsal or walkthrough, not a test; no code artifact is owed)","N/A (verified by demonstration — a rehearsal or walkthrough, not a test; no code artifact is owed)","N/A (verified by demonstration — a rehearsal or walkthrough, not a test; no code artifact is owed)","N/A (verified by demonstration — a rehearsal or walkthrough, not a test; no automated test is owed)",DEMONSTRATION,Active,priority SHOULD_HAVE
PRD-ORG-006,DOC-01,CriticalityResolution,MISSING (no schema object cites this requirement),MISSING (no API operation cites this requirement),OperationManifestTest#<class-level citation>,AUTOMATED_TEST,Active,priority MUST_HAVE
PRD-ORG-007,DOC-01,CriticalityResolution,MISSING (no schema object cites this requirement),MISSING (no API operation cites this requirement),MISSING (no test cites this requirement),AUTOMATED_TEST,Active,priority MUST_HAVE
PRD-ORG-008,DOC-01,MISSING (no main source file cites this requirement),MISSING (no schema object cites this requirement),MISSING (no API operation cites this requirement),MISSING (no test cites this requirement),AUTOMATED_TEST,Active,priority MUST_HAVE
PRD-ORG-009,DOC-01,MISSING (no main source file cites this requirement),MISSING (no schema object cites this requirement),MISSING (no API operation cites this requirement),MISSING (no test cites this requirement),AUTOMATED_TEST,Active,priority MUST_HAVE
PRD-ORG-010,DOC-01,MISSING (no main source file cites this requirement),MISSING (no schema object cites this requirement),MISSING (no API operation cites this requirement),MISSING (no test cites this requirement),AUTOMATED_TEST,Active,priority MUST_HAVE
PRD-ORG-011,DOC-01,MISSING (no main source file cites this requirement),MISSING (no schema object cites this requirement),MISSING (no API operation cites this requirement),MISSING (no test cites this requirement),AUTOMATED_TEST,Active,priority MUST_HAVE
PRD-ORG-012,DOC-01,MISSING (no main source file cites this requirement),MISSING (no schema object cites this requirement),MISSING (no API operation cites this requirement),MISSING (no test cites this requirement),AUTOMATED_TEST,Active,priority SHOULD_HAVE
PRD-ORG-013,DOC-01,MISSING (no main source file cites this requirement),MISSING (no schema object cites this requirement),MISSING (no API operation cites this requirement),MISSING (no test cites this requirement),AUTOMATED_TEST,Active,priority MUST_HAVE
PRD-ORG-014,DOC-01,MISSING (no main source file cites this requirement),MISSING (no schema object cites this requirement),MISSING (no API operation cites this requirement),MISSING (no test cites this requirement),AUTOMATED_TEST,Active,priority MUST_HAVE
PRD-PLT-001,DOC-17,ResourceCatalogue; ScopeDescriptor,"criticality_tier (table, V004__organization_scope.sql)","N/A (verified by architecture review; the artifact is the review record, document inspection; no code artifact is owed)","N/A (verified by architecture review; the artifact is the review record, document inspection; no automated test is owed)",ARCHITECTURE_REVIEW|DOCUMENT_INSPECTION,Active,priority MUST_HAVE
PRD-PLT-002,DOC-17,N/A (verified by document inspection; no code artifact is owed),N/A (verified by document inspection; no code artifact is owed),N/A (verified by document inspection; no code artifact is owed),N/A (verified by document inspection; no automated test is owed),DOCUMENT_INSPECTION,Active,priority MUST_HAVE
PRD-PLT-003,DOC-17,"N/A (verified by demonstration — a rehearsal or walkthrough, not a test; no code artifact is owed)","N/A (verified by demonstration — a rehearsal or walkthrough, not a test; no code artifact is owed)","N/A (verified by demonstration — a rehearsal or walkthrough, not a test; no code artifact is owed)","N/A (verified by demonstration — a rehearsal or walkthrough, not a test; no automated test is owed)",DEMONSTRATION,Active,priority MUST_HAVE
PRD-PLT-004,DOC-17,N/A (verified by document inspection; no code artifact is owed),N/A (verified by document inspection; no code artifact is owed),N/A (verified by document inspection; no code artifact is owed),N/A (verified by document inspection; no automated test is owed),DOCUMENT_INSPECTION,Active,priority MUST_HAVE
PRD-PLT-005,DOC-17,N/A (verified by architecture review; the artifact is the review record; no code artifact is owed),N/A (verified by architecture review; the artifact is the review record; no code artifact is owed),N/A (verified by architecture review; the artifact is the review record; no code artifact is owed),N/A (verified by architecture review; the artifact is the review record; no automated test is owed),ARCHITECTURE_REVIEW,Active,priority MUST_HAVE
PRD-PLT-006,DOC-17,N/A (verified by document inspection; no code artifact is owed),N/A (verified by document inspection; no code artifact is owed),N/A (verified by document inspection; no code artifact is owed),N/A (verified by document inspection; no automated test is owed),DOCUMENT_INSPECTION,Active,priority MUST_HAVE
PRD-PLT-007,DOC-17,N/A (verified by document inspection; no code artifact is owed),N/A (verified by document inspection; no code artifact is owed),N/A (verified by document inspection; no code artifact is owed),N/A (verified by document inspection; no automated test is owed),DOCUMENT_INSPECTION,Active,priority MUST_HAVE
PRD-PLT-008,DOC-17,MISSING (no main source file cites this requirement),MISSING (no schema object cites this requirement),MISSING (no API operation cites this requirement),MISSING (no test cites this requirement),AUTOMATED_TEST,Active,priority MUST_HAVE
PRD-PLT-009,DOC-17,"N/A (verified by architecture review; the artifact is the review record, document inspection; no code artifact is owed)","N/A (verified by architecture review; the artifact is the review record, document inspection; no code artifact is owed)","N/A (verified by architecture review; the artifact is the review record, document inspection; no code artifact is owed)","N/A (verified by architecture review; the artifact is the review record, document inspection; no automated test is owed)",ARCHITECTURE_REVIEW|DOCUMENT_INSPECTION,Active,priority MUST_HAVE
PRD-PLT-010,DOC-17,N/A (verified by document inspection; no code artifact is owed),N/A (verified by document inspection; no code artifact is owed),N/A (verified by document inspection; no code artifact is owed),N/A (verified by document inspection; no automated test is owed),DOCUMENT_INSPECTION,Active,priority MUST_HAVE
PRD-PLT-011,DOC-17,PipelineGate,MISSING (no schema object cites this requirement),MISSING (no API operation cites this requirement),MISSING (no test cites this requirement),AUTOMATED_TEST,Active,priority MUST_HAVE
PRD-PLT-012,DOC-17,PipelineGate,MISSING (no schema object cites this requirement),PlatformOperations,ApplicationTierTest#operationsAreRegistered; OperationManifestTest#<class-level citation>; OperationManifestTest#writeManifest; +2 more,AUTOMATED_TEST,Active,priority MUST_HAVE
PRD-PLT-013,DOC-17,N/A (verified by document inspection; no code artifact is owed),N/A (verified by document inspection; no code artifact is owed),N/A (verified by document inspection; no code artifact is owed),N/A (verified by document inspection; no automated test is owed),DOCUMENT_INSPECTION,Active,priority MUST_HAVE
PRD-PLT-014,DOC-17,N/A (verified by document inspection; no code artifact is owed),N/A (verified by document inspection; no code artifact is owed),N/A (verified by document inspection; no code artifact is owed),N/A (verified by document inspection; no automated test is owed),DOCUMENT_INSPECTION,Active,priority MUST_HAVE
PRD-PLT-015,DOC-17,"N/A (verified by penetration test, scheduled before commercial release; no code artifact is owed)","N/A (verified by penetration test, scheduled before commercial release; no code artifact is owed)","N/A (verified by penetration test, scheduled before commercial release; no code artifact is owed)","N/A (verified by penetration test, scheduled before commercial release; no automated test is owed)",PENETRATION_TEST,Active,priority MUST_HAVE
PRD-PTR-001,DOC-01,MISSING (no main source file cites this requirement),MISSING (no schema object cites this requirement),MISSING (no API operation cites this requirement),MISSING (no test cites this requirement),AUTOMATED_TEST,Active,priority MUST_HAVE
PRD-PTR-002,DOC-01,MISSING (no main source file cites this requirement),MISSING (no schema object cites this requirement),MISSING (no API operation cites this requirement),MISSING (no test cites this requirement),AUTOMATED_TEST|PENETRATION_TEST,Active,priority MUST_HAVE
PRD-PTR-003,DOC-01,MISSING (no main source file cites this requirement),MISSING (no schema object cites this requirement),MISSING (no API operation cites this requirement),MISSING (no test cites this requirement),AUTOMATED_TEST,Active,priority MUST_HAVE
PRD-PTR-004,DOC-01,MISSING (no main source file cites this requirement),MISSING (no schema object cites this requirement),MISSING (no API operation cites this requirement),MISSING (no test cites this requirement),AUTOMATED_TEST|CODE_REVIEW,Active,priority MUST_HAVE
PRD-PTR-005,DOC-01,MISSING (no main source file cites this requirement),MISSING (no schema object cites this requirement),MISSING (no API operation cites this requirement),MISSING (no test cites this requirement),AUTOMATED_TEST,Active,priority MUST_HAVE
PRD-PTR-006,DOC-01,MISSING (no main source file cites this requirement),MISSING (no schema object cites this requirement),MISSING (no API operation cites this requirement),MISSING (no test cites this requirement),AUTOMATED_TEST,Active,priority MUST_HAVE
PRD-PTR-007,DOC-01,MISSING (no main source file cites this requirement),MISSING (no schema object cites this requirement),MISSING (no API operation cites this requirement),MISSING (no test cites this requirement),AUTOMATED_TEST,Active,priority MUST_HAVE
PRD-PTR-008,DOC-01,MISSING (no main source file cites this requirement),MISSING (no schema object cites this requirement),MISSING (no API operation cites this requirement),MISSING (no test cites this requirement),AUTOMATED_TEST,Active,priority MUST_HAVE
PRD-PTR-009,DOC-01,AssessmentRequest; RoleAccount,"N/A (verified by demonstration — a rehearsal or walkthrough, not a test; no code artifact is owed)","N/A (verified by demonstration — a rehearsal or walkthrough, not a test; no code artifact is owed)","N/A (verified by demonstration — a rehearsal or walkthrough, not a test; no automated test is owed)",DEMONSTRATION,Active,priority MUST_HAVE
PRD-PTR-010,DOC-01,MISSING (no main source file cites this requirement),MISSING (no schema object cites this requirement),MISSING (no API operation cites this requirement),MISSING (no test cites this requirement),AUTOMATED_TEST,Active,priority MUST_HAVE
PRD-PTR-011,DOC-01,MISSING (no main source file cites this requirement),MISSING (no schema object cites this requirement),MISSING (no API operation cites this requirement),MISSING (no test cites this requirement),AUTOMATED_TEST,Active,priority MUST_HAVE
PRD-PTR-012,DOC-01,MISSING (no main source file cites this requirement),MISSING (no schema object cites this requirement),MISSING (no API operation cites this requirement),MISSING (no test cites this requirement),AUTOMATED_TEST,Active,priority MUST_HAVE
PRD-PTR-013,DOC-01,MISSING (no main source file cites this requirement),MISSING (no schema object cites this requirement),MISSING (no API operation cites this requirement),MISSING (no test cites this requirement),AUTOMATED_TEST,Active,priority MUST_HAVE
PRD-PTR-014,DOC-01,MISSING (no main source file cites this requirement),MISSING (no schema object cites this requirement),MISSING (no API operation cites this requirement),MISSING (no test cites this requirement),AUTOMATED_TEST,Active,priority MUST_HAVE
PRD-PTR-015,DOC-01,MISSING (no main source file cites this requirement),MISSING (no schema object cites this requirement),MISSING (no API operation cites this requirement),MISSING (no test cites this requirement),AUTOMATED_TEST,Active,priority MUST_HAVE
PRD-PTR-016,DOC-01,MISSING (no main source file cites this requirement),MISSING (no schema object cites this requirement),MISSING (no API operation cites this requirement),MISSING (no test cites this requirement),AUTOMATED_TEST,Active,priority MUST_HAVE
PRD-PTR-017,DOC-01,MISSING (no main source file cites this requirement),MISSING (no schema object cites this requirement),MISSING (no API operation cites this requirement),MISSING (no test cites this requirement),AUTOMATED_TEST,Active,priority SHOULD_HAVE
PRD-PTR-018,DOC-01,MISSING (no main source file cites this requirement),MISSING (no schema object cites this requirement),MISSING (no API operation cites this requirement),MISSING (no test cites this requirement),AUTOMATED_TEST,Active,priority SHOULD_HAVE
PRD-PTR-019,DOC-01,MISSING (no main source file cites this requirement),MISSING (no schema object cites this requirement),MISSING (no API operation cites this requirement),MISSING (no test cites this requirement),AUTOMATED_TEST|PENETRATION_TEST,Active,priority MUST_HAVE
PRD-PTR-020,DOC-01,MISSING (no main source file cites this requirement),MISSING (no schema object cites this requirement),MISSING (no API operation cites this requirement),MISSING (no test cites this requirement),AUTOMATED_TEST,Active,priority SHOULD_HAVE
PRD-PTR-021,DOC-01,MISSING (no main source file cites this requirement),MISSING (no schema object cites this requirement),MISSING (no API operation cites this requirement),OperationManifestTest#<class-level citation>; OperationManifestTest#writeManifest,AUTOMATED_TEST,Active,priority MUST_HAVE
PRD-PTR-022,DOC-01,MISSING (no main source file cites this requirement),"assessment_request_role_account (table, V010__assessment_and_intake.sql)",MISSING (no API operation cites this requirement),MISSING (no test cites this requirement),AUTOMATED_TEST,Active,priority SHOULD_HAVE
PRD-PTR-023,DOC-01,MISSING (no main source file cites this requirement),MISSING (no schema object cites this requirement),MISSING (no API operation cites this requirement),MISSING (no test cites this requirement),AUTOMATED_TEST,Active,priority MUST_HAVE
PRD-PTR-024,DOC-01,"N/A (verified by demonstration — a rehearsal or walkthrough, not a test; no code artifact is owed)","N/A (verified by demonstration — a rehearsal or walkthrough, not a test; no code artifact is owed)","N/A (verified by demonstration — a rehearsal or walkthrough, not a test; no code artifact is owed)","N/A (verified by demonstration — a rehearsal or walkthrough, not a test; no automated test is owed)",DEMONSTRATION,Active,priority SHOULD_HAVE
PRD-PTR-025,DOC-01,MISSING (no main source file cites this requirement),MISSING (no schema object cites this requirement),MISSING (no API operation cites this requirement),MISSING (no test cites this requirement),AUTOMATED_TEST,Active,priority SHOULD_HAVE
PRD-RSK-001,DOC-01,MISSING (no main source file cites this requirement),MISSING (no schema object cites this requirement),MISSING (no API operation cites this requirement),MISSING (no test cites this requirement),AUTOMATED_TEST,Active,priority MUST_HAVE
PRD-RSK-002,DOC-01,MISSING (no main source file cites this requirement),MISSING (no schema object cites this requirement),MISSING (no API operation cites this requirement),MISSING (no test cites this requirement),AUTOMATED_TEST,Active,priority MUST_HAVE
PRD-RSK-003,DOC-01,MISSING (no main source file cites this requirement),MISSING (no schema object cites this requirement),MISSING (no API operation cites this requirement),MISSING (no test cites this requirement),AUTOMATED_TEST,Active,priority MUST_HAVE
PRD-RSK-004,DOC-01,Factor; RiskScore; WeightSet,"scoring_model_factor_weight (table, V008__risk_and_service_levels.sql)",MISSING (no API operation cites this requirement),KernelPersistenceVerificationTest#weightBoundsEnforcedAtTheEngine,AUTOMATED_TEST,Active,priority MUST_HAVE
PRD-RSK-005,DOC-01,MISSING (no main source file cites this requirement),MISSING (no schema object cites this requirement),MISSING (no API operation cites this requirement),MISSING (no test cites this requirement),AUTOMATED_TEST,Active,priority MUST_HAVE
PRD-RSK-006,DOC-01,MISSING (no main source file cites this requirement),MISSING (no schema object cites this requirement),MISSING (no API operation cites this requirement),MISSING (no test cites this requirement),AUTOMATED_TEST,Active,priority MUST_HAVE
PRD-RSK-007,DOC-01,MISSING (no main source file cites this requirement),MISSING (no schema object cites this requirement),MISSING (no API operation cites this requirement),MISSING (no test cites this requirement),AUTOMATED_TEST,Active,priority MUST_HAVE
PRD-RSK-008,DOC-01,MISSING (no main source file cites this requirement),MISSING (no schema object cites this requirement),MISSING (no API operation cites this requirement),MISSING (no test cites this requirement),AUTOMATED_TEST,Active,priority MUST_HAVE
PRD-RSK-009,DOC-01,MISSING (no main source file cites this requirement),MISSING (no schema object cites this requirement),MISSING (no API operation cites this requirement),MISSING (no test cites this requirement),AUTOMATED_TEST,Active,priority MUST_HAVE
PRD-RSK-010,DOC-01,MISSING (no main source file cites this requirement),MISSING (no schema object cites this requirement),MISSING (no API operation cites this requirement),MISSING (no test cites this requirement),AUTOMATED_TEST,Active,priority MUST_HAVE
PRD-RSK-011,DOC-01,MISSING (no main source file cites this requirement),MISSING (no schema object cites this requirement),MISSING (no API operation cites this requirement),MISSING (no test cites this requirement),AUTOMATED_TEST,Active,priority MUST_HAVE
PRD-RSK-012,DOC-01,MISSING (no main source file cites this requirement),MISSING (no schema object cites this requirement),MISSING (no API operation cites this requirement),MISSING (no test cites this requirement),AUTOMATED_TEST,Active,priority MUST_HAVE
PRD-RSK-013,DOC-01,MISSING (no main source file cites this requirement),MISSING (no schema object cites this requirement),MISSING (no API operation cites this requirement),MISSING (no test cites this requirement),AUTOMATED_TEST,Active,priority MUST_HAVE
PRD-RSK-014,DOC-01,MISSING (no main source file cites this requirement),MISSING (no schema object cites this requirement),MISSING (no API operation cites this requirement),MISSING (no test cites this requirement),AUTOMATED_TEST,Active,priority MUST_HAVE
PRD-RSK-015,DOC-01,MISSING (no main source file cites this requirement),MISSING (no schema object cites this requirement),MISSING (no API operation cites this requirement),MISSING (no test cites this requirement),AUTOMATED_TEST,Active,priority SHOULD_HAVE
PRD-RSK-016,DOC-28,RiskScore,MISSING (no schema object cites this requirement),MISSING (no API operation cites this requirement),RiskAndServiceLevelTest#formulaMatchesTheDocument,AUTOMATED_TEST,Active,priority MUST_HAVE
PRD-RSK-017,DOC-28,RiskScore,MISSING (no schema object cites this requirement),MISSING (no API operation cites this requirement),RiskAndServiceLevelTest#factorsNormalizeToUnitInterval,AUTOMATED_TEST,Active,priority MUST_HAVE
PRD-RSK-018,DOC-28,RiskScore,"risk_score (table, V008__risk_and_service_levels.sql)",MISSING (no API operation cites this requirement),KernelPersistenceVerificationTest#scoreMissingAFactorIsRejected; KernelPersistenceVerificationTest#suppressionIsBoundedAndJustified; RiskAndServiceLevelTest#everyFactorNeedsAnInput; +1 more,AUTOMATED_TEST,Active,priority MUST_HAVE
PRD-RSK-019,DOC-28,RiskScore; ScoreBand,N/A (verified by document inspection; no code artifact is owed),N/A (verified by document inspection; no code artifact is owed),RiskAndServiceLevelTest#bandsComeFromThresholds,DOCUMENT_INSPECTION,Active,priority MUST_HAVE
PRD-RSK-020,DOC-28,WeightSet,"scoring_model_factor_weight (table, V008__risk_and_service_levels.sql)",MISSING (no API operation cites this requirement),KernelPersistenceVerificationTest#weightBoundsEnforcedAtTheEngine; RiskAndServiceLevelTest#weightBoundsAreEnforcedWithADiagnosis,AUTOMATED_TEST,Active,priority MUST_HAVE
PRD-RSK-021,DOC-28,MISSING (no main source file cites this requirement),"reject_activated_model_change (function, V008__risk_and_service_levels.sql)",MISSING (no API operation cites this requirement),KernelPersistenceVerificationTest#activatedModelWeightsAreImmutable,AUTOMATED_TEST,Active,priority MUST_HAVE
PRD-RSK-022,DOC-28,RiskScore,"N/A (verified by demonstration — a rehearsal or walkthrough, not a test; no code artifact is owed)","N/A (verified by demonstration — a rehearsal or walkthrough, not a test; no code artifact is owed)","N/A (verified by demonstration — a rehearsal or walkthrough, not a test; no automated test is owed)",DEMONSTRATION,Active,priority SHOULD_HAVE
PRD-RSK-023,DOC-28,AttributeValidation; Condition; FactValue; +3 more,"risk_score (table, V008__risk_and_service_levels.sql)",MISSING (no API operation cites this requirement),AuthorizedTraversalAndAttributesTest#decimalRequiresBigDecimal; RiskAndServiceLevelTest#bandsComeFromThresholds; RiskAndServiceLevelTest#recomputationIsIdentical,AUTOMATED_TEST,Active,priority MUST_HAVE
PRD-RSK-024,DOC-28,RiskScore,"reject_risk_score_change (function, V008__risk_and_service_levels.sql)",MISSING (no API operation cites this requirement),KernelPersistenceVerificationTest#riskScoreIsImmutableExceptSupersession; RiskAndServiceLevelTest#recomputationIsIdentical; RiskAndServiceLevelTest#scoresAreImmutable,AUTOMATED_TEST,Active,priority MUST_HAVE
PRD-RSK-025,DOC-28,ScoreChangeAttribution,"risk_score (table, V008__risk_and_service_levels.sql)",MISSING (no API operation cites this requirement),RiskAndServiceLevelTest#subjectIsAnImpactNotAFinding,AUTOMATED_TEST,Active,priority MUST_HAVE
PRD-RSK-026,DOC-28,PostureImprovementAttribution,MISSING (no schema object cites this requirement),MISSING (no API operation cites this requirement),RiskAndServiceLevelTest#improvementAtHeldCoverageIsRemediation; RiskAndServiceLevelTest#improvementOverLostCoverageIsNotAnImprovement,AUTOMATED_TEST,Active,priority MUST_HAVE
PRD-RSK-027,DOC-28,ClosureFigure; CoverageQualifier; CoverageSummary; +4 more,"reject_risk_score_change (function, V008__risk_and_service_levels.sql); rm_latest_risk_score (table, V012__read_models.sql); scores_not_presentable_as_posture (function, V008__risk_and_service_levels.sql)",MISSING (no API operation cites this requirement),AssessmentAndCoverageTest#emptyIsZeroNotPerfect; KernelPersistenceVerificationTest#insufficientScoresAreQueryableAsAnExclusionSet; KernelPersistenceVerificationTest#riskScoreIsImmutableExceptSupersession; +4 more,AUTOMATED_TEST|DOCUMENT_INSPECTION,Active,priority MUST_HAVE
PRD-RSK-028,DOC-28,CoverageQualifier; SbomCoverageState,MISSING (no schema object cites this requirement),MISSING (no API operation cites this requirement),RiskAndServiceLevelTest#exclusionCannotRaiseCoverage,AUTOMATED_TEST,Active,priority MUST_HAVE
PRD-RSK-029,DOC-28,NodePosture,MISSING (no schema object cites this requirement),MISSING (no API operation cites this requirement),RiskAndServiceLevelTest#exclusionCannotRaiseCoverage,AUTOMATED_TEST,Active,priority MUST_HAVE
PRD-RSK-030,DOC-28,NodePosture,MISSING (no schema object cites this requirement),MISSING (no API operation cites this requirement),RiskAndServiceLevelTest#normalizationIsStated,AUTOMATED_TEST|DOCUMENT_INSPECTION,Active,priority MUST_HAVE
PRD-RSK-031,DOC-28,NodePosture,MISSING (no schema object cites this requirement),MISSING (no API operation cites this requirement),RiskAndServiceLevelTest#smallComparisonSetsAreRefused,AUTOMATED_TEST,Active,priority MUST_HAVE
PRD-RSK-032,DOC-28,RuleMatcher; ServiceLevelClock,"service_level_clock (table, V008__risk_and_service_levels.sql)",MISSING (no API operation cites this requirement),RiskAndServiceLevelTest#policyAndCalendarArePinned; RulesEngineTest#rankingIsStable,AUTOMATED_TEST,Active,priority MUST_HAVE
PRD-RSK-033,DOC-28,FactValue; ServiceLevelClock,"service_level_clock (table, V008__risk_and_service_levels.sql)",MISSING (no API operation cites this requirement),RiskAndServiceLevelTest#policyAndCalendarArePinned,AUTOMATED_TEST,Active,priority MUST_HAVE
PRD-RSK-034,DOC-28,Assessment; EscalationChain; FindingState; +5 more,"reject_clock_interval_rewrite (function, V008__risk_and_service_levels.sql); scoring_model (table, V008__risk_and_service_levels.sql); service_level_clock_interval (table, V008__risk_and_service_levels.sql); +1 more",MISSING (no API operation cites this requirement),KernelPersistenceVerificationTest#clockIntervalAttributionIsNotRewritable; KernelPersistenceVerificationTest#pausedIntervalRequiresEnumeratedAttribution; RiskAndServiceLevelTest#pauseRequiresAttribution; +4 more,AUTOMATED_TEST,Active,priority MUST_HAVE
PRD-RSK-035,DOC-28,ServiceLevelClock,"service_level_clock (table, V008__risk_and_service_levels.sql)",MISSING (no API operation cites this requirement),RiskAndServiceLevelTest#<class-level citation>; RiskAndServiceLevelTest#recomputationPreservesPausedTime; RiskAndServiceLevelTest#shorterPolicyMayBreachImmediately,AUTOMATED_TEST,Active,priority MUST_HAVE
PRD-RSK-036,DOC-28,ServiceLevelClock,MISSING (no schema object cites this requirement),MISSING (no API operation cites this requirement),RiskAndServiceLevelTest#<class-level citation>; RiskAndServiceLevelTest#scoreDecreaseNeverExtends,AUTOMATED_TEST,Active,priority MUST_HAVE
PRD-RSK-037,DOC-28,ServiceLevelClock; TransitionBlockingAttribution,MISSING (no schema object cites this requirement),MISSING (no API operation cites this requirement),RiskAndServiceLevelTest#escalationSuppressedWhileBlockedElsewhere,AUTOMATED_TEST,Active,priority MUST_HAVE
PRD-RSK-038,DOC-28,AssessmentRequest,MISSING (no schema object cites this requirement),MISSING (no API operation cites this requirement),IntakeTest#derivedFactsAreReproducible,AUTOMATED_TEST,Active,priority MUST_HAVE
PRD-RSK-039,DOC-28,WorkItem,MISSING (no schema object cites this requirement),MISSING (no API operation cites this requirement),WorkItemAndAutomationTest#effortFigureCarriesItsProvenance,AUTOMATED_TEST,Active,priority MUST_HAVE
PRD-RSK-040,DOC-28,HonestRenderer,MISSING (no schema object cites this requirement),MISSING (no API operation cites this requirement),HonestyAssertionTest#thinCalibrationIsLabelled,AUTOMATED_TEST|DOCUMENT_INSPECTION,Active,priority MUST_HAVE
PRD-RSK-041,DOC-28,ScoreReducingAction; ScoreReducingRateAnomaly,"reject_score_reducing_event_change (function, V008__risk_and_service_levels.sql); score_reducing_action_event (table, V008__risk_and_service_levels.sql)",MISSING (no API operation cites this requirement),KernelPersistenceVerificationTest#scoreReducingActionRecordIsAppendOnly; RiskAndServiceLevelTest#anomalyCarriesItsArithmetic; RiskAndServiceLevelTest#everyGamingPathIsEnumerated,AUTOMATED_TEST,Active,priority MUST_HAVE
PRD-RSK-042,DOC-28,ClosureFigure; ScoreReducingRateAnomaly,MISSING (no schema object cites this requirement),MISSING (no API operation cites this requirement),RiskAndServiceLevelTest#closureTotalRequiresItsBreakdown,AUTOMATED_TEST|DOCUMENT_INSPECTION,Active,priority MUST_HAVE
PRD-RSK-043,DOC-28,ScoreReducingAction,MISSING (no schema object cites this requirement),MISSING (no API operation cites this requirement),RiskAndServiceLevelTest#configurationChangeIsTheDistinctCase; RiskAndServiceLevelTest#everyGamingPathIsEnumerated,AUTOMATED_TEST,Active,priority MUST_HAVE
PRD-RSK-044,DOC-28,EvaluationHarness,MISSING (no schema object cites this requirement),MISSING (no API operation cites this requirement),MISSING (no test cites this requirement),AUTOMATED_TEST|MANUAL_TEST,Active,priority MUST_HAVE
PRD-RSK-045,DOC-28,MISSING (no main source file cites this requirement),MISSING (no schema object cites this requirement),MISSING (no API operation cites this requirement),MISSING (no test cites this requirement),AUTOMATED_TEST,Active,priority MUST_HAVE
PRD-RSK-046,DOC-28,"N/A (verified by demonstration — a rehearsal or walkthrough, not a test; no code artifact is owed)","scoring_model (table, V008__risk_and_service_levels.sql)","N/A (verified by demonstration — a rehearsal or walkthrough, not a test; no code artifact is owed)",KernelPersistenceVerificationTest#unvalidatedModelCannotBeActivated,DEMONSTRATION,Active,priority MUST_HAVE
PRD-RSK-047,DOC-28,MISSING (no main source file cites this requirement),MISSING (no schema object cites this requirement),MISSING (no API operation cites this requirement),MISSING (no test cites this requirement),AUTOMATED_TEST,Active,priority SHOULD_HAVE
PRD-SBM-002,DOC-01,MISSING (no main source file cites this requirement),MISSING (no schema object cites this requirement),MISSING (no API operation cites this requirement),MISSING (no test cites this requirement),AUTOMATED_TEST,Active,priority MUST_HAVE
PRD-SBM-003,DOC-01,MISSING (no main source file cites this requirement),MISSING (no schema object cites this requirement),MISSING (no API operation cites this requirement),MISSING (no test cites this requirement),AUTOMATED_TEST,Active,priority MUST_HAVE
PRD-SBM-004,DOC-01,MISSING (no main source file cites this requirement),MISSING (no schema object cites this requirement),MISSING (no API operation cites this requirement),MISSING (no test cites this requirement),AUTOMATED_TEST,Active,priority MUST_HAVE
PRD-SBM-005,DOC-01,MISSING (no main source file cites this requirement),MISSING (no schema object cites this requirement),MISSING (no API operation cites this requirement),MISSING (no test cites this requirement),AUTOMATED_TEST,Active,priority MUST_HAVE
PRD-SBM-007,DOC-01,MISSING (no main source file cites this requirement),MISSING (no schema object cites this requirement),MISSING (no API operation cites this requirement),MISSING (no test cites this requirement),AUTOMATED_TEST,Active,priority MUST_HAVE
PRD-SBM-009,DOC-01,N/A (verified by code review; the artifact is the review record; no code artifact is owed),N/A (verified by code review; the artifact is the review record; no code artifact is owed),N/A (verified by code review; the artifact is the review record; no code artifact is owed),N/A (verified by code review; the artifact is the review record; no automated test is owed),CODE_REVIEW,Active,priority MUST_HAVE
PRD-SBM-010,DOC-01,MISSING (no main source file cites this requirement),MISSING (no schema object cites this requirement),MISSING (no API operation cites this requirement),MISSING (no test cites this requirement),AUTOMATED_TEST,Active,priority MUST_HAVE
PRD-SBM-011,DOC-01,MISSING (no main source file cites this requirement),MISSING (no schema object cites this requirement),MISSING (no API operation cites this requirement),MISSING (no test cites this requirement),AUTOMATED_TEST,Active,priority MUST_HAVE
PRD-SBM-012,DOC-01,MISSING (no main source file cites this requirement),MISSING (no schema object cites this requirement),MISSING (no API operation cites this requirement),MISSING (no test cites this requirement),AUTOMATED_TEST,Active,priority MUST_HAVE
PRD-SBM-013,DOC-01,CoverageQualifier,MISSING (no schema object cites this requirement),MISSING (no API operation cites this requirement),MISSING (no test cites this requirement),AUTOMATED_TEST,Active,priority MUST_HAVE
PRD-SBM-014,DOC-01,MISSING (no main source file cites this requirement),MISSING (no schema object cites this requirement),MISSING (no API operation cites this requirement),MISSING (no test cites this requirement),AUTOMATED_TEST|DEMONSTRATION,Active,priority MUST_HAVE
PRD-SBM-015,DOC-01,MISSING (no main source file cites this requirement),MISSING (no schema object cites this requirement),MISSING (no API operation cites this requirement),MISSING (no test cites this requirement),AUTOMATED_TEST,Active,priority MUST_HAVE
PRD-SBM-016,DOC-01,MISSING (no main source file cites this requirement),MISSING (no schema object cites this requirement),MISSING (no API operation cites this requirement),MISSING (no test cites this requirement),AUTOMATED_TEST,Active,priority MUST_HAVE
PRD-SBM-017,DOC-01,MISSING (no main source file cites this requirement),MISSING (no schema object cites this requirement),MISSING (no API operation cites this requirement),MISSING (no test cites this requirement),AUTOMATED_TEST,Active,priority MUST_HAVE
PRD-SBM-018,DOC-01,MISSING (no main source file cites this requirement),MISSING (no schema object cites this requirement),MISSING (no API operation cites this requirement),MISSING (no test cites this requirement),AUTOMATED_TEST,Active,priority SHOULD_HAVE
PRD-SBM-019,DOC-01,MISSING (no main source file cites this requirement),MISSING (no schema object cites this requirement),MISSING (no API operation cites this requirement),MISSING (no test cites this requirement),AUTOMATED_TEST,Active,priority MUST_HAVE
PRD-SBM-020,DOC-01,MISSING (no main source file cites this requirement),MISSING (no schema object cites this requirement),MISSING (no API operation cites this requirement),MISSING (no test cites this requirement),AUTOMATED_TEST,Active,priority MUST_HAVE
PRD-SBM-021,DOC-01,MISSING (no main source file cites this requirement),MISSING (no schema object cites this requirement),MISSING (no API operation cites this requirement),MISSING (no test cites this requirement),AUTOMATED_TEST,Active,priority MUST_HAVE
PRD-SBM-022,DOC-01,MISSING (no main source file cites this requirement),MISSING (no schema object cites this requirement),MISSING (no API operation cites this requirement),MISSING (no test cites this requirement),AUTOMATED_TEST|DOCUMENT_INSPECTION,Active,priority MUST_HAVE
PRD-SBM-023,DOC-01,MISSING (no main source file cites this requirement),MISSING (no schema object cites this requirement),MISSING (no API operation cites this requirement),MISSING (no test cites this requirement),AUTOMATED_TEST,Active,priority MUST_HAVE
PRD-SBM-024,DOC-01,MISSING (no main source file cites this requirement),MISSING (no schema object cites this requirement),MISSING (no API operation cites this requirement),MISSING (no test cites this requirement),AUTOMATED_TEST,Active,priority MUST_HAVE
PRD-SBM-025,DOC-22,MISSING (no main source file cites this requirement),MISSING (no schema object cites this requirement),MISSING (no API operation cites this requirement),MISSING (no test cites this requirement),AUTOMATED_TEST|PENETRATION_TEST,Active,priority MUST_HAVE
PRD-SBM-026,DOC-22,MISSING (no main source file cites this requirement),MISSING (no schema object cites this requirement),MISSING (no API operation cites this requirement),MISSING (no test cites this requirement),AUTOMATED_TEST,Active,priority MUST_HAVE
PRD-SBM-027,DOC-22,MISSING (no main source file cites this requirement),MISSING (no schema object cites this requirement),MISSING (no API operation cites this requirement),MISSING (no test cites this requirement),AUTOMATED_TEST,Active,priority MUST_HAVE
PRD-SBM-028,DOC-22,MISSING (no main source file cites this requirement),MISSING (no schema object cites this requirement),MISSING (no API operation cites this requirement),MISSING (no test cites this requirement),AUTOMATED_TEST,Active,priority MUST_HAVE
PRD-SBM-029,DOC-22,MISSING (no main source file cites this requirement),MISSING (no schema object cites this requirement),MISSING (no API operation cites this requirement),MISSING (no test cites this requirement),AUTOMATED_TEST,Active,priority MUST_HAVE
PRD-SBM-030,DOC-22,MISSING (no main source file cites this requirement),MISSING (no schema object cites this requirement),MISSING (no API operation cites this requirement),MISSING (no test cites this requirement),AUTOMATED_TEST,Active,priority MUST_HAVE
PRD-SBM-031,DOC-22,MISSING (no main source file cites this requirement),MISSING (no schema object cites this requirement),MISSING (no API operation cites this requirement),MISSING (no test cites this requirement),AUTOMATED_TEST|CODE_REVIEW,Active,priority MUST_HAVE
PRD-SBM-032,DOC-22,SbomIngestion,"reject_snapshot_change (function, V011__composition_analysis.sql)",MISSING (no API operation cites this requirement),OperationManifestTest#writeManifest,AUTOMATED_TEST,Active,priority MUST_HAVE
PRD-SBM-033,DOC-22,SbomEndpoint; SbomIngestion,"reject_snapshot_change (function, V011__composition_analysis.sql)",MISSING (no API operation cites this requirement),MISSING (no test cites this requirement),AUTOMATED_TEST,Active,priority MUST_HAVE
PRD-SBM-034,DOC-22,MISSING (no main source file cites this requirement),MISSING (no schema object cites this requirement),MISSING (no API operation cites this requirement),MISSING (no test cites this requirement),AUTOMATED_TEST,Active,priority MUST_HAVE
PRD-SBM-035,DOC-22,SbomIngestion,"component (table, V011__composition_analysis.sql); runs_claiming_unearned_coverage (function, V011__composition_analysis.sql)",MISSING (no API operation cites this requirement),MISSING (no test cites this requirement),AUTOMATED_TEST,Active,priority MUST_HAVE
PRD-SBM-036,DOC-22,ComponentIdentity; MatchRun; VersionOrdering,"component (table, V011__composition_analysis.sql)",MISSING (no API operation cites this requirement),CanonicalizationAndMatchRunTest#<class-level citation>; VersionComparisonCorpusTest#reflexiveAndVersioned,AUTOMATED_TEST,Active,priority MUST_HAVE
PRD-SBM-037,DOC-22,ComponentIdentity; Ecosystem; SbomIngestion,"component (table, V011__composition_analysis.sql)",MISSING (no API operation cites this requirement),CanonicalizationAndMatchRunTest#unmatchableIsRecordedWithAReason; KernelPersistenceVerificationTest#unmatchableComponentsCarryTheirReason; OperationManifestTest#writeManifest; +1 more,AUTOMATED_TEST,Active,priority MUST_HAVE
PRD-SBM-038,DOC-22,Ecosystem; VersionOrdering,MISSING (no schema object cites this requirement),MISSING (no API operation cites this requirement),VersionComparisonCorpusTest#mavenUnknownQualifierOrdersAfter; VersionComparisonCorpusTest#unknownEcosystemIsIndeterminate,AUTOMATED_TEST,Active,priority MUST_HAVE
PRD-SBM-039,DOC-22,Ecosystem; VersionComparison; VersionOrdering,MISSING (no schema object cites this requirement),MISSING (no API operation cites this requirement),VersionComparisonCorpusTest#indeterminateSurvivesWhenNothingMatches; VersionComparisonCorpusTest#unparseableIsIndeterminate,AUTOMATED_TEST,Active,priority MUST_HAVE
PRD-SBM-040,DOC-22,Ecosystem; VersionComparison; VersionOrdering,MISSING (no schema object cites this requirement),MISSING (no API operation cites this requirement),VersionComparisonCorpusTest#patchEcosystemsAreCovered; VersionComparisonCorpusTest#patchMetadataOverridesRange,AUTOMATED_TEST,Active,priority MUST_HAVE
PRD-SBM-041,DOC-22,MISSING (no main source file cites this requirement),MISSING (no schema object cites this requirement),MISSING (no API operation cites this requirement),VersionComparisonCorpusTest#<class-level citation>,AUTOMATED_TEST,Active,priority MUST_HAVE
PRD-SBM-042,DOC-22,MISSING (no main source file cites this requirement),MISSING (no schema object cites this requirement),MISSING (no API operation cites this requirement),MISSING (no test cites this requirement),AUTOMATED_TEST,Active,priority MUST_HAVE
PRD-SBM-043,DOC-22,MISSING (no main source file cites this requirement),MISSING (no schema object cites this requirement),MISSING (no API operation cites this requirement),MISSING (no test cites this requirement),AUTOMATED_TEST,Active,priority MUST_HAVE
PRD-SBM-044,DOC-22,MISSING (no main source file cites this requirement),"component_entry (table, V011__composition_analysis.sql)",MISSING (no API operation cites this requirement),CanonicalizationAndMatchRunTest#idempotencyOnTheFullKey,AUTOMATED_TEST,Active,priority MUST_HAVE
PRD-SBM-045,DOC-22,MISSING (no main source file cites this requirement),MISSING (no schema object cites this requirement),MISSING (no API operation cites this requirement),MISSING (no test cites this requirement),AUTOMATED_TEST,Active,priority MUST_HAVE
PRD-SBM-046,DOC-22,MatchRun,MISSING (no schema object cites this requirement),MISSING (no API operation cites this requirement),CanonicalizationAndMatchRunTest#queuePrecedenceIsTotal,AUTOMATED_TEST,Active,priority MUST_HAVE
PRD-SBM-047,DOC-22,MatchRun,"match_run (table, V011__composition_analysis.sql)",MISSING (no API operation cites this requirement),MISSING (no test cites this requirement),AUTOMATED_TEST,Active,priority MUST_HAVE
PRD-SBM-048,DOC-22,ClosureAuthority; MatchRun,MISSING (no schema object cites this requirement),MISSING (no API operation cites this requirement),MISSING (no test cites this requirement),AUTOMATED_TEST,Active,priority MUST_HAVE
PRD-SBM-049,DOC-22,MISSING (no main source file cites this requirement),"match_batch (table, V011__composition_analysis.sql); match_run (table, V011__composition_analysis.sql)",MISSING (no API operation cites this requirement),MISSING (no test cites this requirement),AUTOMATED_TEST,Active,priority MUST_HAVE
PRD-SBM-050,DOC-22,ClosureAuthority; MatchRun,MISSING (no schema object cites this requirement),MISSING (no API operation cites this requirement),CanonicalizationAndMatchRunTest#skipIsRecorded; ClosureAndCoverageTest#skippedRunClosesNothing,AUTOMATED_TEST,Active,priority MUST_HAVE
PRD-SBM-051,DOC-22,MISSING (no main source file cites this requirement),MISSING (no schema object cites this requirement),MISSING (no API operation cites this requirement),MISSING (no test cites this requirement),AUTOMATED_TEST,Active,priority MUST_HAVE
PRD-SBM-052,DOC-22,MISSING (no main source file cites this requirement),MISSING (no schema object cites this requirement),MISSING (no API operation cites this requirement),MISSING (no test cites this requirement),AUTOMATED_TEST,Active,priority SHOULD_HAVE
PRD-SBM-053,DOC-22,ClosureAuthority; SbomIngestion,MISSING (no schema object cites this requirement),MISSING (no API operation cites this requirement),ClosureAndCoverageTest#<class-level citation>; ClosureAndCoverageTest#everyFailureOutcomeRefuses,AUTOMATED_TEST,Active,priority MUST_HAVE
PRD-SBM-054,DOC-22,ClosureAuthority,MISSING (no schema object cites this requirement),MISSING (no API operation cites this requirement),MISSING (no test cites this requirement),AUTOMATED_TEST,Active,priority MUST_HAVE
PRD-SBM-055,DOC-22,ClosureAuthority; MatchRun; SbomCoverageState,"match_run (table, V011__composition_analysis.sql); sbom_snapshot (table, V011__composition_analysis.sql)",MISSING (no API operation cites this requirement),CanonicalizationAndMatchRunTest#coveredEcosystemsReachTheGate; ClosureAndCoverageTest#refusalNamesEveryGap; ClosureAndCoverageTest#uncoveredEcosystemIsNotClosed; +2 more,AUTOMATED_TEST,Active,priority MUST_HAVE
PRD-SBM-056,DOC-22,ApplicationPages; CompositionPage; InventoryService; +3 more,"application_posture (view, V019__application_composition.sql); asset_sbom_state (view, V020__assurance_coverage.sql); rm_coverage_state (table, V012__read_models.sql); +1 more",MISSING (no API operation cites this requirement),ClosureAndCoverageTest#closureCannotBeGrantedWithoutADecision; KernelPersistenceVerificationTest#neverSubmittedAppearsInTheQueue; KernelPersistenceVerificationTest#neverSubmittedIsAProjectedStatus; +1 more,AUTOMATED_TEST,Active,priority MUST_HAVE
PRD-SBM-057,DOC-22,SbomCoverageState,MISSING (no schema object cites this requirement),MISSING (no API operation cites this requirement),ClosureAndCoverageTest#figuresCarryTheirQualifier,AUTOMATED_TEST|DOCUMENT_INSPECTION,Active,priority MUST_HAVE
PRD-SBM-058,DOC-22,SbomCoverageState,"coverage_gaps (function, V011__composition_analysis.sql); sbom_coverage_state (table, V011__composition_analysis.sql)",MISSING (no API operation cites this requirement),ClosureAndCoverageTest#coverageGapsHaveAnOwner,AUTOMATED_TEST,Active,priority MUST_HAVE
PRD-SBM-059,DOC-22,MISSING (no main source file cites this requirement),MISSING (no schema object cites this requirement),MISSING (no API operation cites this requirement),MISSING (no test cites this requirement),AUTOMATED_TEST,Active,priority MUST_HAVE
PRD-SBM-060,DOC-22,SbomCoverageState,MISSING (no schema object cites this requirement),MISSING (no API operation cites this requirement),ClosureAndCoverageTest#coverageNotImprovableByExclusion,AUTOMATED_TEST,Active,priority MUST_HAVE
PRD-SBM-061,DOC-22,ClosureAuthority,MISSING (no schema object cites this requirement),MISSING (no API operation cites this requirement),MISSING (no test cites this requirement),AUTOMATED_TEST,Active,priority MUST_HAVE
PRD-SBM-062,DOC-22,MISSING (no main source file cites this requirement),MISSING (no schema object cites this requirement),MISSING (no API operation cites this requirement),MISSING (no test cites this requirement),AUTOMATED_TEST,Active,priority MUST_HAVE
PRD-SBM-063,DOC-22,ClosureAuthority,MISSING (no schema object cites this requirement),MISSING (no API operation cites this requirement),ClosureAndCoverageTest#staleIntelligenceRefusesClosure,AUTOMATED_TEST,Active,priority MUST_HAVE
PRD-SBM-064,DOC-22,MISSING (no main source file cites this requirement),MISSING (no schema object cites this requirement),MISSING (no API operation cites this requirement),MISSING (no test cites this requirement),AUTOMATED_TEST,Active,priority MUST_HAVE
PRD-SBM-065,DOC-22,ClosureAuthority,MISSING (no schema object cites this requirement),MISSING (no API operation cites this requirement),ClosureAndCoverageTest#<class-level citation>; ClosureAndCoverageTest#everyFailureModeRefusesClosure,AUTOMATED_TEST|CODE_REVIEW,Active,priority MUST_HAVE
PRD-TEN-001,DOC-01,MISSING (no main source file cites this requirement),MISSING (no schema object cites this requirement),MISSING (no API operation cites this requirement),MISSING (no test cites this requirement),AUTOMATED_TEST|PENETRATION_TEST,Active,priority MUST_HAVE
PRD-TEN-002,DOC-01,MISSING (no main source file cites this requirement),MISSING (no schema object cites this requirement),MISSING (no API operation cites this requirement),MISSING (no test cites this requirement),AUTOMATED_TEST,Active,priority MUST_HAVE
PRD-TEN-003,DOC-01,MISSING (no main source file cites this requirement),MISSING (no schema object cites this requirement),MISSING (no API operation cites this requirement),MISSING (no test cites this requirement),AUTOMATED_TEST,Active,priority MUST_HAVE
PRD-TEN-004,DOC-01,MISSING (no main source file cites this requirement),MISSING (no schema object cites this requirement),MISSING (no API operation cites this requirement),MISSING (no test cites this requirement),AUTOMATED_TEST,Active,priority MUST_HAVE
PRD-TEN-005,DOC-01,MISSING (no main source file cites this requirement),MISSING (no schema object cites this requirement),MISSING (no API operation cites this requirement),MISSING (no test cites this requirement),AUTOMATED_TEST|PENETRATION_TEST,Active,priority MUST_HAVE
PRD-TEN-006,DOC-01,MISSING (no main source file cites this requirement),MISSING (no schema object cites this requirement),MISSING (no API operation cites this requirement),MISSING (no test cites this requirement),AUTOMATED_TEST,Active,priority MUST_HAVE
PRD-TEN-007,DOC-01,MISSING (no main source file cites this requirement),MISSING (no schema object cites this requirement),MISSING (no API operation cites this requirement),MISSING (no test cites this requirement),AUTOMATED_TEST,Active,priority MUST_HAVE
PRD-TEN-008,DOC-01,MISSING (no main source file cites this requirement),MISSING (no schema object cites this requirement),MISSING (no API operation cites this requirement),MISSING (no test cites this requirement),AUTOMATED_TEST,Active,priority MUST_HAVE
PRD-TEN-009,DOC-01,MISSING (no main source file cites this requirement),MISSING (no schema object cites this requirement),MISSING (no API operation cites this requirement),MISSING (no test cites this requirement),AUTOMATED_TEST,Active,priority MUST_HAVE
PRD-TEN-010,DOC-01,N/A (verified by architecture review; the artifact is the review record; no code artifact is owed),N/A (verified by architecture review; the artifact is the review record; no code artifact is owed),N/A (verified by architecture review; the artifact is the review record; no code artifact is owed),N/A (verified by architecture review; the artifact is the review record; no automated test is owed),ARCHITECTURE_REVIEW,Active,priority MUST_HAVE
PRD-UIX-001,DOC-08,MISSING (no main source file cites this requirement),MISSING (no schema object cites this requirement),MISSING (no API operation cites this requirement),MISSING (no test cites this requirement),AUTOMATED_TEST|CODE_REVIEW,Active,priority MUST_HAVE
PRD-UIX-002,DOC-08,MISSING (no main source file cites this requirement),MISSING (no schema object cites this requirement),MISSING (no API operation cites this requirement),MISSING (no test cites this requirement),AUTOMATED_TEST|MANUAL_TEST,Active,priority MUST_HAVE
PRD-UIX-003,DOC-08,N/A (verified by manual test; no code artifact is owed),N/A (verified by manual test; no code artifact is owed),N/A (verified by manual test; no code artifact is owed),N/A (verified by manual test; no automated test is owed),MANUAL_TEST,Active,priority MUST_HAVE
PRD-UIX-004,DOC-08,"N/A (verified by demonstration — a rehearsal or walkthrough, not a test; no code artifact is owed)","N/A (verified by demonstration — a rehearsal or walkthrough, not a test; no code artifact is owed)","N/A (verified by demonstration — a rehearsal or walkthrough, not a test; no code artifact is owed)","N/A (verified by demonstration — a rehearsal or walkthrough, not a test; no automated test is owed)",DEMONSTRATION,Active,priority MUST_HAVE
PRD-UIX-005,DOC-08,DataTable,N/A (verified by manual test; no code artifact is owed),N/A (verified by manual test; no code artifact is owed),N/A (verified by manual test; no automated test is owed),MANUAL_TEST,Active,priority MUST_HAVE
PRD-UIX-006,DOC-08,DesignSystem,MISSING (no schema object cites this requirement),MISSING (no API operation cites this requirement),InterfaceTest#themesAreDeclaredNotDerived; InterfaceTest#tokenNamesAreValidated; OperationManifestTest#writeManifest,AUTOMATED_TEST,Active,priority MUST_HAVE
PRD-UIX-007,DOC-08,Page; Script,"N/A (verified by demonstration — a rehearsal or walkthrough, not a test; no code artifact is owed)","N/A (verified by demonstration — a rehearsal or walkthrough, not a test; no code artifact is owed)","N/A (verified by demonstration — a rehearsal or walkthrough, not a test; no automated test is owed)",DEMONSTRATION,Active,priority MUST_HAVE
PRD-UIX-008,DOC-08,N/A (verified by code review; the artifact is the review record; no code artifact is owed),N/A (verified by code review; the artifact is the review record; no code artifact is owed),N/A (verified by code review; the artifact is the review record; no code artifact is owed),N/A (verified by code review; the artifact is the review record; no automated test is owed),CODE_REVIEW,Active,priority MUST_HAVE
PRD-UIX-009,DOC-08,OrganizationPages; Page,MISSING (no schema object cites this requirement),MISSING (no API operation cites this requirement),MISSING (no test cites this requirement),AUTOMATED_TEST,Active,priority MUST_HAVE
PRD-UIX-010,DOC-08,DesignSystem; InterfaceResource; Page,MISSING (no schema object cites this requirement),MISSING (no API operation cites this requirement),MISSING (no test cites this requirement),AUTOMATED_TEST|PENETRATION_TEST,Active,priority MUST_HAVE
PRD-UIX-011,DOC-08,Page,N/A (verified by manual test; no code artifact is owed),N/A (verified by manual test; no code artifact is owed),InterfaceTest#scopeIsAlwaysVisible; OperationManifestTest#writeManifest,MANUAL_TEST,Active,priority MUST_HAVE
PRD-UIX-012,DOC-08,Page,MISSING (no schema object cites this requirement),MISSING (no API operation cites this requirement),MISSING (no test cites this requirement),AUTOMATED_TEST,Active,priority MUST_HAVE
PRD-UIX-013,DOC-08,ApplicationPages; AuthLayout; DesignSystem; +4 more,MISSING (no schema object cites this requirement),MISSING (no API operation cites this requirement),InterfaceTest#noPointerOnlyCapability; OperationManifestTest#writeManifest,AUTOMATED_TEST|MANUAL_TEST,Active,priority MUST_HAVE
PRD-UIX-014,DOC-08,RequestDetail,N/A (verified by manual test; no code artifact is owed),N/A (verified by manual test; no code artifact is owed),N/A (verified by manual test; no automated test is owed),MANUAL_TEST,Active,priority MUST_HAVE
PRD-UIX-015,DOC-08,N/A (verified by manual test; no code artifact is owed),N/A (verified by manual test; no code artifact is owed),N/A (verified by manual test; no code artifact is owed),N/A (verified by manual test; no automated test is owed),MANUAL_TEST,Active,priority MUST_HAVE
PRD-UIX-016,DOC-08,N/A (verified by manual test; no code artifact is owed),N/A (verified by manual test; no code artifact is owed),N/A (verified by manual test; no code artifact is owed),N/A (verified by manual test; no automated test is owed),MANUAL_TEST,Active,priority MUST_HAVE
PRD-UIX-017,DOC-08,MISSING (no main source file cites this requirement),MISSING (no schema object cites this requirement),MISSING (no API operation cites this requirement),MISSING (no test cites this requirement),AUTOMATED_TEST,Active,priority MUST_HAVE
PRD-UIX-018,DOC-08,MISSING (no main source file cites this requirement),MISSING (no schema object cites this requirement),MISSING (no API operation cites this requirement),MISSING (no test cites this requirement),AUTOMATED_TEST,Active,priority MUST_HAVE
PRD-UIX-019,DOC-08,N/A (verified by manual test; no code artifact is owed),N/A (verified by manual test; no code artifact is owed),N/A (verified by manual test; no code artifact is owed),N/A (verified by manual test; no automated test is owed),MANUAL_TEST,Active,priority MUST_HAVE
PRD-UIX-020,DOC-08,N/A (verified by manual test; no code artifact is owed),N/A (verified by manual test; no code artifact is owed),N/A (verified by manual test; no code artifact is owed),N/A (verified by manual test; no automated test is owed),MANUAL_TEST,Active,priority MUST_HAVE
PRD-UIX-021,DOC-08,N/A (verified by manual test; no code artifact is owed),N/A (verified by manual test; no code artifact is owed),N/A (verified by manual test; no code artifact is owed),N/A (verified by manual test; no automated test is owed),MANUAL_TEST,Active,priority MUST_HAVE
PRD-UIX-022,DOC-08,ApplicationPages; Chart; DataTable; +3 more,"application_inventory (view, V018__application_inventory.sql)",MISSING (no API operation cites this requirement),InterfaceStateTest#unmeasuredIsNeverZero; InterfaceStateTest#unmeasuredUsesAWord; InterfaceTest#documentDeclaresLanguage; +1 more,AUTOMATED_TEST|MANUAL_TEST,Active,priority MUST_HAVE
PRD-UIX-023,DOC-08,PresentationState,MISSING (no schema object cites this requirement),MISSING (no API operation cites this requirement),InterfaceStateTest#withheldConfirmsNothing; InterfaceTest#withheldConfirmsNothing,AUTOMATED_TEST|MANUAL_TEST,Active,priority MUST_HAVE
PRD-UIX-024,DOC-08,PresentationState,N/A (verified by manual test; no code artifact is owed),N/A (verified by manual test; no code artifact is owed),InterfaceStateTest#degradedIsNotAnEmptyRegion,MANUAL_TEST,Active,priority MUST_HAVE
PRD-UIX-025,DOC-08,AspmApplication; DevPrincipalResolver; Dispatcher; +3 more,MISSING (no schema object cites this requirement),MISSING (no API operation cites this requirement),InterfaceStateTest#errorTextIsChecked,AUTOMATED_TEST|PENETRATION_TEST,Active,priority MUST_HAVE
PRD-UIX-026,DOC-08,DesignToken; PresentationOptions,MISSING (no schema object cites this requirement),MISSING (no API operation cites this requirement),InterfaceStateTest#noneIsSuppressible,AUTOMATED_TEST|CODE_REVIEW,Active,priority MUST_HAVE
PRD-UIX-027,DOC-08,N/A (verified by manual test; no code artifact is owed),N/A (verified by manual test; no code artifact is owed),N/A (verified by manual test; no code artifact is owed),N/A (verified by manual test; no automated test is owed),MANUAL_TEST,Active,priority MUST_HAVE
PRD-UIX-028,DOC-08,MISSING (no main source file cites this requirement),MISSING (no schema object cites this requirement),MISSING (no API operation cites this requirement),MISSING (no test cites this requirement),AUTOMATED_TEST,Active,priority MUST_HAVE
PRD-UIX-029,DOC-08,N/A (verified by manual test; no code artifact is owed),N/A (verified by manual test; no code artifact is owed),N/A (verified by manual test; no code artifact is owed),N/A (verified by manual test; no automated test is owed),MANUAL_TEST,Active,priority MUST_HAVE
PRD-UIX-030,DOC-08,MISSING (no main source file cites this requirement),MISSING (no schema object cites this requirement),MISSING (no API operation cites this requirement),MISSING (no test cites this requirement),AUTOMATED_TEST,Active,priority MUST_HAVE
PRD-UIX-031,DOC-08,N/A (verified by manual test; no code artifact is owed),N/A (verified by manual test; no code artifact is owed),N/A (verified by manual test; no code artifact is owed),N/A (verified by manual test; no automated test is owed),MANUAL_TEST,Active,priority SHOULD_HAVE
PRD-VUL-001,DOC-01,MISSING (no main source file cites this requirement),MISSING (no schema object cites this requirement),MISSING (no API operation cites this requirement),OperationManifestTest#<class-level citation>; OperationManifestTest#writeManifest,AUTOMATED_TEST,Active,priority MUST_HAVE
PRD-VUL-002,DOC-01,MISSING (no main source file cites this requirement),MISSING (no schema object cites this requirement),MISSING (no API operation cites this requirement),MISSING (no test cites this requirement),AUTOMATED_TEST,Active,priority MUST_HAVE
PRD-VUL-003,DOC-01,MISSING (no main source file cites this requirement),MISSING (no schema object cites this requirement),MISSING (no API operation cites this requirement),MISSING (no test cites this requirement),AUTOMATED_TEST,Active,priority MUST_HAVE
PRD-VUL-004,DOC-01,MISSING (no main source file cites this requirement),MISSING (no schema object cites this requirement),MISSING (no API operation cites this requirement),MISSING (no test cites this requirement),AUTOMATED_TEST,Active,priority MUST_HAVE
PRD-VUL-005,DOC-01,ScoreBand,"severity_level (table, V006__finding_identity.sql)",MISSING (no API operation cites this requirement),MISSING (no test cites this requirement),AUTOMATED_TEST,Active,priority MUST_HAVE
PRD-VUL-006,DOC-01,MISSING (no main source file cites this requirement),MISSING (no schema object cites this requirement),MISSING (no API operation cites this requirement),MISSING (no test cites this requirement),AUTOMATED_TEST,Active,priority MUST_HAVE
PRD-VUL-007,DOC-01,MISSING (no main source file cites this requirement),MISSING (no schema object cites this requirement),MISSING (no API operation cites this requirement),MISSING (no test cites this requirement),AUTOMATED_TEST,Active,priority MUST_HAVE
PRD-VUL-008,DOC-01,HonestRenderer; Measure,MISSING (no schema object cites this requirement),MISSING (no API operation cites this requirement),MISSING (no test cites this requirement),AUTOMATED_TEST,Active,priority MUST_HAVE
PRD-VUL-009,DOC-01,MISSING (no main source file cites this requirement),MISSING (no schema object cites this requirement),MISSING (no API operation cites this requirement),MISSING (no test cites this requirement),AUTOMATED_TEST,Active,priority SHOULD_HAVE
PRD-VUL-010,DOC-01,MISSING (no main source file cites this requirement),MISSING (no schema object cites this requirement),MISSING (no API operation cites this requirement),MISSING (no test cites this requirement),AUTOMATED_TEST,Active,priority MUST_HAVE
PRD-VUL-011,DOC-01,ClosureFigure; ScoreReducingAction,MISSING (no schema object cites this requirement),MISSING (no API operation cites this requirement),MISSING (no test cites this requirement),AUTOMATED_TEST,Active,priority MUST_HAVE
PRD-VUL-012,DOC-01,MISSING (no main source file cites this requirement),MISSING (no schema object cites this requirement),MISSING (no API operation cites this requirement),MISSING (no test cites this requirement),AUTOMATED_TEST,Active,priority MUST_HAVE
PRD-VUL-013,DOC-01,MISSING (no main source file cites this requirement),MISSING (no schema object cites this requirement),MISSING (no API operation cites this requirement),MISSING (no test cites this requirement),AUTOMATED_TEST,Active,priority MUST_HAVE
PRD-VUL-014,DOC-01,MISSING (no main source file cites this requirement),MISSING (no schema object cites this requirement),MISSING (no API operation cites this requirement),MISSING (no test cites this requirement),AUTOMATED_TEST,Active,priority MUST_HAVE
PRD-VUL-015,DOC-01,MISSING (no main source file cites this requirement),MISSING (no schema object cites this requirement),MISSING (no API operation cites this requirement),MISSING (no test cites this requirement),AUTOMATED_TEST,Active,priority MUST_HAVE
PRD-VUL-016,DOC-01,MISSING (no main source file cites this requirement),MISSING (no schema object cites this requirement),MISSING (no API operation cites this requirement),MISSING (no test cites this requirement),AUTOMATED_TEST,Active,priority MUST_HAVE
PRD-VUL-017,DOC-01,MISSING (no main source file cites this requirement),MISSING (no schema object cites this requirement),MISSING (no API operation cites this requirement),MISSING (no test cites this requirement),AUTOMATED_TEST,Active,priority MUST_HAVE
PRD-VUL-018,DOC-01,MISSING (no main source file cites this requirement),MISSING (no schema object cites this requirement),MISSING (no API operation cites this requirement),MISSING (no test cites this requirement),AUTOMATED_TEST,Active,priority SHOULD_HAVE
PRD-VUL-019,DOC-01,OperationalQueue; RiskException,"finding (table, V006__finding_identity.sql)",MISSING (no API operation cites this requirement),KernelPersistenceVerificationTest#secretFindingCannotBeRiskAccepted; QueuesAndCompositionsTest#liveSecretsAlwaysHighlighted,AUTOMATED_TEST|MANUAL_TEST,Active,priority MUST_HAVE
PRD-VUL-020,DOC-01,MISSING (no main source file cites this requirement),MISSING (no schema object cites this requirement),MISSING (no API operation cites this requirement),MISSING (no test cites this requirement),AUTOMATED_TEST,Active,priority MUST_HAVE
PRD-WRK-001,DOC-01,MISSING (no main source file cites this requirement),MISSING (no schema object cites this requirement),MISSING (no API operation cites this requirement),MISSING (no test cites this requirement),AUTOMATED_TEST|DEMONSTRATION,Active,priority MUST_HAVE
PRD-WRK-002,DOC-01,MISSING (no main source file cites this requirement),MISSING (no schema object cites this requirement),MISSING (no API operation cites this requirement),MISSING (no test cites this requirement),AUTOMATED_TEST,Active,priority MUST_HAVE
PRD-WRK-003,DOC-01,MISSING (no main source file cites this requirement),MISSING (no schema object cites this requirement),MISSING (no API operation cites this requirement),MISSING (no test cites this requirement),AUTOMATED_TEST,Active,priority MUST_HAVE
PRD-WRK-004,DOC-01,"N/A (verified by demonstration — a rehearsal or walkthrough, not a test; no code artifact is owed)","N/A (verified by demonstration — a rehearsal or walkthrough, not a test; no code artifact is owed)","N/A (verified by demonstration — a rehearsal or walkthrough, not a test; no code artifact is owed)","N/A (verified by demonstration — a rehearsal or walkthrough, not a test; no automated test is owed)",DEMONSTRATION,Active,priority SHOULD_HAVE
PRD-WRK-005,DOC-01,MISSING (no main source file cites this requirement),MISSING (no schema object cites this requirement),MISSING (no API operation cites this requirement),MISSING (no test cites this requirement),AUTOMATED_TEST,Active,priority SHOULD_HAVE
PRD-WRK-006,DOC-01,MISSING (no main source file cites this requirement),MISSING (no schema object cites this requirement),MISSING (no API operation cites this requirement),MISSING (no test cites this requirement),AUTOMATED_TEST,Active,priority MUST_HAVE
PRD-WRK-007,DOC-01,MISSING (no main source file cites this requirement),MISSING (no schema object cites this requirement),MISSING (no API operation cites this requirement),MISSING (no test cites this requirement),AUTOMATED_TEST,Active,priority MUST_HAVE
PRD-WRK-008,DOC-01,WorkflowDefinition,MISSING (no schema object cites this requirement),MISSING (no API operation cites this requirement),MISSING (no test cites this requirement),AUTOMATED_TEST|MANUAL_TEST,Active,priority MUST_HAVE
PRD-WRK-009,DOC-01,MISSING (no main source file cites this requirement),MISSING (no schema object cites this requirement),MISSING (no API operation cites this requirement),MISSING (no test cites this requirement),AUTOMATED_TEST,Active,priority MUST_HAVE
PRD-WRK-010,DOC-01,MISSING (no main source file cites this requirement),MISSING (no schema object cites this requirement),MISSING (no API operation cites this requirement),MISSING (no test cites this requirement),AUTOMATED_TEST,Active,priority MUST_HAVE
PRD-WRK-011,DOC-01,TransitionLog,"reject_transition_log_change (function, V009__work_management.sql)",MISSING (no API operation cites this requirement),MISSING (no test cites this requirement),AUTOMATED_TEST,Active,priority MUST_HAVE
PRD-WRK-012,DOC-01,MISSING (no main source file cites this requirement),MISSING (no schema object cites this requirement),MISSING (no API operation cites this requirement),MISSING (no test cites this requirement),AUTOMATED_TEST,Active,priority MUST_HAVE
PRD-WRK-013,DOC-01,"N/A (verified by demonstration — a rehearsal or walkthrough, not a test; no code artifact is owed)","work_item (table, V009__work_management.sql)","N/A (verified by demonstration — a rehearsal or walkthrough, not a test; no code artifact is owed)","N/A (verified by demonstration — a rehearsal or walkthrough, not a test; no automated test is owed)",DEMONSTRATION,Active,priority MUST_HAVE
PRD-WRK-014,DOC-01,"N/A (verified by demonstration — a rehearsal or walkthrough, not a test; no code artifact is owed)","work_item (table, V009__work_management.sql)","N/A (verified by demonstration — a rehearsal or walkthrough, not a test; no code artifact is owed)","N/A (verified by demonstration — a rehearsal or walkthrough, not a test; no automated test is owed)",DEMONSTRATION,Active,priority MUST_HAVE
PRD-WRK-015,DOC-01,MISSING (no main source file cites this requirement),MISSING (no schema object cites this requirement),MISSING (no API operation cites this requirement),MISSING (no test cites this requirement),AUTOMATED_TEST,Active,priority MUST_HAVE
PRD-WRK-016,DOC-01,BulkOperation,MISSING (no schema object cites this requirement),MISSING (no API operation cites this requirement),MISSING (no test cites this requirement),AUTOMATED_TEST,Active,priority MUST_HAVE
PRD-WRK-017,DOC-01,"N/A (verified by demonstration — a rehearsal or walkthrough, not a test; no code artifact is owed)","N/A (verified by demonstration — a rehearsal or walkthrough, not a test; no code artifact is owed)","N/A (verified by demonstration — a rehearsal or walkthrough, not a test; no code artifact is owed)","N/A (verified by demonstration — a rehearsal or walkthrough, not a test; no automated test is owed)",DEMONSTRATION,Active,priority SHOULD_HAVE
PRD-WRK-018,DOC-01,MISSING (no main source file cites this requirement),"work_item (table, V009__work_management.sql)",MISSING (no API operation cites this requirement),MISSING (no test cites this requirement),AUTOMATED_TEST,Active,priority MUST_HAVE
PRD-WRK-019,DOC-01,ActivityEntry; Collaboration; ConstrainedRichText; +2 more,"reject_comment_provenance_change (function, V009__work_management.sql); work_item_read_state (table, V009__work_management.sql)",MISSING (no API operation cites this requirement),CollaborationTest#<class-level citation>; CollaborationTest#mentionCarriesIdentifier; CollaborationTest#timelineIsAProjection,MANUAL_TEST|DEMONSTRATION|AUTOMATED_TEST,Active,priority MUST_HAVE
PRD-WRK-020,DOC-01,MentionResolution,MISSING (no schema object cites this requirement),MISSING (no API operation cites this requirement),MISSING (no test cites this requirement),AUTOMATED_TEST,Active,priority SHOULD_HAVE
PRD-WRK-021,DOC-01,WorkItem,MISSING (no schema object cites this requirement),MISSING (no API operation cites this requirement),WorkItemAndAutomationTest#allMutationsAreVersionChecked,AUTOMATED_TEST,Active,priority MUST_HAVE
PRD-WRK-022,DOC-01,"N/A (verified by demonstration — a rehearsal or walkthrough, not a test; no code artifact is owed)","N/A (verified by demonstration — a rehearsal or walkthrough, not a test; no code artifact is owed)","N/A (verified by demonstration — a rehearsal or walkthrough, not a test; no code artifact is owed)","N/A (verified by demonstration — a rehearsal or walkthrough, not a test; no automated test is owed)",DEMONSTRATION,Active,priority SHOULD_HAVE
PRD-WRK-023,DOC-01,"N/A (verified by demonstration — a rehearsal or walkthrough, not a test; no code artifact is owed)","N/A (verified by demonstration — a rehearsal or walkthrough, not a test; no code artifact is owed)","N/A (verified by demonstration — a rehearsal or walkthrough, not a test; no code artifact is owed)","N/A (verified by demonstration — a rehearsal or walkthrough, not a test; no automated test is owed)",DEMONSTRATION,Active,priority COULD_HAVE
PRD-WRK-024,DOC-01,MISSING (no main source file cites this requirement),MISSING (no schema object cites this requirement),MISSING (no API operation cites this requirement),MISSING (no test cites this requirement),AUTOMATED_TEST,Active,priority MUST_HAVE
PRD-WRK-025,DOC-01,MISSING (no main source file cites this requirement),MISSING (no schema object cites this requirement),MISSING (no API operation cites this requirement),MISSING (no test cites this requirement),AUTOMATED_TEST,Active,priority MUST_HAVE
PRD-WRK-026,DOC-01,MISSING (no main source file cites this requirement),MISSING (no schema object cites this requirement),MISSING (no API operation cites this requirement),MISSING (no test cites this requirement),AUTOMATED_TEST,Active,priority MUST_HAVE
PRD-WRK-027,DOC-01,MISSING (no main source file cites this requirement),MISSING (no schema object cites this requirement),MISSING (no API operation cites this requirement),MISSING (no test cites this requirement),AUTOMATED_TEST,Active,priority MUST_HAVE
PRD-WRK-028,DOC-01,MISSING (no main source file cites this requirement),MISSING (no schema object cites this requirement),MISSING (no API operation cites this requirement),MISSING (no test cites this requirement),AUTOMATED_TEST,Active,priority MUST_HAVE
PRD-WRK-029,DOC-01,"N/A (verified by demonstration — a rehearsal or walkthrough, not a test; no code artifact is owed)","work_item (table, V009__work_management.sql)","N/A (verified by demonstration — a rehearsal or walkthrough, not a test; no code artifact is owed)","N/A (verified by demonstration — a rehearsal or walkthrough, not a test; no automated test is owed)",DEMONSTRATION,Active,priority COULD_HAVE
PRD-WRK-030,DOC-01,MISSING (no main source file cites this requirement),MISSING (no schema object cites this requirement),MISSING (no API operation cites this requirement),MISSING (no test cites this requirement),AUTOMATED_TEST,Active,priority MUST_HAVE
PRD-WRK-031,DOC-09,RequestTransition; TransitionEvaluation,MISSING (no schema object cites this requirement),MISSING (no API operation cites this requirement),OperationManifestTest#writeManifest; WorkflowAndTransitionLogTest#selfTransitionRejected,AUTOMATED_TEST|PENETRATION_TEST,Active,priority MUST_HAVE
PRD-WRK-032,DOC-09,RequestTransition; TransitionEvaluation; WorkItem,"assessment_request_transition (table, V014__request_workflow_as_data.sql)",MISSING (no API operation cites this requirement),OperationManifestTest#writeManifest,AUTOMATED_TEST,Active,priority MUST_HAVE
PRD-WRK-033,DOC-09,Condition; ConditionEvaluation; ConditionEvaluator; +7 more,MISSING (no schema object cites this requirement),MISSING (no API operation cites this requirement),RulesEngineTest#<class-level citation>; RulesEngineTest#missingScopeFactIsUndefined,AUTOMATED_TEST|CODE_REVIEW,Active,priority MUST_HAVE
PRD-WRK-034,DOC-09,ConditionValidator; WorkflowDefinition; WorkflowValidation,"assert_request_state_defined (function, V014__request_workflow_as_data.sql); workflow_definition_defects (function, V014__request_workflow_as_data.sql)",MISSING (no API operation cites this requirement),WorkflowAndTransitionLogTest#<class-level citation>; WorkflowAndTransitionLogTest#deadEndStateBlocksActivation,AUTOMATED_TEST,Active,priority MUST_HAVE
PRD-WRK-035,DOC-09,FindingState; WorkflowDefinition,MISSING (no schema object cites this requirement),MISSING (no API operation cites this requirement),WorkflowAndTransitionLogTest#fixedMachinesRejectDefinition,AUTOMATED_TEST,Active,priority MUST_HAVE
PRD-WRK-036,DOC-09,RequestTransition; TransitionLog; WorkflowTransition,MISSING (no schema object cites this requirement),MISSING (no API operation cites this requirement),OperationManifestTest#writeManifest; WorkflowAndTransitionLogTest#reworkIsVisible,AUTOMATED_TEST,Active,priority MUST_HAVE
PRD-WRK-037,DOC-09,Collaboration; NotificationDispatch; NotificationModule; +2 more,MISSING (no schema object cites this requirement),MISSING (no API operation cites this requirement),CollaborationTest#audienceIsNotScopeFilteredHere,AUTOMATED_TEST|ARCHITECTURE_REVIEW,Active,priority MUST_HAVE
PRD-WRK-038,DOC-09,WorkflowState; WorkflowStateCategory,MISSING (no schema object cites this requirement),MISSING (no API operation cites this requirement),WorkflowAndTransitionLogTest#<class-level citation>,AUTOMATED_TEST,Active,priority MUST_HAVE
PRD-WRK-039,DOC-09,ReorganizationSaga,MISSING (no schema object cites this requirement),MISSING (no API operation cites this requirement),ReorganizationSagaTest#<class-level citation>; ReorganizationSagaTest#rejectionNeedsNoCompensation,AUTOMATED_TEST,Active,priority MUST_HAVE
PRD-WRK-040,DOC-09,ReorganizationSaga,MISSING (no schema object cites this requirement),MISSING (no API operation cites this requirement),ReorganizationSagaTest#versionIsNotReused; ScopeDescriptorReproducibilityTest#versionsDistinguishTheTwoShapes,AUTOMATED_TEST,Active,priority MUST_HAVE
PRD-WRK-041,DOC-09,ReorganizationSaga; Runbook,MISSING (no schema object cites this requirement),MISSING (no API operation cites this requirement),ReorganizationSagaTest#failedCompensationBlocksFurtherReorganization,AUTOMATED_TEST,Active,priority MUST_HAVE
PRD-WRK-042,DOC-09,AssessmentRequest; OrgNode; ReorganizationSaga; +2 more,"reject_scope_descriptor_change (function, V001__tenant_context_and_enforcement.sql); sbom_snapshot (table, V011__composition_analysis.sql); work_item (table, V009__work_management.sql); +1 more",MISSING (no API operation cites this requirement),AuthorizationAssertionInventoryTest#historicalEvaluationUsesTheRecordedDescriptor; KernelPersistenceVerificationTest#confirmationRequiresAReference; KernelPersistenceVerificationTest#scopeDescriptorIsImmutableAtTheEngine; +5 more,AUTOMATED_TEST,Active,priority MUST_HAVE
PRD-WRK-043,DOC-09,BulkOperation; WorkItem,MISSING (no schema object cites this requirement),MISSING (no API operation cites this requirement),WorkItemAndAutomationTest#concurrentTransitionsConflict,AUTOMATED_TEST,Active,priority MUST_HAVE
PRD-WRK-044,DOC-09,AutomationRule,MISSING (no schema object cites this requirement),MISSING (no API operation cites this requirement),WorkItemAndAutomationTest#executionsRecordDenials,AUTOMATED_TEST,Active,priority MUST_HAVE
PRD-WRK-045,DOC-09,MISSING (no main source file cites this requirement),MISSING (no schema object cites this requirement),MISSING (no API operation cites this requirement),MISSING (no test cites this requirement),AUTOMATED_TEST,Active,priority MUST_HAVE
RISK-PLT-001,DOC-26,N/A (status Accepted; a superseded requirement owes no artifact),N/A (status Accepted; a superseded requirement owes no artifact),N/A (status Accepted; a superseded requirement owes no artifact),N/A (verified by conditional review; no automated test is owed),CONDITIONAL_REVIEW,Accepted,priority N/A_RISK_RECORD
RISK-PLT-002,DOC-26,N/A (status Accepted; a superseded requirement owes no artifact),N/A (status Accepted; a superseded requirement owes no artifact),N/A (status Accepted; a superseded requirement owes no artifact),N/A (verified by conditional review; no automated test is owed),CONDITIONAL_REVIEW,Accepted,priority N/A_RISK_RECORD
RISK-PLT-003,DOC-26,N/A (status Accepted; a superseded requirement owes no artifact),N/A (status Accepted; a superseded requirement owes no artifact),N/A (status Accepted; a superseded requirement owes no artifact),N/A (verified by conditional review; no automated test is owed),CONDITIONAL_REVIEW,Accepted,priority N/A_RISK_RECORD
RISK-PLT-004,DOC-26,N/A (status Accepted; a superseded requirement owes no artifact),N/A (status Accepted; a superseded requirement owes no artifact),N/A (status Accepted; a superseded requirement owes no artifact),N/A (verified by conditional review; no automated test is owed),CONDITIONAL_REVIEW,Accepted,priority N/A_RISK_RECORD
RISK-PLT-005,DOC-26,N/A (status Accepted; a superseded requirement owes no artifact),N/A (status Accepted; a superseded requirement owes no artifact),N/A (status Accepted; a superseded requirement owes no artifact),N/A (verified by conditional review; no automated test is owed),CONDITIONAL_REVIEW,Accepted,priority N/A_RISK_RECORD
RISK-PLT-006,DOC-26,N/A (status Accepted; a superseded requirement owes no artifact),N/A (status Accepted; a superseded requirement owes no artifact),N/A (status Accepted; a superseded requirement owes no artifact),N/A (verified by conditional review; no automated test is owed),CONDITIONAL_REVIEW,Accepted,priority N/A_RISK_RECORD
SEC-AUD-001,DOC-14,AuditEnvelope,MISSING (no schema object cites this requirement),MISSING (no API operation cites this requirement),ChainIntegrityTest#erasureIsLocal,AUTOMATED_TEST|CODE_REVIEW,Active,priority MUST_HAVE
SEC-AUD-002,DOC-14,AuditChainStore; AuditEnvelope; ChainVerifier,"audit_chain_head (table, V003__audit_chain_head_and_checkpoint.sql)",MISSING (no API operation cites this requirement),ChainIntegrityTest#removedEventDetectedAsGap; ChainedAuditWriterTest#sequencesAreGaplessFromZero; KernelPersistenceVerificationTest#chainHeadIsLockable,AUTOMATED_TEST,Active,priority MUST_HAVE
SEC-AUD-003,DOC-14,AuditEnvelope; AuditScope,MISSING (no schema object cites this requirement),MISSING (no API operation cites this requirement),MISSING (no test cites this requirement),AUTOMATED_TEST,Active,priority MUST_HAVE
SEC-AUD-004,DOC-14,ActorType; AuditEnvelope,"audit_event (table, V002__audit_event.sql)",MISSING (no API operation cites this requirement),ChainIntegrityTest#automationRequiresItsRule; ChainIntegrityTest#erasureIsLocal,AUTOMATED_TEST,Active,priority MUST_HAVE
SEC-AUD-005,DOC-14,MISSING (no main source file cites this requirement),MISSING (no schema object cites this requirement),MISSING (no API operation cites this requirement),MISSING (no test cites this requirement),AUTOMATED_TEST|PENETRATION_TEST,Active,priority MUST_HAVE
SEC-AUD-006,DOC-14,AuditEnvelope; AuditEventType; ChainedAuditWriter; +1 more,MISSING (no schema object cites this requirement),MISSING (no API operation cites this requirement),ChainIntegrityTest#catalogueIsClosed; ChainedAuditWriterTest#uncataloguedTypeRejected,AUTOMATED_TEST,Active,priority MUST_HAVE
SEC-AUD-007,DOC-14,AssetGraphTraversal; AuditEventType; VulnerabilityPermissions,MISSING (no schema object cites this requirement),MISSING (no API operation cites this requirement),MISSING (no test cites this requirement),AUTOMATED_TEST,Active,priority MUST_HAVE
SEC-AUD-008,DOC-14,MISSING (no main source file cites this requirement),MISSING (no schema object cites this requirement),MISSING (no API operation cites this requirement),MISSING (no test cites this requirement),AUTOMATED_TEST,Active,priority MUST_HAVE
SEC-AUD-009,DOC-14,AuditEventType,MISSING (no schema object cites this requirement),MISSING (no API operation cites this requirement),MISSING (no test cites this requirement),AUTOMATED_TEST,Active,priority MUST_HAVE
SEC-AUD-010,DOC-14,N/A (verified by architecture review; the artifact is the review record; no code artifact is owed),N/A (verified by architecture review; the artifact is the review record; no code artifact is owed),N/A (verified by architecture review; the artifact is the review record; no code artifact is owed),N/A (verified by architecture review; the artifact is the review record; no automated test is owed),ARCHITECTURE_REVIEW,Active,priority MUST_HAVE
SEC-AUD-011,DOC-14,CanonicalPayload; CanonicalSerializer,"audit_event (table, V002__audit_event.sql)",MISSING (no API operation cites this requirement),ChainIntegrityTest#<class-level citation>; ChainIntegrityTest#deterministic; ChainedAuditWriterTest#canonicalVersionIsRecorded,AUTOMATED_TEST,Active,priority MUST_HAVE
SEC-AUD-012,DOC-14,ChainHasher; ChainVerifier; ChainedAuditWriter,MISSING (no schema object cites this requirement),MISSING (no API operation cites this requirement),ChainIntegrityTest#timestampIsFixedWidth; ChainedAuditWriterTest#chainsAreIndependentPerTenant,AUTOMATED_TEST,Active,priority MUST_HAVE
SEC-AUD-013,DOC-14,AuditRecorder,"audit_chain_checkpoint (table, V002__audit_event.sql); audit_chain_head_forward_only (function, V003__audit_chain_head_and_checkpoint.sql)",MISSING (no API operation cites this requirement),KernelPersistenceVerificationTest#<class-level citation>; KernelPersistenceVerificationTest#auditEventHasNoUpdateOrDeletePathAtAnyPrivilege; KernelPersistenceVerificationTest#chainHeadIsForwardOnly,AUTOMATED_TEST|CODE_REVIEW,Active,priority MUST_HAVE
SEC-AUD-014,DOC-14,AuditChainStore; AuditRecorder; ChainVerifier; +1 more,"audit_chain_head (table, V003__audit_chain_head_and_checkpoint.sql); audit_event (table, V002__audit_event.sql)",MISSING (no API operation cites this requirement),ChainIntegrityTest#duplicateSequenceDetected; ChainedAuditWriterTest#<class-level citation>; ChainedAuditWriterTest#headIsLockedPerWrite; +3 more,AUTOMATED_TEST,Active,priority MUST_HAVE
SEC-AUD-015,DOC-14,Runbook,"audit_chain_head (table, V003__audit_chain_head_and_checkpoint.sql); audit_chain_head_forward_only (function, V003__audit_chain_head_and_checkpoint.sql)",MISSING (no API operation cites this requirement),KernelPersistenceVerificationTest#confirmationRequiresAReference; KernelPersistenceVerificationTest#unconfirmedAnchorIsReportable,AUTOMATED_TEST,Active,priority MUST_HAVE
SEC-AUD-016,DOC-14,MISSING (no main source file cites this requirement),"audit_anchor_gaps (function, V003__audit_chain_head_and_checkpoint.sql); audit_chain_head_forward_only (function, V003__audit_chain_head_and_checkpoint.sql)",MISSING (no API operation cites this requirement),KernelPersistenceVerificationTest#unconfirmedAnchorIsReportable,AUTOMATED_TEST,Active,priority MUST_HAVE
SEC-AUD-017,DOC-14,ChainVerifier,MISSING (no schema object cites this requirement),MISSING (no API operation cites this requirement),MISSING (no test cites this requirement),AUTOMATED_TEST,Active,priority MUST_HAVE
SEC-AUD-018,DOC-14,CanonicalPayload; CanonicalSerializer; ChainVerifier,MISSING (no schema object cites this requirement),MISSING (no API operation cites this requirement),ChainIntegrityTest#unknownVersionRaises,AUTOMATED_TEST,Active,priority MUST_HAVE
SEC-AUD-019,DOC-14,ChainVerifier,MISSING (no schema object cites this requirement),MISSING (no API operation cites this requirement),ChainIntegrityTest#erasureWithoutBasisIsReported; ChainIntegrityTest#spotCheckFromCheckpoint,AUTOMATED_TEST,Active,priority MUST_HAVE
SEC-AUD-020,DOC-14,ChainVerifier,MISSING (no schema object cites this requirement),MISSING (no API operation cites this requirement),ChainIntegrityTest#erasedPayloadIsNotAFailure; ChainIntegrityTest#spotCheckFromCheckpoint,AUTOMATED_TEST,Active,priority MUST_HAVE
SEC-AUD-021,DOC-14,MISSING (no main source file cites this requirement),MISSING (no schema object cites this requirement),MISSING (no API operation cites this requirement),MISSING (no test cites this requirement),AUTOMATED_TEST,Active,priority MUST_HAVE
SEC-AUD-022,DOC-14,AuditEnvelope; AuditRecorder,MISSING (no schema object cites this requirement),MISSING (no API operation cites this requirement),MISSING (no test cites this requirement),AUTOMATED_TEST|CODE_REVIEW,Active,priority MUST_HAVE
SEC-AUD-023,DOC-14,MISSING (no main source file cites this requirement),MISSING (no schema object cites this requirement),MISSING (no API operation cites this requirement),MISSING (no test cites this requirement),AUTOMATED_TEST,Active,priority MUST_HAVE
SEC-AUD-024,DOC-14,MISSING (no main source file cites this requirement),MISSING (no schema object cites this requirement),MISSING (no API operation cites this requirement),MISSING (no test cites this requirement),AUTOMATED_TEST,Active,priority MUST_HAVE
SEC-AUD-025,DOC-14,MISSING (no main source file cites this requirement),MISSING (no schema object cites this requirement),MISSING (no API operation cites this requirement),MISSING (no test cites this requirement),AUTOMATED_TEST,Active,priority MUST_HAVE
SEC-AUD-026,DOC-14,MISSING (no main source file cites this requirement),MISSING (no schema object cites this requirement),MISSING (no API operation cites this requirement),MISSING (no test cites this requirement),AUTOMATED_TEST,Active,priority MUST_HAVE
SEC-AUD-027,DOC-14,MISSING (no main source file cites this requirement),MISSING (no schema object cites this requirement),MISSING (no API operation cites this requirement),MISSING (no test cites this requirement),AUTOMATED_TEST,Active,priority MUST_HAVE
SEC-AUD-028,DOC-14,MISSING (no main source file cites this requirement),MISSING (no schema object cites this requirement),MISSING (no API operation cites this requirement),MISSING (no test cites this requirement),AUTOMATED_TEST|PENETRATION_TEST,Active,priority MUST_HAVE
SEC-AUD-029,DOC-14,MISSING (no main source file cites this requirement),MISSING (no schema object cites this requirement),MISSING (no API operation cites this requirement),MISSING (no test cites this requirement),AUTOMATED_TEST,Active,priority MUST_HAVE
SEC-AUD-030,DOC-14,MISSING (no main source file cites this requirement),MISSING (no schema object cites this requirement),MISSING (no API operation cites this requirement),MISSING (no test cites this requirement),AUTOMATED_TEST|CODE_REVIEW,Active,priority MUST_HAVE
SEC-AUD-031,DOC-14,MISSING (no main source file cites this requirement),MISSING (no schema object cites this requirement),MISSING (no API operation cites this requirement),MISSING (no test cites this requirement),AUTOMATED_TEST,Active,priority MUST_HAVE
SEC-AUD-032,DOC-14,MISSING (no main source file cites this requirement),MISSING (no schema object cites this requirement),MISSING (no API operation cites this requirement),MISSING (no test cites this requirement),AUTOMATED_TEST,Active,priority MUST_HAVE
SEC-AUD-033,DOC-14,MISSING (no main source file cites this requirement),MISSING (no schema object cites this requirement),MISSING (no API operation cites this requirement),MISSING (no test cites this requirement),AUTOMATED_TEST,Active,priority MUST_HAVE
SEC-AUD-034,DOC-14,N/A (verified by architecture review; the artifact is the review record; no code artifact is owed),N/A (verified by architecture review; the artifact is the review record; no code artifact is owed),N/A (verified by architecture review; the artifact is the review record; no code artifact is owed),N/A (verified by architecture review; the artifact is the review record; no automated test is owed),ARCHITECTURE_REVIEW,Active,priority MUST_HAVE
SEC-AUD-035,DOC-14,MISSING (no main source file cites this requirement),MISSING (no schema object cites this requirement),MISSING (no API operation cites this requirement),MISSING (no test cites this requirement),AUTOMATED_TEST,Active,priority MUST_HAVE
SEC-AUD-036,DOC-14,MISSING (no main source file cites this requirement),MISSING (no schema object cites this requirement),MISSING (no API operation cites this requirement),MISSING (no test cites this requirement),AUTOMATED_TEST,Active,priority MUST_HAVE
SEC-AUD-037,DOC-14,MISSING (no main source file cites this requirement),MISSING (no schema object cites this requirement),MISSING (no API operation cites this requirement),MISSING (no test cites this requirement),AUTOMATED_TEST,Active,priority MUST_HAVE
SEC-AUD-038,DOC-14,MISSING (no main source file cites this requirement),MISSING (no schema object cites this requirement),MISSING (no API operation cites this requirement),MISSING (no test cites this requirement),AUTOMATED_TEST,Active,priority MUST_HAVE
SEC-AUD-039,DOC-14,MISSING (no main source file cites this requirement),MISSING (no schema object cites this requirement),MISSING (no API operation cites this requirement),MISSING (no test cites this requirement),AUTOMATED_TEST,Active,priority MUST_HAVE
SEC-AUD-040,DOC-14,MISSING (no main source file cites this requirement),MISSING (no schema object cites this requirement),MISSING (no API operation cites this requirement),MISSING (no test cites this requirement),AUTOMATED_TEST,Active,priority MUST_HAVE
SEC-AUZ-001,DOC-07,AssetPermissions; Dispatcher; PermissionId; +2 more,"permission_catalogue (table, V015__identity_and_access.sql)",MISSING (no API operation cites this requirement),MISSING (no test cites this requirement),AUTOMATED_TEST|CODE_REVIEW,Active,priority MUST_HAVE
SEC-AUZ-002,DOC-07,AuthorizedQuery,MISSING (no schema object cites this requirement),MISSING (no API operation cites this requirement),MISSING (no test cites this requirement),AUTOMATED_TEST|CODE_REVIEW,Active,priority MUST_HAVE
SEC-AUZ-003,DOC-07,N/A (verified by code review; the artifact is the review record; no code artifact is owed),N/A (verified by code review; the artifact is the review record; no code artifact is owed),N/A (verified by code review; the artifact is the review record; no code artifact is owed),N/A (verified by code review; the artifact is the review record; no automated test is owed),CODE_REVIEW,Active,priority MUST_HAVE
SEC-AUZ-004,DOC-07,MISSING (no main source file cites this requirement),MISSING (no schema object cites this requirement),MISSING (no API operation cites this requirement),MISSING (no test cites this requirement),AUTOMATED_TEST,Active,priority MUST_HAVE
SEC-AUZ-005,DOC-07,MISSING (no main source file cites this requirement),MISSING (no schema object cites this requirement),MISSING (no API operation cites this requirement),MISSING (no test cites this requirement),AUTOMATED_TEST,Active,priority MUST_HAVE
SEC-AUZ-006,DOC-07,MISSING (no main source file cites this requirement),MISSING (no schema object cites this requirement),MISSING (no API operation cites this requirement),MISSING (no test cites this requirement),AUTOMATED_TEST,Active,priority MUST_HAVE
SEC-AUZ-007,DOC-07,MISSING (no main source file cites this requirement),MISSING (no schema object cites this requirement),MISSING (no API operation cites this requirement),MISSING (no test cites this requirement),AUTOMATED_TEST,Active,priority MUST_HAVE
SEC-AUZ-008,DOC-07,MISSING (no main source file cites this requirement),MISSING (no schema object cites this requirement),MISSING (no API operation cites this requirement),MISSING (no test cites this requirement),AUTOMATED_TEST,Active,priority MUST_HAVE
SEC-AUZ-009,DOC-07,MISSING (no main source file cites this requirement),MISSING (no schema object cites this requirement),MISSING (no API operation cites this requirement),MISSING (no test cites this requirement),AUTOMATED_TEST,Active,priority MUST_HAVE
SEC-AUZ-010,DOC-07,ClosureBackedScopeResolution; RequestScope; ScopeResolutionQuery; +1 more,MISSING (no schema object cites this requirement),MISSING (no API operation cites this requirement),AuthorizationAssertionInventoryTest#assignmentsUnionNotCrossProduct; OperationManifestTest#<class-level citation>; OperationManifestTest#writeManifest; +3 more,AUTOMATED_TEST|PENETRATION_TEST,Active,priority MUST_HAVE
SEC-AUZ-011,DOC-07,MISSING (no main source file cites this requirement),MISSING (no schema object cites this requirement),MISSING (no API operation cites this requirement),MISSING (no test cites this requirement),AUTOMATED_TEST|PENETRATION_TEST,Active,priority MUST_HAVE
SEC-AUZ-012,DOC-07,MISSING (no main source file cites this requirement),MISSING (no schema object cites this requirement),MISSING (no API operation cites this requirement),MISSING (no test cites this requirement),AUTOMATED_TEST,Active,priority MUST_HAVE
SEC-AUZ-013,DOC-07,AuthorizationGate; AuthorizationGateway; AuthorizationRequest; +3 more,MISSING (no schema object cites this requirement),MISSING (no API operation cites this requirement),DenyByDefaultTest#<class-level citation>; KernelGateTest#onlyAuthorizationKernelMintsTheKey; TierScaleAndAdapterTest#resolverPortCannotYieldTheGateKey,AUTOMATED_TEST|CODE_REVIEW|ARCHITECTURE_REVIEW,Active,priority MUST_HAVE
SEC-AUZ-014,DOC-07,AdminPages; AuthorizationDecision; AuthorizationGate; +15 more,MISSING (no schema object cites this requirement),MISSING (no API operation cites this requirement),AuthorizationAssertionInventoryTest#denyOnEvaluationFailure; AuthorizedTraversalAndAttributesTest#unavailableResolutionYieldsEmpty; DenyByDefaultTest#deniesOnEvaluationError; +5 more,AUTOMATED_TEST|CODE_REVIEW,Active,priority MUST_HAVE
SEC-AUZ-015,DOC-07,AuthorizationDecision; AuthorizationGate; AuthorizationRequest; +3 more,MISSING (no schema object cites this requirement),MISSING (no API operation cites this requirement),DenyByDefaultTest#<class-level citation>; DenyByDefaultTest#everyDenialIsAudited,AUTOMATED_TEST,Active,priority MUST_HAVE
SEC-AUZ-016,DOC-07,AuthorizationRequest; InventoryService; ObjectReference; +2 more,"application_inventory (view, V018__application_inventory.sql); request_board (view, V022__request_board.sql); rm_finding_index (table, V012__read_models.sql)",DenialResponse; RequestValidation,ApiFrameworkTest#noFilterExpressionLanguage; ApiFrameworkTest#scopePredicateMustBeInTheQuery; AuthorizationAssertionInventoryTest#collectionPredicateInRetrieval; +3 more,AUTOMATED_TEST|PENETRATION_TEST,Active,priority MUST_HAVE
SEC-AUZ-017,DOC-07,AdminPages; ApplicationPages; AssessmentService; +5 more,MISSING (no schema object cites this requirement),AnnotationClass; PlatformOperations,AuthorizationAssertionInventoryTest#identifierRevalidatedIndependentlyOfProvenance; OperationManifestTest#writeManifest,AUTOMATED_TEST|PENETRATION_TEST,Active,priority MUST_HAVE
SEC-AUZ-018,DOC-07,AssessmentRequest; Dispatcher; ObjectReference,MISSING (no schema object cites this requirement),MISSING (no API operation cites this requirement),AuthorizationAssertionInventoryTest#filteredPickerIsNotAControl; IntakeTest#descriptorIsResolvedNotSupplied; IntakeTest#mfaWithoutBypassRefused,AUTOMATED_TEST|PENETRATION_TEST,Active,priority MUST_HAVE
SEC-AUZ-019,DOC-07,MISSING (no main source file cites this requirement),MISSING (no schema object cites this requirement),MISSING (no API operation cites this requirement),MISSING (no test cites this requirement),AUTOMATED_TEST,Active,priority MUST_HAVE
SEC-AUZ-020,DOC-07,AssessmentRequest; AssetGraphTraversal; AuthorizationDecision; +3 more,"audit_event (table, V002__audit_event.sql)",DenialResponse,ApiFrameworkTest#oneDenialOnly; AssetInvariantTest#resultDisclosesNothingAboutPruning; DenyByDefaultTest#denialReasonCarriesNoObjectDetail; +3 more,AUTOMATED_TEST|PENETRATION_TEST,Active,priority MUST_HAVE
SEC-AUZ-021,DOC-07,MISSING (no main source file cites this requirement),MISSING (no schema object cites this requirement),RequestValidation,ApiFrameworkTest#noFilterExpressionLanguage; AuthorizationAssertionInventoryTest#fieldRestrictionOnEveryEgressPath,AUTOMATED_TEST|PENETRATION_TEST,Active,priority MUST_HAVE
SEC-AUZ-022,DOC-07,Dispatcher; ResourceCatalogue,MISSING (no schema object cites this requirement),OperationRegistry; RequestValidation,ApiFrameworkTest#restrictedFieldsAreAbsent; AuthorizationAssertionInventoryTest#restrictedFieldAbsentNotMasked; InterfaceStateTest#withheldConfirmsNothing,AUTOMATED_TEST,Active,priority MUST_HAVE
SEC-AUZ-023,DOC-07,MISSING (no main source file cites this requirement),MISSING (no schema object cites this requirement),MISSING (no API operation cites this requirement),MISSING (no test cites this requirement),AUTOMATED_TEST,Active,priority MUST_HAVE
SEC-AUZ-024,DOC-07,AssetGraphTraversal,MISSING (no schema object cites this requirement),ScopedTraversalEndpoint,AuthorizationAssertionInventoryTest#graphTraversalFiltersPerNode,AUTOMATED_TEST|PENETRATION_TEST,Active,priority MUST_HAVE
SEC-AUZ-025,DOC-07,AssetGraphTraversal,MISSING (no schema object cites this requirement),ScopedTraversalEndpoint,AssetInvariantTest#depthBoundIsScopeIndependent; AuthorizationAssertionInventoryTest#graphTraversalFiltersPerNode,AUTOMATED_TEST,Active,priority MUST_HAVE
SEC-AUZ-026,DOC-07,NodePosture,"rm_workload_current (table, V012__read_models.sql)",ScoreBreakdownEndpoint,AuthorizationAssertionInventoryTest#aggregateMinimumPopulation; AuthorizationAssertionInventoryTest#scoreBreakdownRestrictedToInScopeContributions; IsolationPathInventoryTest#search; +2 more,AUTOMATED_TEST|PENETRATION_TEST,Active,priority MUST_HAVE
SEC-AUZ-027,DOC-07,MISSING (no main source file cites this requirement),MISSING (no schema object cites this requirement),ScoreBreakdownEndpoint,AuthorizationAssertionInventoryTest#scoreBreakdownRestrictedToInScopeContributions,AUTOMATED_TEST,Active,priority MUST_HAVE
SEC-AUZ-028,DOC-07,AuthorizedQuery; Condition; EvaluationTime; +3 more,"audit_event (table, V002__audit_event.sql)",MISSING (no API operation cites this requirement),AuthorizationAssertionInventoryTest#historicalEvaluationUsesTheRecordedDescriptor; OrgNodeAndResolutionTest#<class-level citation>; OrgNodeAndResolutionTest#historicalEvaluationUsesTheDescriptor; +1 more,AUTOMATED_TEST,Active,priority MUST_HAVE
SEC-AUZ-029,DOC-07,AuthorizedQuery; EvaluationTime; RequestScope; +1 more,MISSING (no schema object cites this requirement),MISSING (no API operation cites this requirement),AuthorizationAssertionInventoryTest#historicalEvaluationUsesTheRecordedDescriptor,AUTOMATED_TEST|PENETRATION_TEST,Active,priority MUST_HAVE
SEC-AUZ-030,DOC-07,MISSING (no main source file cites this requirement),MISSING (no schema object cites this requirement),MISSING (no API operation cites this requirement),MISSING (no test cites this requirement),AUTOMATED_TEST|DOCUMENT_INSPECTION,Active,priority MUST_HAVE
SEC-AUZ-031,DOC-07,IdentitySynchronization,MISSING (no schema object cites this requirement),MISSING (no API operation cites this requirement),AuthorizationAssertionInventoryTest#objectGrantNotWidened,AUTOMATED_TEST|PENETRATION_TEST,Active,priority MUST_HAVE
SEC-AUZ-032,DOC-07,MISSING (no main source file cites this requirement),MISSING (no schema object cites this requirement),MISSING (no API operation cites this requirement),MISSING (no test cites this requirement),AUTOMATED_TEST,Active,priority MUST_HAVE
SEC-AUZ-033,DOC-07,MISSING (no main source file cites this requirement),MISSING (no schema object cites this requirement),MISSING (no API operation cites this requirement),AuthorizationAssertionInventoryTest#grantOnlyPrincipalCannotEnumerate,AUTOMATED_TEST|PENETRATION_TEST,Active,priority MUST_HAVE
SEC-AUZ-034,DOC-07,MISSING (no main source file cites this requirement),MISSING (no schema object cites this requirement),MISSING (no API operation cites this requirement),MISSING (no test cites this requirement),AUTOMATED_TEST,Active,priority MUST_HAVE
SEC-AUZ-035,DOC-07,MISSING (no main source file cites this requirement),MISSING (no schema object cites this requirement),AnnotationClass,ApiFrameworkTest#serviceIngestIsNotHumanInvokable; AuthorizationAssertionInventoryTest#servicePrincipalScopeIsPinned,AUTOMATED_TEST|PENETRATION_TEST,Active,priority MUST_HAVE
SEC-AUZ-036,DOC-07,N/A (verified by document inspection; no code artifact is owed),N/A (verified by document inspection; no code artifact is owed),N/A (verified by document inspection; no code artifact is owed),N/A (verified by document inspection; no automated test is owed),DOCUMENT_INSPECTION,Active,priority MUST_HAVE
SEC-AUZ-037,DOC-07,AutomationRule; BulkOperation; DenialReason,"automation_execution (table, V009__work_management.sql); ensure_automation_execution_partitions (function, V009__work_management.sql)",MISSING (no API operation cites this requirement),AuthorizationAssertionInventoryTest#automationCannotExceedItsOwner; KernelPersistenceVerificationTest#automationDenialsCarryReasons; WorkItemAndAutomationTest#executionsRecordDenials; +1 more,AUTOMATED_TEST|PENETRATION_TEST,Active,priority MUST_HAVE
SEC-AUZ-038,DOC-07,AutomationRule,"automation_rule (table, V009__work_management.sql)",MISSING (no API operation cites this requirement),AuthorizationAssertionInventoryTest#automationCannotExceedItsOwner; KernelPersistenceVerificationTest#suspendedRuleCannotBeEnabled; WorkItemAndAutomationTest#ceilingUsesCurrentPermissions; +1 more,AUTOMATED_TEST,Active,priority MUST_HAVE
SEC-AUZ-039,DOC-07,DenialReason; RequestTransition; TransitionEvaluation; +1 more,MISSING (no schema object cites this requirement),MISSING (no API operation cites this requirement),AuthorizationAssertionInventoryTest#separationOfDutiesAtGrantAndAction; FindingAggregateTest#separationOfDutiesPairsAreDeclared; WorkflowAndTransitionLogTest#separationOfDutiesAtActionTime,AUTOMATED_TEST,Active,priority MUST_HAVE
SEC-AUZ-040,DOC-07,MISSING (no main source file cites this requirement),MISSING (no schema object cites this requirement),MISSING (no API operation cites this requirement),MISSING (no test cites this requirement),AUTOMATED_TEST,Active,priority MUST_HAVE
SEC-AUZ-041,DOC-07,MISSING (no main source file cites this requirement),MISSING (no schema object cites this requirement),MISSING (no API operation cites this requirement),MISSING (no test cites this requirement),AUTOMATED_TEST,Active,priority MUST_HAVE
SEC-AUZ-042,DOC-07,MISSING (no main source file cites this requirement),MISSING (no schema object cites this requirement),MISSING (no API operation cites this requirement),MISSING (no test cites this requirement),AUTOMATED_TEST,Active,priority MUST_HAVE
SEC-AUZ-043,DOC-07,DenialReason,MISSING (no schema object cites this requirement),MISSING (no API operation cites this requirement),AuthorizationAssertionInventoryTest#separationOfDutiesAtGrantAndAction,AUTOMATED_TEST,Active,priority MUST_HAVE
SEC-AUZ-044,DOC-07,MISSING (no main source file cites this requirement),"audit_event (table, V002__audit_event.sql)",MISSING (no API operation cites this requirement),MISSING (no test cites this requirement),AUTOMATED_TEST,Active,priority MUST_HAVE
SEC-AUZ-045,DOC-07,MISSING (no main source file cites this requirement),MISSING (no schema object cites this requirement),MISSING (no API operation cites this requirement),MISSING (no test cites this requirement),AUTOMATED_TEST,Active,priority MUST_HAVE
SEC-AUZ-046,DOC-07,MISSING (no main source file cites this requirement),MISSING (no schema object cites this requirement),MISSING (no API operation cites this requirement),MISSING (no test cites this requirement),AUTOMATED_TEST,Active,priority MUST_HAVE
SEC-AUZ-047,DOC-07,ScopeGrant,MISSING (no schema object cites this requirement),MISSING (no API operation cites this requirement),AuthorizationAssertionInventoryTest#sharedViewEvaluatesAsTheViewer,AUTOMATED_TEST|ARCHITECTURE_REVIEW,Active,priority MUST_HAVE
SEC-AUZ-048,DOC-07,MISSING (no main source file cites this requirement),MISSING (no schema object cites this requirement),MISSING (no API operation cites this requirement),MISSING (no test cites this requirement),AUTOMATED_TEST,Active,priority MUST_HAVE
SEC-AUZ-049,DOC-07,MISSING (no main source file cites this requirement),MISSING (no schema object cites this requirement),MISSING (no API operation cites this requirement),MISSING (no test cites this requirement),AUTOMATED_TEST,Active,priority MUST_HAVE
SEC-AUZ-050,DOC-07,AuthorizedQuery; PermissionId; PipelineGate; +1 more,MISSING (no schema object cites this requirement),MISSING (no API operation cites this requirement),MISSING (no test cites this requirement),AUTOMATED_TEST,Active,priority MUST_HAVE
SEC-AUZ-051,DOC-07,FingerprintInputs; RoleIdentifierComparison,N/A (verified by code review; the artifact is the review record; no code artifact is owed),N/A (verified by code review; the artifact is the review record; no code artifact is owed),N/A (verified by code review; the artifact is the review record; no automated test is owed),CODE_REVIEW,Active,priority MUST_HAVE
SEC-PLT-001,DOC-26,CredentialBootstrap,"N/A (verified by code review; the artifact is the review record, document inspection; no code artifact is owed)","N/A (verified by code review; the artifact is the review record, document inspection; no code artifact is owed)","N/A (verified by code review; the artifact is the review record, document inspection; no automated test is owed)",CODE_REVIEW|DOCUMENT_INSPECTION,Active,priority MUST_HAVE
SEC-PLT-002,DOC-26,MISSING (no main source file cites this requirement),MISSING (no schema object cites this requirement),MISSING (no API operation cites this requirement),MISSING (no test cites this requirement),AUTOMATED_TEST,Active,priority MUST_HAVE
SEC-PLT-003,DOC-26,AssetGraphTraversal; ScopeResolvingAuthorizationGate,"audit_event (table, V002__audit_event.sql); authentication_attempt (table, V015__identity_and_access.sql)",MISSING (no API operation cites this requirement),DenyByDefaultTest#everyDenialIsAudited,AUTOMATED_TEST,Active,priority MUST_HAVE
SEC-PLT-004,DOC-26,MISSING (no main source file cites this requirement),MISSING (no schema object cites this requirement),MISSING (no API operation cites this requirement),MISSING (no test cites this requirement),AUTOMATED_TEST,Active,priority MUST_HAVE
SEC-PLT-005,DOC-26,ActorType; WorkItemStateTransition,"reject_transition_log_change (function, V009__work_management.sql); work_item_state_transition (table, V009__work_management.sql)",MISSING (no API operation cites this requirement),KernelPersistenceVerificationTest#transitionLogActorRules; WorkflowAndTransitionLogTest#actorAttribution,AUTOMATED_TEST,Active,priority MUST_HAVE
SEC-PLT-006,DOC-26,MISSING (no main source file cites this requirement),MISSING (no schema object cites this requirement),MISSING (no API operation cites this requirement),MISSING (no test cites this requirement),AUTOMATED_TEST,Active,priority MUST_HAVE
SEC-PLT-007,DOC-26,MISSING (no main source file cites this requirement),MISSING (no schema object cites this requirement),MISSING (no API operation cites this requirement),MISSING (no test cites this requirement),AUTOMATED_TEST,Active,priority MUST_HAVE
SEC-PLT-008,DOC-26,MISSING (no main source file cites this requirement),MISSING (no schema object cites this requirement),MISSING (no API operation cites this requirement),MISSING (no test cites this requirement),AUTOMATED_TEST|ARCHITECTURE_REVIEW,Active,priority MUST_HAVE
SEC-PLT-009,DOC-26,N/A (verified by document inspection; no code artifact is owed),N/A (verified by document inspection; no code artifact is owed),N/A (verified by document inspection; no code artifact is owed),N/A (verified by document inspection; no automated test is owed),DOCUMENT_INSPECTION,Active,priority MUST_HAVE
SEC-PLT-010,DOC-26,N/A (verified by document inspection; no code artifact is owed),N/A (verified by document inspection; no code artifact is owed),N/A (verified by document inspection; no code artifact is owed),N/A (verified by document inspection; no automated test is owed),DOCUMENT_INSPECTION,Active,priority MUST_HAVE
SEC-PLT-011,DOC-26,"N/A (verified by document inspection, penetration test, scheduled before commercial release; no code artifact is owed)","N/A (verified by document inspection, penetration test, scheduled before commercial release; no code artifact is owed)","N/A (verified by document inspection, penetration test, scheduled before commercial release; no code artifact is owed)","N/A (verified by document inspection, penetration test, scheduled before commercial release; no automated test is owed)",PENETRATION_TEST|DOCUMENT_INSPECTION,Active,priority MUST_HAVE
SEC-PTR-004,DOC-06,RoleAccount; SecretRef,MISSING (no schema object cites this requirement),MISSING (no API operation cites this requirement),IntakeTest#noValueAccessor,AUTOMATED_TEST|PENETRATION_TEST|CODE_REVIEW,Active,priority MUST_HAVE
SEC-PTR-006,DOC-06,Evidence,MISSING (no schema object cites this requirement),MISSING (no API operation cites this requirement),EvidenceAndGrantTest#filenamesAreServerGenerated; EvidenceAndGrantTest#typeMismatchIsVisible,AUTOMATED_TEST|PENETRATION_TEST,Active,priority MUST_HAVE
SEC-SBM-003,DOC-06,MISSING (no main source file cites this requirement),MISSING (no schema object cites this requirement),MISSING (no API operation cites this requirement),MISSING (no test cites this requirement),ARCHITECTURE_REVIEW|AUTOMATED_TEST,Active,priority MUST_HAVE
SEC-SBM-004,DOC-06,MISSING (no main source file cites this requirement),MISSING (no schema object cites this requirement),MISSING (no API operation cites this requirement),MISSING (no test cites this requirement),AUTOMATED_TEST|PENETRATION_TEST,Active,priority MUST_HAVE
SEC-SEC-001,DOC-06,N/A (verified by document inspection; no code artifact is owed),N/A (verified by document inspection; no code artifact is owed),N/A (verified by document inspection; no code artifact is owed),N/A (verified by document inspection; no automated test is owed),DOCUMENT_INSPECTION,Active,priority MUST_HAVE
SEC-SEC-002,DOC-06,MISSING (no main source file cites this requirement),MISSING (no schema object cites this requirement),MISSING (no API operation cites this requirement),MISSING (no test cites this requirement),AUTOMATED_TEST,Active,priority MUST_HAVE
SEC-SEC-003,DOC-06,Totp,MISSING (no schema object cites this requirement),MISSING (no API operation cites this requirement),OperationManifestTest#writeManifest,AUTOMATED_TEST,Active,priority MUST_HAVE
SEC-SEC-004,DOC-06,MISSING (no main source file cites this requirement),MISSING (no schema object cites this requirement),MISSING (no API operation cites this requirement),OperationManifestTest#writeManifest,AUTOMATED_TEST,Active,priority MUST_HAVE
SEC-SEC-005,DOC-06,AuthPages; IdentityService,"authentication_attempt (table, V015__identity_and_access.sql)",MISSING (no API operation cites this requirement),OperationManifestTest#writeManifest,AUTOMATED_TEST|PENETRATION_TEST,Active,priority MUST_HAVE
SEC-SEC-006,DOC-06,AccountPages; AccountService; IdentityService; +1 more,"breached_password (table, V015__identity_and_access.sql); password_policy (table, V015__identity_and_access.sql)",MISSING (no API operation cites this requirement),OperationManifestTest#writeManifest,AUTOMATED_TEST,Active,priority MUST_HAVE
SEC-SEC-007,DOC-06,MISSING (no main source file cites this requirement),MISSING (no schema object cites this requirement),MISSING (no API operation cites this requirement),MISSING (no test cites this requirement),AUTOMATED_TEST|PENETRATION_TEST,Active,priority MUST_HAVE
SEC-SEC-008,DOC-06,MISSING (no main source file cites this requirement),MISSING (no schema object cites this requirement),MISSING (no API operation cites this requirement),MISSING (no test cites this requirement),AUTOMATED_TEST,Active,priority MUST_HAVE
SEC-SEC-009,DOC-06,AuthPages; IdentityService,"principal_session (table, V015__identity_and_access.sql)",MISSING (no API operation cites this requirement),OperationManifestTest#writeManifest,AUTOMATED_TEST|PENETRATION_TEST,Active,priority MUST_HAVE
SEC-SEC-010,DOC-06,IdentityService,"password_policy (table, V015__identity_and_access.sql); principal_session (table, V015__identity_and_access.sql)",MISSING (no API operation cites this requirement),MISSING (no test cites this requirement),AUTOMATED_TEST,Active,priority MUST_HAVE
SEC-SEC-011,DOC-06,IdentityService; SessionPrincipalResolver,"principal_session (table, V015__identity_and_access.sql)",MISSING (no API operation cites this requirement),OperationManifestTest#writeManifest,AUTOMATED_TEST,Active,priority MUST_HAVE
SEC-SEC-012,DOC-06,AccountPages; IdentityService,"principal_session (table, V015__identity_and_access.sql)",MISSING (no API operation cites this requirement),OperationManifestTest#writeManifest,AUTOMATED_TEST,Active,priority MUST_HAVE
SEC-SEC-013,DOC-06,SessionPrincipalResolver,MISSING (no schema object cites this requirement),MISSING (no API operation cites this requirement),OperationManifestTest#writeManifest,AUTOMATED_TEST,Active,priority MUST_HAVE
SEC-SEC-014,DOC-06,PasswordHash; src/app/build.gradle.kts,"V017__role_delete_grant.sql; principal_credential (table, V015__identity_and_access.sql)",MISSING (no API operation cites this requirement),MISSING (no test cites this requirement),AUTOMATED_TEST|CODE_REVIEW,Active,priority MUST_HAVE
SEC-SEC-015,DOC-06,MISSING (no main source file cites this requirement),MISSING (no schema object cites this requirement),MISSING (no API operation cites this requirement),MISSING (no test cites this requirement),AUTOMATED_TEST,Active,priority MUST_HAVE
SEC-SEC-016,DOC-06,AccountPages; AccountService; AuthPages; +1 more,"credential_reset_token (table, V015__identity_and_access.sql); principal (table, V015__identity_and_access.sql); principal_session (table, V015__identity_and_access.sql)",MISSING (no API operation cites this requirement),OperationManifestTest#writeManifest,AUTOMATED_TEST,Active,priority MUST_HAVE
SEC-SEC-017,DOC-06,"N/A (verified by architecture review; the artifact is the review record, code review; the artifact is the review record; no code artifact is owed)","N/A (verified by architecture review; the artifact is the review record, code review; the artifact is the review record; no code artifact is owed)","N/A (verified by architecture review; the artifact is the review record, code review; the artifact is the review record; no code artifact is owed)","N/A (verified by architecture review; the artifact is the review record, code review; the artifact is the review record; no automated test is owed)",CODE_REVIEW|ARCHITECTURE_REVIEW,Active,priority MUST_HAVE
SEC-SEC-018,DOC-06,MISSING (no main source file cites this requirement),MISSING (no schema object cites this requirement),MISSING (no API operation cites this requirement),MISSING (no test cites this requirement),AUTOMATED_TEST,Active,priority MUST_HAVE
SEC-SEC-019,DOC-06,MISSING (no main source file cites this requirement),MISSING (no schema object cites this requirement),MISSING (no API operation cites this requirement),MISSING (no test cites this requirement),AUTOMATED_TEST,Active,priority MUST_HAVE
SEC-SEC-020,DOC-06,MISSING (no main source file cites this requirement),MISSING (no schema object cites this requirement),MISSING (no API operation cites this requirement),MISSING (no test cites this requirement),AUTOMATED_TEST|CODE_REVIEW,Active,priority MUST_HAVE
SEC-SEC-021,DOC-06,MISSING (no main source file cites this requirement),MISSING (no schema object cites this requirement),MISSING (no API operation cites this requirement),MISSING (no test cites this requirement),AUTOMATED_TEST,Active,priority MUST_HAVE
SEC-SEC-022,DOC-06,MISSING (no main source file cites this requirement),MISSING (no schema object cites this requirement),MISSING (no API operation cites this requirement),MISSING (no test cites this requirement),AUTOMATED_TEST,Active,priority MUST_HAVE
SEC-SEC-023,DOC-06,CredentialBootstrap,MISSING (no schema object cites this requirement),MISSING (no API operation cites this requirement),MISSING (no test cites this requirement),AUTOMATED_TEST|CODE_REVIEW,Active,priority MUST_HAVE
SEC-SEC-024,DOC-06,RequestDetail,MISSING (no schema object cites this requirement),MISSING (no API operation cites this requirement),MISSING (no test cites this requirement),AUTOMATED_TEST|PENETRATION_TEST,Active,priority MUST_HAVE
SEC-SEC-025,DOC-06,MISSING (no main source file cites this requirement),MISSING (no schema object cites this requirement),MISSING (no API operation cites this requirement),MISSING (no test cites this requirement),AUTOMATED_TEST|CODE_REVIEW,Active,priority MUST_HAVE
SEC-SEC-026,DOC-06,MISSING (no main source file cites this requirement),MISSING (no schema object cites this requirement),MISSING (no API operation cites this requirement),MISSING (no test cites this requirement),AUTOMATED_TEST,Active,priority MUST_HAVE
SEC-SEC-027,DOC-06,MISSING (no main source file cites this requirement),MISSING (no schema object cites this requirement),MISSING (no API operation cites this requirement),MISSING (no test cites this requirement),AUTOMATED_TEST,Active,priority MUST_HAVE
SEC-SEC-028,DOC-06,MISSING (no main source file cites this requirement),MISSING (no schema object cites this requirement),MISSING (no API operation cites this requirement),MISSING (no test cites this requirement),AUTOMATED_TEST|CODE_REVIEW,Active,priority MUST_HAVE
SEC-SEC-029,DOC-06,Evidence,"evidence (table, V010__assessment_and_intake.sql)",MISSING (no API operation cites this requirement),MISSING (no test cites this requirement),AUTOMATED_TEST|PENETRATION_TEST,Active,priority MUST_HAVE
SEC-SEC-030,DOC-06,MISSING (no main source file cites this requirement),MISSING (no schema object cites this requirement),MISSING (no API operation cites this requirement),MISSING (no test cites this requirement),AUTOMATED_TEST|PENETRATION_TEST,Active,priority MUST_HAVE
SEC-SEC-031,DOC-06,MISSING (no main source file cites this requirement),MISSING (no schema object cites this requirement),MISSING (no API operation cites this requirement),MISSING (no test cites this requirement),AUTOMATED_TEST|PENETRATION_TEST,Active,priority MUST_HAVE
SEC-SEC-032,DOC-06,MISSING (no main source file cites this requirement),MISSING (no schema object cites this requirement),MISSING (no API operation cites this requirement),MISSING (no test cites this requirement),AUTOMATED_TEST|PENETRATION_TEST,Active,priority MUST_HAVE
SEC-SEC-033,DOC-06,MISSING (no main source file cites this requirement),MISSING (no schema object cites this requirement),MISSING (no API operation cites this requirement),MISSING (no test cites this requirement),AUTOMATED_TEST|PENETRATION_TEST,Active,priority MUST_HAVE
SEC-SEC-034,DOC-06,MISSING (no main source file cites this requirement),MISSING (no schema object cites this requirement),MISSING (no API operation cites this requirement),MISSING (no test cites this requirement),AUTOMATED_TEST|PENETRATION_TEST,Active,priority MUST_HAVE
SEC-SEC-035,DOC-06,MISSING (no main source file cites this requirement),MISSING (no schema object cites this requirement),MISSING (no API operation cites this requirement),MISSING (no test cites this requirement),AUTOMATED_TEST|PENETRATION_TEST,Active,priority MUST_HAVE
SEC-SEC-036,DOC-06,MISSING (no main source file cites this requirement),MISSING (no schema object cites this requirement),MISSING (no API operation cites this requirement),MISSING (no test cites this requirement),AUTOMATED_TEST|PENETRATION_TEST,Active,priority MUST_HAVE
SEC-SEC-037,DOC-06,MISSING (no main source file cites this requirement),MISSING (no schema object cites this requirement),MISSING (no API operation cites this requirement),MISSING (no test cites this requirement),AUTOMATED_TEST|PENETRATION_TEST,Active,priority MUST_HAVE
SEC-SEC-038,DOC-06,MISSING (no main source file cites this requirement),MISSING (no schema object cites this requirement),MISSING (no API operation cites this requirement),MISSING (no test cites this requirement),AUTOMATED_TEST|PENETRATION_TEST,Active,priority MUST_HAVE
SEC-SEC-039,DOC-06,MISSING (no main source file cites this requirement),MISSING (no schema object cites this requirement),MISSING (no API operation cites this requirement),MISSING (no test cites this requirement),AUTOMATED_TEST|PENETRATION_TEST,Active,priority MUST_HAVE
SEC-SEC-040,DOC-06,MISSING (no main source file cites this requirement),MISSING (no schema object cites this requirement),MISSING (no API operation cites this requirement),MISSING (no test cites this requirement),AUTOMATED_TEST|PENETRATION_TEST,Active,priority MUST_HAVE
SEC-SEC-041,DOC-06,MISSING (no main source file cites this requirement),MISSING (no schema object cites this requirement),MISSING (no API operation cites this requirement),MISSING (no test cites this requirement),AUTOMATED_TEST|PENETRATION_TEST,Active,priority MUST_HAVE
SEC-SEC-042,DOC-06,MISSING (no main source file cites this requirement),MISSING (no schema object cites this requirement),MISSING (no API operation cites this requirement),MISSING (no test cites this requirement),AUTOMATED_TEST,Active,priority MUST_HAVE
SEC-SEC-043,DOC-06,MISSING (no main source file cites this requirement),MISSING (no schema object cites this requirement),MISSING (no API operation cites this requirement),MISSING (no test cites this requirement),AUTOMATED_TEST,Active,priority MUST_HAVE
SEC-SEC-044,DOC-06,MISSING (no main source file cites this requirement),MISSING (no schema object cites this requirement),MISSING (no API operation cites this requirement),MISSING (no test cites this requirement),AUTOMATED_TEST|PENETRATION_TEST,Active,priority MUST_HAVE
SEC-SEC-045,DOC-06,MISSING (no main source file cites this requirement),MISSING (no schema object cites this requirement),MISSING (no API operation cites this requirement),MISSING (no test cites this requirement),AUTOMATED_TEST,Active,priority MUST_HAVE
SEC-SEC-046,DOC-06,MISSING (no main source file cites this requirement),MISSING (no schema object cites this requirement),MISSING (no API operation cites this requirement),MISSING (no test cites this requirement),AUTOMATED_TEST,Active,priority MUST_HAVE
SEC-SEC-047,DOC-06,MISSING (no main source file cites this requirement),MISSING (no schema object cites this requirement),MISSING (no API operation cites this requirement),MISSING (no test cites this requirement),AUTOMATED_TEST,Active,priority MUST_HAVE
SEC-SEC-048,DOC-06,MISSING (no main source file cites this requirement),MISSING (no schema object cites this requirement),MISSING (no API operation cites this requirement),MISSING (no test cites this requirement),AUTOMATED_TEST,Active,priority MUST_HAVE
SEC-SEC-049,DOC-06,MISSING (no main source file cites this requirement),MISSING (no schema object cites this requirement),MISSING (no API operation cites this requirement),MISSING (no test cites this requirement),AUTOMATED_TEST,Active,priority MUST_HAVE
SEC-SEC-050,DOC-06,MISSING (no main source file cites this requirement),MISSING (no schema object cites this requirement),MISSING (no API operation cites this requirement),MISSING (no test cites this requirement),AUTOMATED_TEST,Active,priority MUST_HAVE
SEC-SEC-051,DOC-06,MISSING (no main source file cites this requirement),MISSING (no schema object cites this requirement),MISSING (no API operation cites this requirement),MISSING (no test cites this requirement),AUTOMATED_TEST,Active,priority MUST_HAVE
SEC-SEC-052,DOC-06,MISSING (no main source file cites this requirement),MISSING (no schema object cites this requirement),MISSING (no API operation cites this requirement),MISSING (no test cites this requirement),AUTOMATED_TEST,Active,priority MUST_HAVE
SEC-SEC-053,DOC-06,MISSING (no main source file cites this requirement),MISSING (no schema object cites this requirement),MISSING (no API operation cites this requirement),MISSING (no test cites this requirement),AUTOMATED_TEST,Active,priority MUST_HAVE
SEC-SEC-054,DOC-06,MISSING (no main source file cites this requirement),MISSING (no schema object cites this requirement),MISSING (no API operation cites this requirement),AuthorizationAssertionInventoryTest#cookieAndTokenNotBothAccepted,AUTOMATED_TEST,Active,priority MUST_HAVE
SEC-SEC-055,DOC-06,MISSING (no main source file cites this requirement),MISSING (no schema object cites this requirement),MISSING (no API operation cites this requirement),MISSING (no test cites this requirement),AUTOMATED_TEST,Active,priority MUST_HAVE
SEC-SEC-056,DOC-06,PipelineGate,MISSING (no schema object cites this requirement),MISSING (no API operation cites this requirement),MISSING (no test cites this requirement),AUTOMATED_TEST,Active,priority MUST_HAVE
SEC-SEC-057,DOC-06,N/A (verified by document inspection; no code artifact is owed),N/A (verified by document inspection; no code artifact is owed),N/A (verified by document inspection; no code artifact is owed),N/A (verified by document inspection; no automated test is owed),DOCUMENT_INSPECTION,Active,priority MUST_HAVE
SEC-SEC-058,DOC-06,PipelineGate,MISSING (no schema object cites this requirement),MISSING (no API operation cites this requirement),MISSING (no test cites this requirement),AUTOMATED_TEST,Active,priority MUST_HAVE
SEC-SEC-059,DOC-06,MISSING (no main source file cites this requirement),MISSING (no schema object cites this requirement),MISSING (no API operation cites this requirement),MISSING (no test cites this requirement),AUTOMATED_TEST|CODE_REVIEW,Active,priority MUST_HAVE
SEC-SEC-060,DOC-06,MISSING (no main source file cites this requirement),MISSING (no schema object cites this requirement),MISSING (no API operation cites this requirement),MISSING (no test cites this requirement),AUTOMATED_TEST,Active,priority MUST_HAVE
SEC-SEC-061,DOC-06,"N/A (verified by document inspection, penetration test, scheduled before commercial release; no code artifact is owed)","N/A (verified by document inspection, penetration test, scheduled before commercial release; no code artifact is owed)","N/A (verified by document inspection, penetration test, scheduled before commercial release; no code artifact is owed)","N/A (verified by document inspection, penetration test, scheduled before commercial release; no automated test is owed)",PENETRATION_TEST|DOCUMENT_INSPECTION,Active,priority MUST_HAVE
SEC-SEC-062,DOC-06,N/A (verified by document inspection; no code artifact is owed),N/A (verified by document inspection; no code artifact is owed),N/A (verified by document inspection; no code artifact is owed),N/A (verified by document inspection; no automated test is owed),DOCUMENT_INSPECTION,Active,priority MUST_HAVE
SEC-SEC-063,DOC-06,MISSING (no main source file cites this requirement),MISSING (no schema object cites this requirement),MISSING (no API operation cites this requirement),MISSING (no test cites this requirement),AUTOMATED_TEST,Active,priority MUST_HAVE
SEC-SEC-064,DOC-06,MISSING (no main source file cites this requirement),MISSING (no schema object cites this requirement),MISSING (no API operation cites this requirement),MISSING (no test cites this requirement),AUTOMATED_TEST|ARCHITECTURE_REVIEW,Active,priority MUST_HAVE
SEC-SEC-065,DOC-06,MISSING (no main source file cites this requirement),MISSING (no schema object cites this requirement),MISSING (no API operation cites this requirement),MISSING (no test cites this requirement),AUTOMATED_TEST|CODE_REVIEW,Active,priority MUST_HAVE
SEC-SEC-066,DOC-06,MISSING (no main source file cites this requirement),MISSING (no schema object cites this requirement),MISSING (no API operation cites this requirement),MISSING (no test cites this requirement),AUTOMATED_TEST,Active,priority MUST_HAVE
SEC-SEC-067,DOC-06,MISSING (no main source file cites this requirement),MISSING (no schema object cites this requirement),MISSING (no API operation cites this requirement),MISSING (no test cites this requirement),AUTOMATED_TEST|ARCHITECTURE_REVIEW,Active,priority MUST_HAVE
SEC-SEC-068,DOC-06,MISSING (no main source file cites this requirement),MISSING (no schema object cites this requirement),MISSING (no API operation cites this requirement),MISSING (no test cites this requirement),AUTOMATED_TEST|PENETRATION_TEST,Active,priority MUST_HAVE
SEC-TEN-001,DOC-24,TenantContext,MISSING (no schema object cites this requirement),MISSING (no API operation cites this requirement),MISSING (no test cites this requirement),AUTOMATED_TEST|CODE_REVIEW,Active,priority MUST_HAVE
SEC-TEN-002,DOC-24,MISSING (no main source file cites this requirement),MISSING (no schema object cites this requirement),MISSING (no API operation cites this requirement),MISSING (no test cites this requirement),AUTOMATED_TEST,Active,priority MUST_HAVE
SEC-TEN-003,DOC-24,N/A (verified by code review; the artifact is the review record; no code artifact is owed),N/A (verified by code review; the artifact is the review record; no code artifact is owed),N/A (verified by code review; the artifact is the review record; no code artifact is owed),N/A (verified by code review; the artifact is the review record; no automated test is owed),CODE_REVIEW,Active,priority MUST_HAVE
SEC-TEN-004,DOC-24,AspmApplication; AssessmentService; AuthorizationRequest; +13 more,"current_tenant_id (function, V001__tenant_context_and_enforcement.sql)",MISSING (no API operation cites this requirement),ApplicationTierTest#refusesOutsideDevelopment; FailClosedTest#<class-level citation>; FailClosedTest#provenanceIsRequired; +1 more,AUTOMATED_TEST|PENETRATION_TEST,Active,priority MUST_HAVE
SEC-TEN-005,DOC-24,AuthorizationGate; ChainedAuditWriter; Dispatcher; +5 more,"current_tenant_id (function, V001__tenant_context_and_enforcement.sql)",MISSING (no API operation cites this requirement),ChainedAuditWriterTest#writeWithoutContextRaises; DenyByDefaultTest#missingContextIsAMalfunctionNotADenial; FailClosedTest#requireCurrentRaisesWhenUnestablished; +2 more,AUTOMATED_TEST|CODE_REVIEW,Active,priority MUST_HAVE
SEC-TEN-006,DOC-24,DomainEvent; EstablishedFrom; MissingTenantContextException; +2 more,MISSING (no schema object cites this requirement),MISSING (no API operation cites this requirement),FailClosedTest#asyncWorkEstablishesItsOwnContext; FailClosedTest#asyncWorkRequiresExplicitBinding; IsolationPathInventoryTest#backgroundJobWithoutBindingDoesNotExecute; +1 more,AUTOMATED_TEST,Active,priority MUST_HAVE
SEC-TEN-007,DOC-24,ConnectionPoolPolicy; InventoryService; JdbcTenantScopedAccess; +2 more,MISSING (no schema object cites this requirement),MISSING (no API operation cites this requirement),DeploymentTopologyTest#borrowRefusesAStaleTenantContext; DeploymentTopologyTest#returnResetsSessionState; FailClosedTest#<class-level citation>; +1 more,AUTOMATED_TEST|CODE_REVIEW,Active,priority MUST_HAVE
SEC-TEN-008,DOC-24,"N/A (verified by architecture review; the artifact is the review record, code review; the artifact is the review record; no code artifact is owed)","reject_fingerprint_change (function, V006__finding_identity.sql)","N/A (verified by architecture review; the artifact is the review record, code review; the artifact is the review record; no code artifact is owed)",KernelPersistenceVerificationTest#auditEventHasNoUpdateOrDeletePathAtAnyPrivilege,CODE_REVIEW|ARCHITECTURE_REVIEW,Active,priority MUST_HAVE
SEC-TEN-009,DOC-24,DirectInfrastructureClientAccess,MISSING (no schema object cites this requirement),MISSING (no API operation cites this requirement),MISSING (no test cites this requirement),AUTOMATED_TEST|CODE_REVIEW,Active,priority MUST_HAVE
SEC-TEN-010,DOC-24,DirectInfrastructureClientAccess,MISSING (no schema object cites this requirement),MISSING (no API operation cites this requirement),MISSING (no test cites this requirement),AUTOMATED_TEST,Active,priority MUST_HAVE
SEC-TEN-011,DOC-24,MISSING (no main source file cites this requirement),MISSING (no schema object cites this requirement),MISSING (no API operation cites this requirement),MISSING (cited only by IsolationPathInventoryTest#apiWrite (@Disabled)),AUTOMATED_TEST,Active,priority MUST_HAVE
SEC-TEN-012,DOC-24,MISSING (no main source file cites this requirement),MISSING (no schema object cites this requirement),MISSING (no API operation cites this requirement),IsolationPathInventoryTest#connectionPooling,AUTOMATED_TEST,Active,priority MUST_HAVE
SEC-TEN-013,DOC-24,MISSING (no main source file cites this requirement),MISSING (no schema object cites this requirement),MISSING (no API operation cites this requirement),MISSING (no test cites this requirement),AUTOMATED_TEST|CODE_REVIEW,Active,priority MUST_HAVE
SEC-TEN-014,DOC-24,MISSING (no main source file cites this requirement),MISSING (no schema object cites this requirement),MISSING (no API operation cites this requirement),MISSING (no test cites this requirement),AUTOMATED_TEST,Active,priority MUST_HAVE
SEC-TEN-015,DOC-24,MISSING (no main source file cites this requirement),MISSING (no schema object cites this requirement),MISSING (no API operation cites this requirement),MISSING (no test cites this requirement),AUTOMATED_TEST,Active,priority MUST_HAVE
SEC-TEN-016,DOC-24,MISSING (no main source file cites this requirement),MISSING (no schema object cites this requirement),MISSING (no API operation cites this requirement),MISSING (no test cites this requirement),AUTOMATED_TEST,Active,priority MUST_HAVE
SEC-TEN-017,DOC-24,MISSING (no main source file cites this requirement),MISSING (no schema object cites this requirement),MISSING (no API operation cites this requirement),MISSING (no test cites this requirement),AUTOMATED_TEST|CODE_REVIEW,Active,priority MUST_HAVE
SEC-TEN-018,DOC-24,TenantContext,"tenant (table, V001__tenant_context_and_enforcement.sql)",MISSING (no API operation cites this requirement),MISSING (no test cites this requirement),AUTOMATED_TEST|DOCUMENT_INSPECTION,Active,priority MUST_HAVE
SEC-TEN-019,DOC-24,MISSING (no main source file cites this requirement),MISSING (no schema object cites this requirement),MISSING (no API operation cites this requirement),MISSING (no test cites this requirement),AUTOMATED_TEST,Active,priority MUST_HAVE
SEC-TEN-020,DOC-24,MISSING (no main source file cites this requirement),MISSING (no schema object cites this requirement),MISSING (no API operation cites this requirement),MISSING (no test cites this requirement),AUTOMATED_TEST,Active,priority MUST_HAVE
SEC-TEN-021,DOC-24,MISSING (no main source file cites this requirement),MISSING (no schema object cites this requirement),MISSING (no API operation cites this requirement),MISSING (no test cites this requirement),AUTOMATED_TEST,Active,priority MUST_HAVE
SEC-TEN-022,DOC-24,MISSING (no main source file cites this requirement),MISSING (no schema object cites this requirement),MISSING (no API operation cites this requirement),MISSING (no test cites this requirement),AUTOMATED_TEST|PENETRATION_TEST,Active,priority MUST_HAVE
SEC-TEN-023,DOC-24,MISSING (no main source file cites this requirement),MISSING (no schema object cites this requirement),MISSING (no API operation cites this requirement),MISSING (no test cites this requirement),AUTOMATED_TEST,Active,priority MUST_HAVE
SEC-TEN-024,DOC-24,MISSING (no main source file cites this requirement),MISSING (no schema object cites this requirement),MISSING (no API operation cites this requirement),MISSING (no test cites this requirement),AUTOMATED_TEST|CODE_REVIEW,Active,priority MUST_HAVE
SEC-TEN-025,DOC-24,MISSING (no main source file cites this requirement),MISSING (no schema object cites this requirement),MISSING (no API operation cites this requirement),MISSING (no test cites this requirement),AUTOMATED_TEST,Active,priority MUST_HAVE
SEC-TEN-026,DOC-24,MISSING (no main source file cites this requirement),MISSING (no schema object cites this requirement),MISSING (no API operation cites this requirement),MISSING (no test cites this requirement),AUTOMATED_TEST|ARCHITECTURE_REVIEW,Active,priority MUST_HAVE
SEC-TEN-027,DOC-24,MISSING (no main source file cites this requirement),MISSING (no schema object cites this requirement),MISSING (no API operation cites this requirement),MISSING (no test cites this requirement),AUTOMATED_TEST,Active,priority MUST_HAVE
SEC-TEN-028,DOC-24,MISSING (no main source file cites this requirement),MISSING (no schema object cites this requirement),MISSING (no API operation cites this requirement),MISSING (no test cites this requirement),AUTOMATED_TEST,Active,priority MUST_HAVE
SEC-TEN-029,DOC-24,MISSING (no main source file cites this requirement),MISSING (no schema object cites this requirement),MISSING (no API operation cites this requirement),MISSING (no test cites this requirement),AUTOMATED_TEST,Active,priority MUST_HAVE
SEC-TEN-030,DOC-24,ChainedAuditWriter; EstablishedFrom; TenantContext,"audit_event (table, V002__audit_event.sql)",MISSING (no API operation cites this requirement),ChainedAuditWriterTest#breakGlassReferenceComesFromContext; FailClosedTest#breakGlassRequiresItsReference,AUTOMATED_TEST,Active,priority MUST_HAVE
SEC-TEN-031,DOC-24,MISSING (no main source file cites this requirement),MISSING (no schema object cites this requirement),MISSING (no API operation cites this requirement),MISSING (no test cites this requirement),AUTOMATED_TEST,Active,priority MUST_HAVE
SEC-TEN-032,DOC-24,MISSING (no main source file cites this requirement),MISSING (no schema object cites this requirement),MISSING (no API operation cites this requirement),MISSING (no test cites this requirement),AUTOMATED_TEST,Active,priority MUST_HAVE
SEC-TEN-033,DOC-24,MISSING (no main source file cites this requirement),MISSING (no schema object cites this requirement),MISSING (no API operation cites this requirement),MISSING (no test cites this requirement),AUTOMATED_TEST,Active,priority MUST_HAVE
SEC-TEN-034,DOC-24,MISSING (no main source file cites this requirement),MISSING (no schema object cites this requirement),MISSING (no API operation cites this requirement),MISSING (no test cites this requirement),AUTOMATED_TEST,Active,priority MUST_HAVE
SEC-TEN-035,DOC-24,MISSING (no main source file cites this requirement),MISSING (no schema object cites this requirement),MISSING (no API operation cites this requirement),MISSING (no test cites this requirement),AUTOMATED_TEST,Active,priority MUST_HAVE
SEC-TEN-036,DOC-24,MISSING (no main source file cites this requirement),MISSING (no schema object cites this requirement),MISSING (no API operation cites this requirement),MISSING (no test cites this requirement),AUTOMATED_TEST,Active,priority MUST_HAVE
SEC-TEN-037,DOC-24,MISSING (no main source file cites this requirement),MISSING (no schema object cites this requirement),MISSING (no API operation cites this requirement),MISSING (no test cites this requirement),AUTOMATED_TEST,Active,priority MUST_HAVE
SEC-TEN-038,DOC-24,MISSING (no main source file cites this requirement),MISSING (no schema object cites this requirement),MISSING (no API operation cites this requirement),MISSING (no test cites this requirement),AUTOMATED_TEST,Active,priority MUST_HAVE
SEC-TEN-039,DOC-24,MISSING (no main source file cites this requirement),MISSING (no schema object cites this requirement),MISSING (no API operation cites this requirement),MISSING (no test cites this requirement),AUTOMATED_TEST,Active,priority MUST_HAVE
SEC-TEN-040,DOC-24,MISSING (no main source file cites this requirement),MISSING (no schema object cites this requirement),MISSING (no API operation cites this requirement),MISSING (no test cites this requirement),AUTOMATED_TEST,Active,priority MUST_HAVE
SEC-TEN-041,DOC-24,MISSING (no main source file cites this requirement),V001__tenant_context_and_enforcement.sql,MISSING (no API operation cites this requirement),MISSING (no test cites this requirement),AUTOMATED_TEST|DOCUMENT_INSPECTION,Active,priority MUST_HAVE
SEC-TEN-042,DOC-24,MISSING (no main source file cites this requirement),MISSING (no schema object cites this requirement),MISSING (no API operation cites this requirement),MISSING (no test cites this requirement),AUTOMATED_TEST,Active,priority MUST_HAVE
SEC-TEN-043,DOC-24,MISSING (no main source file cites this requirement),"tenant_id_reservation (table, V001__tenant_context_and_enforcement.sql)",MISSING (no API operation cites this requirement),MISSING (no test cites this requirement),AUTOMATED_TEST,Active,priority MUST_HAVE
SEC-TEN-044,DOC-24,MISSING (no main source file cites this requirement),MISSING (no schema object cites this requirement),MISSING (no API operation cites this requirement),MISSING (no test cites this requirement),ARCHITECTURE_REVIEW|AUTOMATED_TEST,Active,priority MUST_HAVE
SEC-TEN-045,DOC-24,MISSING (no main source file cites this requirement),MISSING (no schema object cites this requirement),MISSING (no API operation cites this requirement),MISSING (no test cites this requirement),AUTOMATED_TEST,Active,priority MUST_HAVE
SEC-TEN-046,DOC-24,MISSING (no main source file cites this requirement),MISSING (no schema object cites this requirement),MISSING (no API operation cites this requirement),MISSING (no test cites this requirement),AUTOMATED_TEST,Active,priority MUST_HAVE
SEC-TEN-047,DOC-24,Runbook,V001__tenant_context_and_enforcement.sql,MISSING (no API operation cites this requirement),MISSING (no test cites this requirement),AUTOMATED_TEST,Active,priority MUST_HAVE
SEC-TEN-048,DOC-24,MISSING (no main source file cites this requirement),MISSING (no schema object cites this requirement),MISSING (no API operation cites this requirement),MISSING (no test cites this requirement),AUTOMATED_TEST,Active,priority MUST_HAVE
SEC-TEN-049,DOC-24,MISSING (no main source file cites this requirement),MISSING (no schema object cites this requirement),MISSING (no API operation cites this requirement),IsolationPathInventoryTest#fingerprintDeduplication,AUTOMATED_TEST,Active,priority MUST_HAVE
SEC-TEN-050,DOC-24,"N/A (verified by penetration test, scheduled before commercial release; no code artifact is owed)","N/A (verified by penetration test, scheduled before commercial release; no code artifact is owed)","N/A (verified by penetration test, scheduled before commercial release; no code artifact is owed)","N/A (verified by penetration test, scheduled before commercial release; no automated test is owed)",PENETRATION_TEST,Active,priority MUST_HAVE
TST-AIC-001,DOC-16,MISSING (no main source file cites this requirement),MISSING (no schema object cites this requirement),MISSING (no API operation cites this requirement),MISSING (no test cites this requirement),AUTOMATED_TEST,Active,priority MUST_HAVE
TST-AIC-002,DOC-16,MISSING (no main source file cites this requirement),MISSING (no schema object cites this requirement),MISSING (no API operation cites this requirement),MISSING (no test cites this requirement),AUTOMATED_TEST,Active,priority MUST_HAVE
TST-AUZ-001,DOC-16,ScoreReducingAction,MISSING (no schema object cites this requirement),MISSING (no API operation cites this requirement),AuthorizationAssertionInventoryTest#<class-level citation>; AuthorizationAssertionInventoryTest#theInventoryIsComplete,AUTOMATED_TEST,Active,priority MUST_HAVE
TST-AUZ-002,DOC-16,MISSING (no main source file cites this requirement),MISSING (no schema object cites this requirement),DenialResponse,ApiFrameworkTest#timingIsIndistinguishableAcrossManySamples,AUTOMATED_TEST,Active,priority MUST_HAVE
TST-DEP-001,DOC-16,"N/A (verified by demonstration — a rehearsal or walkthrough, not a test; no code artifact is owed)","N/A (verified by demonstration — a rehearsal or walkthrough, not a test; no code artifact is owed)","N/A (verified by demonstration — a rehearsal or walkthrough, not a test; no code artifact is owed)","N/A (verified by demonstration — a rehearsal or walkthrough, not a test; no automated test is owed)",DEMONSTRATION,Active,priority MUST_HAVE
TST-DEP-002,DOC-16,MISSING (no main source file cites this requirement),MISSING (no schema object cites this requirement),MISSING (no API operation cites this requirement),MISSING (no test cites this requirement),AUTOMATED_TEST,Active,priority MUST_HAVE
TST-DSH-001,DOC-16,HonestRenderer; PresentationOptions,MISSING (no schema object cites this requirement),MISSING (no API operation cites this requirement),HonestyAssertionTest#noSurfaceIsSuppressibleByAnyCombination,AUTOMATED_TEST,Active,priority MUST_HAVE
TST-DSH-002,DOC-16,HonestRenderer,MISSING (no schema object cites this requirement),MISSING (no API operation cites this requirement),HonestyAssertionTest#<class-level citation>; HonestyAssertionTest#theInventoryIsComplete,AUTOMATED_TEST,Active,priority MUST_HAVE
TST-ING-001,DOC-16,ImportSession,MISSING (no schema object cites this requirement),MISSING (no API operation cites this requirement),MISSING (no test cites this requirement),AUTOMATED_TEST,Active,priority MUST_HAVE
TST-INT-001,DOC-16,MISSING (no main source file cites this requirement),MISSING (no schema object cites this requirement),MISSING (no API operation cites this requirement),MISSING (no test cites this requirement),AUTOMATED_TEST,Active,priority MUST_HAVE
TST-INT-002,DOC-16,MISSING (no main source file cites this requirement),MISSING (no schema object cites this requirement),MISSING (no API operation cites this requirement),MISSING (no test cites this requirement),AUTOMATED_TEST,Active,priority MUST_HAVE
TST-PLT-001,DOC-16,MISSING (no main source file cites this requirement),MISSING (no schema object cites this requirement),MISSING (no API operation cites this requirement),MISSING (no test cites this requirement),AUTOMATED_TEST,Active,priority MUST_HAVE
TST-PLT-002,DOC-16,N/A (verified by document inspection; no code artifact is owed),N/A (verified by document inspection; no code artifact is owed),N/A (verified by document inspection; no code artifact is owed),N/A (verified by document inspection; no automated test is owed),DOCUMENT_INSPECTION,Active,priority MUST_HAVE
TST-PLT-003,DOC-16,MISSING (no main source file cites this requirement),MISSING (no schema object cites this requirement),MISSING (no API operation cites this requirement),MISSING (no test cites this requirement),AUTOMATED_TEST,Active,priority MUST_HAVE
TST-PLT-004,DOC-16,src/build.gradle.kts,MISSING (no schema object cites this requirement),MISSING (no API operation cites this requirement),AssetInvariantTest#<class-level citation>,AUTOMATED_TEST,Active,priority MUST_HAVE
TST-PLT-005,DOC-16,AuditChainStore; ScopeAuthorizedAssetGraph,MISSING (no schema object cites this requirement),MISSING (no API operation cites this requirement),ChainedAuditWriterTest#<class-level citation>; FailClosedTest#<class-level citation>,AUTOMATED_TEST,Active,priority MUST_HAVE
TST-PLT-006,DOC-16,MISSING (no main source file cites this requirement),MISSING (no schema object cites this requirement),MISSING (no API operation cites this requirement),MISSING (no test cites this requirement),AUTOMATED_TEST,Active,priority MUST_HAVE
TST-PLT-007,DOC-16,MISSING (no main source file cites this requirement),"component (table, V011__composition_analysis.sql)",MISSING (no API operation cites this requirement),MISSING (no test cites this requirement),AUTOMATED_TEST,Active,priority MUST_HAVE
TST-PLT-008,DOC-16,ResourceEndpoint; ResourceGroup,MISSING (no schema object cites this requirement),KeysetPage,ApiFrameworkTest#<class-level citation>; ApiFrameworkTest#concurrentInsertionSkipsAndDuplicatesNothing; ApiFrameworkTest#timingIsIndistinguishableAcrossManySamples,AUTOMATED_TEST,Active,priority MUST_HAVE
TST-PLT-009,DOC-16,"N/A (verified by document inspection, penetration test, scheduled before commercial release; no code artifact is owed)","N/A (verified by document inspection, penetration test, scheduled before commercial release; no code artifact is owed)","N/A (verified by document inspection, penetration test, scheduled before commercial release; no code artifact is owed)","N/A (verified by document inspection, penetration test, scheduled before commercial release; no automated test is owed)",PENETRATION_TEST|DOCUMENT_INSPECTION,Active,priority MUST_HAVE
TST-PLT-010,DOC-16,"N/A (verified by penetration test, scheduled before commercial release; no code artifact is owed)","N/A (verified by penetration test, scheduled before commercial release; no code artifact is owed)","N/A (verified by penetration test, scheduled before commercial release; no code artifact is owed)","N/A (verified by penetration test, scheduled before commercial release; no automated test is owed)",PENETRATION_TEST,Active,priority MUST_HAVE
TST-PLT-011,DOC-16,MISSING (no main source file cites this requirement),MISSING (no schema object cites this requirement),MISSING (no API operation cites this requirement),MISSING (no test cites this requirement),AUTOMATED_TEST,Active,priority MUST_HAVE
TST-PLT-012,DOC-16,MISSING (no main source file cites this requirement),MISSING (no schema object cites this requirement),MISSING (no API operation cites this requirement),MISSING (no test cites this requirement),AUTOMATED_TEST,Active,priority MUST_HAVE
TST-PTR-003,DOC-16,EvaluationTime,MISSING (no schema object cites this requirement),MISSING (no API operation cites this requirement),ScopeDescriptorReproducibilityTest#<class-level citation>; ScopeDescriptorReproducibilityTest#pathMustNotBeEmpty,AUTOMATED_TEST,Active,priority MUST_HAVE
TST-SBM-001,DOC-16,MISSING (no main source file cites this requirement),MISSING (no schema object cites this requirement),MISSING (no API operation cites this requirement),VersionComparisonCorpusTest#<class-level citation>; VersionComparisonCorpusTest#everyOrderableEcosystemOrders,AUTOMATED_TEST,Active,priority MUST_HAVE
TST-SBM-002,DOC-16,MISSING (no main source file cites this requirement),MISSING (no schema object cites this requirement),MISSING (no API operation cites this requirement),ClosureAndCoverageTest#<class-level citation>; ClosureAndCoverageTest#componentGateRespectsTheRunGate,AUTOMATED_TEST,Active,priority MUST_HAVE
TST-SEC-001,DOC-16,N/A (verified by document inspection; no code artifact is owed),N/A (verified by document inspection; no code artifact is owed),N/A (verified by document inspection; no code artifact is owed),N/A (verified by document inspection; no automated test is owed),DOCUMENT_INSPECTION,Active,priority MUST_HAVE
TST-SEC-002,DOC-16,MISSING (no main source file cites this requirement),MISSING (no schema object cites this requirement),MISSING (no API operation cites this requirement),MISSING (no test cites this requirement),AUTOMATED_TEST,Active,priority MUST_HAVE
TST-SEC-003,DOC-16,MISSING (no main source file cites this requirement),MISSING (no schema object cites this requirement),MISSING (no API operation cites this requirement),MISSING (no test cites this requirement),AUTOMATED_TEST,Active,priority MUST_HAVE
TST-TEN-001,DOC-16,MISSING (no main source file cites this requirement),MISSING (no schema object cites this requirement),MISSING (no API operation cites this requirement),IsolationPathInventoryTest#<class-level citation>; IsolationPathInventoryTest#theInventoryIsComplete,AUTOMATED_TEST,Active,priority MUST_HAVE
TST-TEN-002,DOC-16,MISSING (no main source file cites this requirement),MISSING (no schema object cites this requirement),MISSING (no API operation cites this requirement),MISSING (no test cites this requirement),AUTOMATED_TEST,Active,priority MUST_HAVE
TST-TEN-003,DOC-16,MISSING (no main source file cites this requirement),MISSING (no schema object cites this requirement),MISSING (no API operation cites this requirement),MISSING (no test cites this requirement),AUTOMATED_TEST,Active,priority MUST_HAVE
TST-VUL-001,DOC-16,MISSING (no main source file cites this requirement),MISSING (no schema object cites this requirement),MISSING (no API operation cites this requirement),RescanCorpusTest#<class-level citation>,AUTOMATED_TEST,Active,priority MUST_HAVE
TST-WRK-001,DOC-16,MISSING (no main source file cites this requirement),MISSING (no schema object cites this requirement),MISSING (no API operation cites this requirement),MISSING (no test cites this requirement),AUTOMATED_TEST,Active,priority MUST_HAVE
TST-WRK-002,DOC-16,MISSING (no main source file cites this requirement),MISSING (no schema object cites this requirement),MISSING (no API operation cites this requirement),MISSING (no test cites this requirement),AUTOMATED_TEST,Active,priority MUST_HAVE
PRD-SBM-001,DOC-01,N/A (status Superseded; a superseded requirement owes no artifact),N/A (status Superseded; a superseded requirement owes no artifact),N/A (status Superseded; a superseded requirement owes no artifact),N/A (the register records no verification method for this requirement — a register gap; no automated test is owed),,Superseded,priority 
PRD-SBM-006,DOC-01,N/A (status Superseded; a superseded requirement owes no artifact),N/A (status Superseded; a superseded requirement owes no artifact),N/A (status Superseded; a superseded requirement owes no artifact),N/A (the register records no verification method for this requirement — a register gap; no automated test is owed),,Superseded,priority 
PRD-SBM-008,DOC-01,N/A (status Withdrawn; a superseded requirement owes no artifact),N/A (status Withdrawn; a superseded requirement owes no artifact),N/A (status Withdrawn; a superseded requirement owes no artifact),N/A (the register records no verification method for this requirement — a register gap; no automated test is owed),,Withdrawn,priority 
