id,class,domain,seq,owning_doc,statement,priority,verification,status,supersedes,superseded_by,extraction_source
CFG-AIC-001,CFG,AIC,001,DOC-01,"AI provider selection, model selection per capability, permitted data categories, consumption budgets, and per-capability enablement MUST be tenant-configurable.",MUST_HAVE,AUTOMATED_TEST,Active,,,compact_table
CFG-ASM-001,CFG,ASM,001,DOC-01,"Assessment types, checklist definitions and their selection rules, assessment gates, and intake classification rules MUST be tenant-configurable.",MUST_HAVE,AUTOMATED_TEST,Active,,,compact_table
CFG-AST-001,CFG,AST,001,DOC-01,"Business criticality tier names and count, exposure classification values, and asset tag vocabularies MUST be tenant-configurable.",MUST_HAVE,AUTOMATED_TEST,Active,,,compact_table
CFG-AST-002,CFG,AST,002,DOC-01,"The set of environments an asset endpoint may be published in MUST be tenant-configurable, and the platform MUST offer an endpoint column and an endpoint filter for every configured environment irrespective of whether any endpoint is currently recorded in it.",MUST_HAVE,AUTOMATED_TEST,Active,,,compact_table
CFG-AUZ-001,CFG,AUZ,001,DOC-01,"Roles, their names, and their permission composition MUST be tenant-configurable from the product-fixed permission catalogue.",MUST_HAVE,AUTOMATED_TEST,Active,,,compact_table
CFG-AUZ-002,CFG,AUZ,002,DOC-01,Scope assignment — which principals hold which roles over which nodes — MUST be tenant-managed without vendor involvement.,MUST_HAVE,AUTOMATED_TEST,Active,,,compact_table
CFG-DSH-001,CFG,DSH,001,DOC-01,"Report templates, section selection, branding, scheduled delivery recipients, and per-role composition access MUST be tenant-configurable.",SHOULD_HAVE,DEMONSTRATION,Active,,,compact_table
CFG-KBS-001,CFG,KBS,001,DOC-01,"Knowledge base content, its structure, and its linkage to finding classes and checklist items MUST be tenant-authorable.",SHOULD_HAVE,DEMONSTRATION,Active,,,compact_table
CFG-NTF-001,CFG,NTF,001,DOC-01,"Notification rules, channel routing, digest schedules, templates, and escalation timing MUST be tenant-configurable, and mandatory notification categories MUST be product-fixed.",MUST_HAVE,AUTOMATED_TEST,Active,,,compact_table
CFG-ORG-001,CFG,ORG,001,DOC-01,"Organization hierarchy depth, node type names, permitted parent relationships, and displayed vocabulary MUST be tenant-configurable.",MUST_HAVE,AUTOMATED_TEST,Active,,,compact_table
CFG-PLT-001,CFG,PLT,001,DOC-01,The permission catalogue MUST be product-fixed. Tenants compose roles from it and MUST NOT define new permissions.,MUST_HAVE,AUTOMATED_TEST,Active,,,compact_table
CFG-PLT-002,CFG,PLT,002,DOC-01,Security control floors MUST be product-fixed. Operators MAY raise them; tenants MUST NOT lower them below the product floor.,MUST_HAVE,AUTOMATED_TEST,Active,,,compact_table
CFG-PLT-003,CFG,PLT,003,DOC-01,"Audit event schema, audit immutability, and audit retention minimum MUST be product-fixed.",MUST_HAVE,AUTOMATED_TEST,Active,,,compact_table
CFG-PLT-004,CFG,PLT,004,DOC-01,Finding identity and the deduplication algorithm MUST be product-fixed.,MUST_HAVE,AUTOMATED_TEST,Active,,,compact_table
CFG-PLT-005,CFG,PLT,005,DOC-01,The tenant isolation boundary MUST NOT be tenant-configurable.,MUST_HAVE,AUTOMATED_TEST,Active,,,compact_table
CFG-PLT-006,CFG,PLT,006,DOC-01,"Core domain invariants MUST be product-fixed, including single-parent organization nodes, exactly one owning node per asset, mandatory bounded exception expiry, requester-approver separation, and the prohibition on risk acceptance for exposed credentials.",MUST_HAVE,AUTOMATED_TEST,Active,,,compact_table
CFG-PLT-007,CFG,PLT,007,DOC-01,The prohibition on AI write authority MUST be product-fixed.,MUST_HAVE,AUTOMATED_TEST|CODE_REVIEW,Active,,,compact_table
CFG-PLT-008,CFG,PLT,008,DOC-01,Every configurable surface MUST ship a working default configuration sufficient for productive first use.,MUST_HAVE,DEMONSTRATION,Active,,,compact_table
CFG-PLT-009,CFG,PLT,009,DOC-01,"Configuration changes MUST be validated before activation, and invalid configuration MUST be rejected with a specific diagnosis rather than accepted and failing at use.",MUST_HAVE,AUTOMATED_TEST,Active,,,compact_table
CFG-PLT-010,CFG,PLT,010,DOC-01,"Configuration MUST be versioned, and the platform MUST support reverting a configuration change.",MUST_HAVE,AUTOMATED_TEST,Active,,,compact_table
CFG-PLT-011,CFG,PLT,011,DOC-01,"The platform MUST support export and import of a tenant's configuration, enabling promotion between environments and disaster recovery of configuration state.",SHOULD_HAVE,AUTOMATED_TEST,Active,,,compact_table
CFG-PLT-012,CFG,PLT,012,DOC-01,"All configuration changes MUST be audit-logged with actor, before value, and after value, and configuration surfaces affecting authorization, risk, or service levels MUST require permissions distinct from operational permissions.",MUST_HAVE,AUTOMATED_TEST,Active,,,compact_table
CFG-PTR-001,CFG,PTR,001,DOC-01,"Intake field groups, conditional visibility, required-field rules, readiness attestation content, and approval gate activation MUST be tenant-configurable.",MUST_HAVE,AUTOMATED_TEST,Active,,,compact_table
CFG-RSK-001,CFG,RSK,001,DOC-01,Risk model factor weights MUST be tenant-configurable within product-defined validated bounds. The factor set and the model's structural form MUST NOT be tenant-configurable.,MUST_HAVE,AUTOMATED_TEST,Active,,,compact_table
CFG-RSK-002,CFG,RSK,002,DOC-01,"Service level policies, business calendars including working days and holidays, timezone, and escalation chains MUST be tenant-configurable.",MUST_HAVE,AUTOMATED_TEST,Active,,,compact_table
CFG-TEN-001,CFG,TEN,001,DOC-01,"Data residency designation, retention periods within regulatory bounds, and legal hold designation MUST be tenant-configurable.",MUST_HAVE,AUTOMATED_TEST,Active,,,compact_table
CFG-VUL-001,CFG,VUL,001,DOC-01,"The severity taxonomy — value count, names, and ordering — MUST be tenant-configurable over a product-fixed internal ordinal.",MUST_HAVE,AUTOMATED_TEST,Active,,,compact_table
CFG-WRK-001,CFG,WRK,001,DOC-01,"Work item types, their field schemas, and their default views MUST be tenant-configurable.",MUST_HAVE,AUTOMATED_TEST,Active,,,compact_table
CFG-WRK-002,CFG,WRK,002,DOC-01,"Workflows — states, transitions, guards, required fields, and transition permissions — MUST be tenant-configurable as data, per work item type, and MUST be validated before activation.",MUST_HAVE,AUTOMATED_TEST,Active,,,compact_table
CFG-WRK-003,CFG,WRK,003,DOC-01,"Custom fields with typed values, validation, conditional visibility, and participation in filtering, search, and export MUST be tenant-configurable per work item type and per asset type.",MUST_HAVE,AUTOMATED_TEST,Active,,,compact_table
CFG-WRK-004,CFG,WRK,004,DOC-01,Work item templates and automation rules MUST be tenant-authorable.,MUST_HAVE,AUTOMATED_TEST,Active,,,compact_table
CON-AIC-001,CON,AIC,001,DOC-01,"AI provider terms MUST permit the processing performed, and where a provider's terms permit training on submitted data, that provider MUST NOT be usable for tenant data without explicit tenant consent.",MUST_HAVE,DOCUMENT_INSPECTION,Active,,,compact_table
CON-DAT-001,CON,DAT,001,DOC-01,"Personal data processing MUST comply with the applicable regime in each deployment jurisdiction, including the Vietnamese personal data protection framework for the primary market and GDPR where EU data subjects are involved.",MUST_HAVE,DOCUMENT_INSPECTION,Active,,,compact_table
CON-DAT-002,CON,DAT,002,DOC-01,"Where a jurisdiction requires data localization for a data category, that data MUST NOT leave the designated region through any path including backup, telemetry, logging, notification, and AI provider egress.",MUST_HAVE,DOCUMENT_INSPECTION,Active,,,compact_table
CON-DAT-003,CON,DAT,003,DOC-01,"Personal data concerning employees, including workload and productivity measures, MUST be processed on a documented lawful basis with access limited to a defined purpose.",MUST_HAVE,DOCUMENT_INSPECTION,Active,,,compact_table
CON-DAT-004,CON,DAT,004,DOC-04,Foreign keys MUST NOT be declared across module boundaries. Cross-module referential integrity MUST be enforced in the domain layer and verified by a reconciliation job that reports orphans.,MUST_HAVE,DOCUMENT_INSPECTION,Active,,,compact_table
CON-DAT-005,CON,DAT,005,DOC-04,"Foreign keys MUST be declared for every intra-module relationship, with explicit ON DELETE behaviour, and ON DELETE CASCADE MUST NOT be used on any table carrying history.",MUST_HAVE,DOCUMENT_INSPECTION,Active,,,compact_table
CON-DAT-006,CON,DAT,006,DOC-04,Primary keys MUST be single-column time-ordered UUIDs named id. Composite and natural primary keys MUST NOT be used.,MUST_HAVE,DOCUMENT_INSPECTION,Active,,,compact_table
CON-DAT-007,CON,DAT,007,DOC-04,"Natural keys MUST be enforced as unique constraints scoped by tenant_id, and MUST NOT serve as primary keys.",MUST_HAVE,DOCUMENT_INSPECTION,Active,,,compact_table
CON-DAT-008,CON,DAT,008,DOC-04,"Human-facing codes MUST be stored in a dedicated column, unique within tenant, immutable after assignment, and MUST NOT encode any mutable attribute.",MUST_HAVE,DOCUMENT_INSPECTION,Active,,,compact_table
CON-DAT-009,CON,DAT,009,DOC-04,Scope descriptors MUST be embedded as columns on the scope-bearing row and MUST be immutable after insert.,MUST_HAVE,DOCUMENT_INSPECTION,Active,,,compact_table
CON-DAT-010,CON,DAT,010,DOC-04,"Every table MUST carry row_version for optimistic concurrency, and updates MUST be conditional on the expected version.",MUST_HAVE,DOCUMENT_INSPECTION,Active,,,compact_table
CON-DAT-011,CON,DAT,011,DOC-04,Tables MUST NOT carry a soft-delete flag. Entities that cannot be hard-deleted MUST carry an explicit lifecycle state.,MUST_HAVE,DOCUMENT_INSPECTION,Active,,,compact_table
CON-DAT-012,CON,DAT,012,DOC-04,"Every tenant-scoped table MUST have row-level security enabled and forced, with both a read policy and a write check.",MUST_HAVE,DOCUMENT_INSPECTION,Active,,,compact_table
CON-DAT-013,CON,DAT,013,DOC-04,"The tenant context function MUST raise where the session tenant is unset, and MUST NOT return null.",MUST_HAVE,DOCUMENT_INSPECTION,Active,,,compact_table
CON-DAT-014,CON,DAT,014,DOC-04,"Bypass roles MUST be enumerated as in §7.2, MUST use credentials unavailable to the application runtime, and each MUST emit an audit event on use.",MUST_HAVE,DOCUMENT_INSPECTION,Active,,,compact_table
CON-DAT-015,CON,DAT,015,DOC-04,tenant_id MUST be the leading column of every composite index on a tenant-scoped table.,MUST_HAVE,DOCUMENT_INSPECTION,Active,,,compact_table
CON-DAT-016,CON,DAT,016,DOC-04,"Tenant-configurable taxonomies MUST be stored as tables with an immutable code, a localized label document, and a product-fixed ordinal. Database enum types MUST NOT be used for any tenant-configurable value.",MUST_HAVE,DOCUMENT_INSPECTION,Active,,,compact_table
CON-DAT-017,CON,DAT,017,DOC-04,"Custom attributes MUST be stored in a typed document column with the schema in a registry, and MUST NOT use a column-per-field or entity-attribute-value design.",MUST_HAVE,DOCUMENT_INSPECTION,Active,,,compact_table
CON-DAT-018,CON,DAT,018,DOC-04,"Attributes marked searchable MUST be backed by an expression index, and the number of indexable attributes per type MUST be bounded and documented.",MUST_HAVE,DOCUMENT_INSPECTION,Active,,,compact_table
CON-DAT-019,CON,DAT,019,DOC-04,A reconciliation job MUST validate stored attribute documents against the registry and report violations.,MUST_HAVE,DOCUMENT_INSPECTION,Active,,,compact_table
CON-DAT-020,CON,DAT,020,DOC-04,"Every index MUST be documented with the query it serves. An index without a documented query MUST NOT be created, and an existing one MUST be removed or documented.",MUST_HAVE,DOCUMENT_INSPECTION,Active,,,compact_table
CON-DAT-021,CON,DAT,021,DOC-04,Operational queues MUST be served by partial indexes excluding terminal states.,MUST_HAVE,DOCUMENT_INSPECTION,Active,,,compact_table
CON-DAT-022,CON,DAT,022,DOC-04,Index creation and removal on tables above the §3 Medium volumes MUST be performable without blocking writes.,MUST_HAVE,DOCUMENT_INSPECTION,Active,,,compact_table
CON-DAT-023,CON,DAT,023,DOC-04,"Append-only tables MUST be range-partitioned by month, and retention MUST be implemented as partition drop rather than row deletion.",MUST_HAVE,DOCUMENT_INSPECTION,Active,,,compact_table
CON-DAT-024,CON,DAT,024,DOC-04,Partition keys MUST be aligned between tables that are frequently joined.,MUST_HAVE,DOCUMENT_INSPECTION,Active,,,compact_table
CON-DAT-025,CON,DAT,025,DOC-04,"Partition creation MUST be automated ahead of need, and a missing future partition MUST alert rather than fail an insert.",MUST_HAVE,DOCUMENT_INSPECTION,Active,,,compact_table
CON-DAT-026,CON,DAT,026,DOC-04,"A reconciliation job MUST rebuild the closure projection from org_node and assert equality with the maintained projection, reporting any divergence.",MUST_HAVE,DOCUMENT_INSPECTION,Active,,,compact_table
CON-DAT-027,CON,DAT,027,DOC-04,"The audit hash chain MUST cover the payload hash rather than the payload content, so that payload erasure leaves the chain verifiable.",MUST_HAVE,DOCUMENT_INSPECTION,Active,,,compact_table
CON-DAT-028,CON,DAT,028,DOC-04,Chain checkpoints MUST be anchored outside the platform's control at a configured interval.,MUST_HAVE,DOCUMENT_INSPECTION,Active,,,compact_table
CON-DAT-029,CON,DAT,029,DOC-04,"Legal hold MUST be enforced by a register consulted before partition drop, not by a per-row flag.",MUST_HAVE,DOCUMENT_INSPECTION,Active,,,compact_table
CON-DAT-030,CON,DAT,030,DOC-04,"Every projection MUST carry tenant_id as a structural partition or index prefix, and a projection query MUST NOT be able to span tenants.",MUST_HAVE,DOCUMENT_INSPECTION,Active,,,compact_table
CON-DAT-031,CON,DAT,031,DOC-04,"Every projection MUST be rebuildable from the operational store or the event stream, and the rebuild MUST be verifiable by comparison.",MUST_HAVE,DOCUMENT_INSPECTION,Active,,,compact_table
CON-DAT-032,CON,DAT,032,DOC-04,The latest computed value of any measure whose history is subject to partition drop MUST be retained in a projection.,MUST_HAVE,DOCUMENT_INSPECTION,Active,,,compact_table
CON-DAT-033,CON,DAT,033,DOC-04,Schema migrations MUST follow expand-migrate-contract and MUST NOT require atomic deployment of application and schema.,MUST_HAVE,DOCUMENT_INSPECTION,Active,,,compact_table
CON-DAT-034,CON,DAT,034,DOC-04,"Backfill MUST be a separate resumable throttled job, not part of a migration transaction.",MUST_HAVE,DOCUMENT_INSPECTION,Active,,,compact_table
CON-DAT-035,CON,DAT,035,DOC-04,"Hash partition counts MUST be fixed before first production data, and changing one MUST be treated as a full-table rewrite requiring a planned maintenance window.",MUST_HAVE,DOCUMENT_INSPECTION,Active,,,compact_table
CON-DAT-036,CON,DAT,036,DOC-04,Every migration MUST be followed by a cross-tenant assertion before being considered complete.,MUST_HAVE,DOCUMENT_INSPECTION,Active,,,compact_table
CON-DAT-037,CON,DAT,037,DOC-04,"Erasure MUST anonymize principal records rather than deleting them, retaining the identifier so that attributions remain resolvable.",MUST_HAVE,DOCUMENT_INSPECTION,Active,,,compact_table
CON-DAT-038,CON,DAT,038,DOC-04,"Erasure MUST require elevated permission distinct from administration, MUST be dual-controlled, and MUST be blocked by legal hold.",MUST_HAVE,DOCUMENT_INSPECTION,Active,,,compact_table
CON-DAT-039,CON,DAT,039,DOC-04,"Every erasure MUST itself be audited, recording what was erased, on what basis, and by whom — without recording the erased content.",MUST_HAVE,DOCUMENT_INSPECTION,Active,,,compact_table
CON-DEP-001,CON,DEP,001,DOC-01,The platform MUST be deployable in an air-gapped environment with no outbound network access.,MUST_HAVE,DOCUMENT_INSPECTION,Active,,,compact_table
CON-LIC-001,CON,LIC,001,DOC-01,"Third-party components incorporated into the platform MUST have licences compatible with commercial distribution, and licence obligations MUST be discharged.",MUST_HAVE,DOCUMENT_INSPECTION,Active,,,compact_table
CON-PLT-001,CON,PLT,001,DOC-01,"The platform MUST NOT fetch, clone, or persist customer source code, and MUST NOT store source control credentials.",MUST_HAVE,DOCUMENT_INSPECTION,Active,,,compact_table
CON-PLT-002,CON,PLT,002,DOC-01,The platform MUST NOT execute customer build tooling or dependency resolution.,MUST_HAVE,DOCUMENT_INSPECTION,Active,,,compact_table
CON-PLT-003,CON,PLT,003,DOC-01,AI MUST NOT hold write authority over the system of record.,MUST_HAVE,DOCUMENT_INSPECTION,Active,,,compact_table
CON-PLT-004,CON,PLT,004,DOC-01,The platform MUST be deployable by any conglomerate without code modification.,MUST_HAVE,DOCUMENT_INSPECTION,Active,,,compact_table
CON-PLT-005,CON,PLT,005,DOC-01,"The platform MUST be English-first in all identifiers, schema, API, code, and documentation, with user-facing content localizable.",MUST_HAVE,DOCUMENT_INSPECTION,Active,,,compact_table
CON-PLT-006,CON,PLT,006,DOC-02,All domain modules MUST deploy as a single application artifact. Modules MUST NOT be independently deployable in this release.,MUST_HAVE,DOCUMENT_INSPECTION,Active,,,compact_table
CON-PLT-007,CON,PLT,007,DOC-02,"The application service and every worker tier MUST be stateless, holding no session, tenant, or work state between requests.",MUST_HAVE,DOCUMENT_INSPECTION,Active,,,compact_table
CON-PLT-008,CON,PLT,008,DOC-02,Vulnerability matching MUST execute in a worker process separate from the API tier.,MUST_HAVE,DOCUMENT_INSPECTION,Active,,,compact_table
CON-PLT-009,CON,PLT,009,DOC-02,The API gateway MUST NOT make authorization decisions. It assigns rate limit class and extracts request identity only.,MUST_HAVE,DOCUMENT_INSPECTION,Active,,,compact_table
CON-PLT-010,CON,PLT,010,DOC-02,"Each bounded context MUST correspond to exactly one module, and there MUST NOT be a second decomposition scheme layered over it.",MUST_HAVE,DOCUMENT_INSPECTION,Active,,,compact_table
CON-PLT-011,CON,PLT,011,DOC-02,Kernel modules MUST NOT depend on any domain module.,MUST_HAVE,DOCUMENT_INSPECTION,Active,,,compact_table
CON-PLT-012,CON,PLT,012,DOC-02,"Deterministic rule evaluation for workflows, automation, service level matching, and checklist selection MUST use a single shared evaluator.",MUST_HAVE,DOCUMENT_INSPECTION,Active,,,compact_table
CON-PLT-013,CON,PLT,013,DOC-02,"Cross-module imports MUST be restricted at build time to published contract surfaces, and a violation MUST fail the build rather than produce a warning.",MUST_HAVE,DOCUMENT_INSPECTION,Active,,,compact_table
CON-PLT-014,CON,PLT,014,DOC-02,"The permitted dependency direction between modules MUST match the relationship patterns of DOC-03 §5.3, and a dependency in the prohibited direction MUST fail the build.",MUST_HAVE,DOCUMENT_INSPECTION,Active,,,compact_table
CON-PLT-015,CON,PLT,015,DOC-02,No module MUST access another module's persistence directly. Data crosses boundaries through contracts or events only.,MUST_HAVE,DOCUMENT_INSPECTION,Active,,,compact_table
CON-PLT-016,CON,PLT,016,DOC-02,"The module dependency graph MUST be acyclic, and a cycle MUST fail the build.",MUST_HAVE,DOCUMENT_INSPECTION,Active,,,compact_table
CON-PLT-017,CON,PLT,017,DOC-02,"The domain layer MUST NOT depend on any persistence, framework, transport, or serialization concern, and this MUST be enforced at build time.",MUST_HAVE,DOCUMENT_INSPECTION,Active,,,compact_table
CON-PLT-018,CON,PLT,018,DOC-02,"Domain invariants MUST be enforced in the domain layer, not in the application layer, database constraints, or interface validation.",MUST_HAVE,DOCUMENT_INSPECTION,Active,,,compact_table
CON-PLT-019,CON,PLT,019,DOC-02,"A transaction MUST modify exactly one aggregate instance. Where an operation must change several, it MUST be modelled as a sequence with defined intermediate states and compensation.",MUST_HAVE,DOCUMENT_INSPECTION,Active,,,compact_table
CON-PLT-020,CON,PLT,020,DOC-02,"Where an operation spans aggregates, the resulting eventual consistency MUST be visible in the model and the interface. It MUST NOT be concealed by synchronous waiting.",MUST_HAVE,DOCUMENT_INSPECTION,Active,,,compact_table
CON-PLT-021,CON,PLT,021,DOC-02,"An audited operation MUST NOT be acknowledged as successful unless its audit event is durably recorded. Where audit recording fails, the operation MUST fail.",MUST_HAVE,DOCUMENT_INSPECTION,Active,,,compact_table
CON-PLT-022,CON,PLT,022,DOC-02,"Domain events whose loss would produce inconsistency MUST be persisted in the same transaction as the state change that produced them, and dispatched after commit.",MUST_HAVE,DOCUMENT_INSPECTION,Active,,,compact_table
CON-PLT-023,CON,PLT,023,DOC-02,"Every event consumer MUST be idempotent, and MUST tolerate at-least-once delivery and out-of-order arrival within a bounded window.",MUST_HAVE,DOCUMENT_INSPECTION,Active,,,compact_table
CON-PLT-024,CON,PLT,024,DOC-02,"Every event MUST carry its tenant identifier, and a consumer MUST establish tenant context from the event rather than inheriting ambient context.",MUST_HAVE,DOCUMENT_INSPECTION,Active,,,compact_table
CON-PLT-025,CON,PLT,025,DOC-02,Event consumers MUST NOT be able to write into the publishing module's aggregates.,MUST_HAVE,DOCUMENT_INSPECTION,Active,,,compact_table
CON-PLT-026,CON,PLT,026,DOC-02,Read model projections MUST be rebuildable from the event stream or from the operational store without downtime.,MUST_HAVE,DOCUMENT_INSPECTION,Active,,,compact_table
CON-PLT-027,CON,PLT,027,DOC-02,Projection lag MUST be observable per projection and MUST alert on exceeding its budget.,MUST_HAVE,DOCUMENT_INSPECTION,Active,,,compact_table
CON-PLT-028,CON,PLT,028,DOC-02,"Coverage and freshness MUST be materialized in projections alongside the measures they qualify, not computed at presentation time.",MUST_HAVE,DOCUMENT_INSPECTION,Active,,,compact_table
CON-PLT-029,CON,PLT,029,DOC-02,"A projection MUST enforce tenant partitioning structurally, and a projection query MUST NOT be able to span tenants.",MUST_HAVE,DOCUMENT_INSPECTION,Active,,,compact_table
CON-PLT-030,CON,PLT,030,DOC-02,"Work classes MUST use isolated queues with independent concurrency control, and INTERACTIVE work MUST NOT be blocked behind BATCH work.",MUST_HAVE,DOCUMENT_INSPECTION,Active,,,compact_table
CON-PLT-031,CON,PLT,031,DOC-02,Work items MUST be leased with expiry and automatic reclamation. Heartbeat-only liveness MUST NOT be used.,MUST_HAVE,DOCUMENT_INSPECTION,Active,,,compact_table
CON-PLT-032,CON,PLT,032,DOC-02,"Work items MUST be idempotent on a derived key, and retry MUST be bounded with backoff and a terminal failure state.",MUST_HAVE,DOCUMENT_INSPECTION,Active,,,compact_table
CON-PLT-033,CON,PLT,033,DOC-02,"Scheduled work MUST NOT overlap with a prior run of itself unless explicitly permitted, and MUST apply jitter.",MUST_HAVE,DOCUMENT_INSPECTION,Active,,,compact_table
CON-PLT-034,CON,PLT,034,DOC-02,Per-tenant concurrency caps MUST apply to BATCH and INTERACTIVE classes such that one tenant cannot starve another.,MUST_HAVE,DOCUMENT_INSPECTION,Active,,,compact_table
CON-PLT-035,CON,PLT,035,DOC-02,Tenant context MUST be propagated implicitly through the call chain rather than passed as an explicit parameter through every function signature.,MUST_HAVE,DOCUMENT_INSPECTION,Active,,,compact_table
CON-PLT-036,CON,PLT,036,DOC-02,"Data access MUST be reachable only through a gate that requires an established tenant context, and there MUST NOT be an alternative access path in application code.",MUST_HAVE,DOCUMENT_INSPECTION,Active,,,compact_table
CON-PLT-037,CON,PLT,037,DOC-02,"Authorization MUST be evaluated through the kernel contract, and repository or query execution MUST require an authorization decision as an input. A query MUST NOT be executable without one.",MUST_HAVE,DOCUMENT_INSPECTION,Active,,,compact_table
CON-PLT-038,CON,PLT,038,DOC-02,"Collection queries MUST accept the scope predicate as part of query construction, and MUST NOT support post-retrieval filtering as an authorization mechanism.",MUST_HAVE,DOCUMENT_INSPECTION,Active,,,compact_table
CON-PLT-039,CON,PLT,039,DOC-02,"Cache keys MUST be constructed by a mandatory constructor that includes tenant and, where the cached value is scope-dependent, a scope discriminator. Direct cache client access MUST NOT be available to application code.",MUST_HAVE,DOCUMENT_INSPECTION,Active,,,compact_table
CON-PLT-040,CON,PLT,040,DOC-02,"Authorization and scope resolution caches MUST be invalidated explicitly on hierarchy change, assignment change, role change, and node archival, within the bound of NFR-SEC-002.",MUST_HAVE,DOCUMENT_INSPECTION,Active,,,compact_table
CON-PLT-041,CON,PLT,041,DOC-02,Telemetry MUST carry tenant identity as a dimension and MUST NOT carry tenant data as payload.,MUST_HAVE,DOCUMENT_INSPECTION,Active,,,compact_table
CON-PLT-042,CON,PLT,042,DOC-02,"Every request and every work item MUST carry a correlation identifier propagated across module, process, and queue boundaries.",MUST_HAVE,DOCUMENT_INSPECTION,Active,,,compact_table
CON-PLT-043,CON,PLT,043,DOC-02,"No capability except audit MUST hold a hard dependency on an external service. Unavailability MUST degrade that capability only, with the degradation and its consequence visible in the interface.",MUST_HAVE,DOCUMENT_INSPECTION,Active,,,compact_table
CON-PLT-044,CON,PLT,044,DOC-02,Every degraded state MUST be observable in telemetry and MUST alert where it exceeds a configured duration.,MUST_HAVE,DOCUMENT_INSPECTION,Active,,,compact_table
CON-PLT-045,CON,PLT,045,DOC-02,"Extraction seams MUST be maintained as the module contracts evolve, and a contract change that would prevent extraction of a listed module MUST be recorded as a decision.",MUST_HAVE,DOCUMENT_INSPECTION,Active,,,compact_table
CON-PLT-046,CON,PLT,046,DOC-02,The implementation language and toolchain MUST support build-time enforcement of module boundary rules and static analysis of authorization patterns.,MUST_HAVE,DOCUMENT_INSPECTION,Active,,,compact_table
CON-SEC-001,CON,SEC,001,DOC-01,"The platform MUST meet OWASP ASVS Level 2 as a baseline, with Level 3 uplift for authentication, session management, cryptography, secrets management, and audit logging.",MUST_HAVE,DOCUMENT_INSPECTION,Active,,,compact_table
CON-SEC-002,CON,SEC,002,DOC-01,"The platform's own supply chain MUST be secured, with signed build artifacts, recorded provenance, dependency policy enforcement, and a published SBOM for the platform itself.",MUST_HAVE,DOCUMENT_INSPECTION,Active,,,compact_table
CON-UIX-001,CON,UIX,001,DOC-01,The platform MUST conform to WCAG 2.2 Level AA.,MUST_HAVE,DOCUMENT_INSPECTION,Active,,,compact_table
INT-UIX-001,INT,UIX,001,DOC-08,"The interface MUST conform to WCAG 2.2 Level AA, verified by automated and manual testing, with conformance documented per success criterion.",MUST_HAVE,AUTOMATED_TEST|MANUAL_TEST,Active,,,compact_table
INT-UIX-002,INT,UIX,002,DOC-08,"Information MUST NOT be conveyed by colour alone, in any surface, chart, or diagram.",MUST_HAVE,AUTOMATED_TEST|MANUAL_TEST,Active,,,compact_table
INT-UIX-003,INT,UIX,003,DOC-08,"Every workflow MUST be completable by keyboard alone, with visible focus, logical order, and no keyboard trap.",MUST_HAVE,MANUAL_TEST,Active,,,compact_table
INT-UIX-004,INT,UIX,004,DOC-08,"The interface MUST support a high-contrast mode, MUST respect reduced-motion preference, and MUST remain usable at 200% zoom and 400% text scaling without loss of function or content.",MUST_HAVE,AUTOMATED_TEST|MANUAL_TEST,Active,,,compact_table
INT-UIX-005,INT,UIX,005,DOC-08,"Dynamic content changes MUST be announced to assistive technology, and asynchronous completion MUST NOT be signalled by a visual change alone.",MUST_HAVE,MANUAL_TEST,Active,,,compact_table
INT-UIX-006,INT,UIX,006,DOC-08,Charts MUST have a keyboard-accessible tabular alternative conveying the same information.,MUST_HAVE,MANUAL_TEST,Active,,,compact_table
INT-UIX-007,INT,UIX,007,DOC-08,"Form errors MUST be associated with their field, announced, and MUST NOT rely on position or colour.",MUST_HAVE,AUTOMATED_TEST|MANUAL_TEST,Active,,,compact_table
INT-UIX-008,INT,UIX,008,DOC-08,"Every user-facing string MUST be externalized with ICU message formatting for plurals, gender, and ordinals. String concatenation to build a sentence MUST NOT be used.",MUST_HAVE,AUTOMATED_TEST|CODE_REVIEW,Active,,,compact_table
INT-UIX-009,INT,UIX,009,DOC-08,"The interface MUST pass pseudo-localization testing without layout failure, string truncation, or untranslated string leakage.",MUST_HAVE,AUTOMATED_TEST,Active,,,compact_table
INT-UIX-010,INT,UIX,010,DOC-08,"Dates, times, numbers, and lists MUST be formatted per the viewer's locale, and instants MUST be rendered in the viewer's timezone with the zone indicated where ambiguity is possible.",MUST_HAVE,AUTOMATED_TEST,Active,,,compact_table
INT-UIX-011,INT,UIX,011,DOC-08,"Layout MUST support right-to-left direction, and directional iconography and interaction MUST mirror.",MUST_HAVE,AUTOMATED_TEST,Active,,,compact_table
INT-UIX-012,INT,UIX,012,DOC-08,"Tenant-authored content MUST render correctly in any script, and MUST NOT assume Latin script in display, sorting, search, or truncation.",MUST_HAVE,AUTOMATED_TEST,Active,,,compact_table
INT-UIX-013,INT,UIX,013,DOC-08,"Tenant vocabulary overrides MUST apply everywhere the overridden term appears, including navigation, tables, charts, reports, notifications, and exports.",MUST_HAVE,AUTOMATED_TEST,Active,,,compact_table
LIC-PLT-001,LIC,PLT,001,DOC-01,"The platform MUST support at minimum three entitlement tiers: an unpriced or low-cost participant tier, a practitioner tier, and an administrative tier.",MUST_HAVE,DEMONSTRATION,Active,,,compact_table
LIC-PLT-002,LIC,PLT,002,DOC-01,"The participant tier MUST include creating and tracking own requests, viewing and acting on work assigned to the holder, viewing findings within their authorized scope, and full collaboration on items they participate in.",MUST_HAVE,AUTOMATED_TEST,Active,,,compact_table
LIC-PLT-003,LIC,PLT,003,DOC-01,"Entitlement MUST be enforced at the authorization layer as a capability constraint composed with permission and scope, not as an interface-level restriction.",MUST_HAVE,AUTOMATED_TEST|PENETRATION_TEST,Active,,,compact_table
LIC-PLT-004,LIC,PLT,004,DOC-01,"The platform MUST meter usage on documented dimensions, MUST expose current usage to the tenant, and MUST NOT meter on a dimension the tenant cannot observe.",MUST_HAVE,AUTOMATED_TEST,Active,,,compact_table
LIC-PLT-005,LIC,PLT,005,DOC-01,"On entitlement exhaustion or licence expiry, the platform MUST NOT disable security controls, MUST NOT delete data, and MUST NOT suppress service level or escalation notifications. Degradation MUST be limited to feature availability and MUST be announced in advance.",MUST_HAVE,AUTOMATED_TEST,Active,,,compact_table
LIC-PLT-006,LIC,PLT,006,DOC-01,"The platform MUST support licence enforcement in air-gapped deployment without outbound connectivity, using a signed offline licence artifact.",MUST_HAVE,AUTOMATED_TEST,Active,,,compact_table
LIC-PLT-007,LIC,PLT,007,DOC-01,"Entitlement configuration MUST be operator-managed, MUST NOT be tenant-modifiable, and every change MUST be audited.",MUST_HAVE,AUTOMATED_TEST,Active,,,compact_table
LIC-PLT-008,LIC,PLT,008,DOC-01,"The platform MUST support time-bounded evaluation with a defined data disposition at expiry, including export before deletion.",SHOULD_HAVE,AUTOMATED_TEST,Active,,,compact_table
LIC-PLT-009,LIC,PLT,009,DOC-01,"Feature availability by tier MUST be documented and MUST be discoverable in the product, including for features the tenant's tier does not include.",SHOULD_HAVE,DOCUMENT_INSPECTION,Active,,,compact_table
LIC-PLT-010,LIC,PLT,010,DOC-01,AI consumption MUST be metered separately from seat entitlement with a tenant-visible budget and defined exhaustion behaviour.,MUST_HAVE,AUTOMATED_TEST,Active,,,compact_table
NFR-AIC-001,NFR,AIC,001,DOC-01,"AI capability invocations MUST return within 20 s at p95 or stream partial output, MUST enforce a hard timeout, and MUST degrade explicitly on timeout rather than blocking the surrounding view.",MUST_HAVE,AUTOMATED_TEST,Active,,,compact_table
NFR-API-001,NFR,API,001,DOC-01,"Read operations MUST respond within 500 ms at p95 and 1.5 s at p99, excluding operations documented as asynchronous. State-changing operations MUST respond within 800 ms at p95.",MUST_HAVE,AUTOMATED_TEST,Active,,,compact_table
NFR-API-002,NFR,API,002,DOC-01,"Rate limits MUST be defined per named class, MUST be communicated in responses, and MUST be set such that a documented reference integration pattern operates without throttling.",MUST_HAVE,AUTOMATED_TEST,Active,,,compact_table
NFR-AUD-001,NFR,AUD,001,DOC-01,"Audit write MUST NOT add more than 15 ms at p95 to the latency of the audited operation, and audit search over 12 months MUST return within 5 s at p95.",MUST_HAVE,AUTOMATED_TEST,Active,,,compact_table
NFR-AUD-002,NFR,AUD,002,DOC-01,"Audit events MUST be durable such that no acknowledged audited operation can lose its audit record, and audit write failure MUST NOT be silently tolerated.",MUST_HAVE,AUTOMATED_TEST,Active,,,compact_table
NFR-DEP-001,NFR,DEP,001,DOC-01,"Multi-tenant service availability MUST target 99.9% monthly excluding announced maintenance, with a defined error budget and a documented measurement method.",MUST_HAVE,AUTOMATED_TEST,Active,,,compact_table
NFR-DEP-002,NFR,DEP,002,DOC-01,Recovery point objective MUST NOT exceed 15 minutes and recovery time objective MUST NOT exceed 4 hours for the multi-tenant service.,MUST_HAVE,AUTOMATED_TEST,Active,,,compact_table
NFR-DEP-003,NFR,DEP,003,DOC-01,Restore procedures MUST be rehearsed at a defined interval with the rehearsal outcome recorded.,MUST_HAVE,DEMONSTRATION,Active,,,compact_table
NFR-DEP-004,NFR,DEP,004,DOC-01,Upgrades MUST be performable without data loss and with downtime not exceeding a documented window; schema migrations affecting large tables MUST be performable online or their downtime MUST be stated in advance.,MUST_HAVE,AUTOMATED_TEST,Active,,,compact_table
NFR-DEP-005,NFR,DEP,005,DOC-01,"The platform MUST degrade explicitly and remain usable for core workflows when any external dependency is unavailable, and MUST display the degraded state and its consequence.",MUST_HAVE,AUTOMATED_TEST,Active,,,compact_table
NFR-DSH-001,NFR,DSH,001,DOC-01,"Dashboard initial viewport MUST render within 1.5 s at p95 and 3.0 s at p99 at Medium, measured server-side from request receipt to last byte, with 50 concurrent dashboard sessions. At Large, 2.5 s p95.",MUST_HAVE,AUTOMATED_TEST,Active,,,compact_table
NFR-DSH-002,NFR,DSH,002,DOC-01,Filter application and drill-down on an already-rendered dashboard MUST complete within 800 ms at p95.,MUST_HAVE,AUTOMATED_TEST,Active,,,compact_table
NFR-DSH-003,NFR,DSH,003,DOC-01,"Scheduled report generation MUST complete within 10 minutes at p95 at Medium for a full executive report, and MUST not contend with interactive workload.",MUST_HAVE,AUTOMATED_TEST,Active,,,compact_table
NFR-ING-001,NFR,ING,001,DOC-01,"Import MUST process at minimum 2,000 findings per second per worker after parsing, and MUST accept files up to 500 MB.",MUST_HAVE,AUTOMATED_TEST,Active,,,compact_table
NFR-ING-002,NFR,ING,002,DOC-01,"Export of up to 100,000 records MUST complete within 5 minutes at p95 and MUST execute asynchronously above 10,000 records.",MUST_HAVE,AUTOMATED_TEST,Active,,,compact_table
NFR-INT-001,NFR,INT,001,DOC-01,"The interface MUST conform to WCAG 2.2 Level AA, verified by automated and manual testing.",MUST_HAVE,AUTOMATED_TEST|MANUAL_TEST,Active,,,compact_table
NFR-INT-002,NFR,INT,002,DOC-01,"The platform MUST support keyboard-only operation for all primary workflows, with visible focus indication and documented shortcuts.",MUST_HAVE,MANUAL_TEST,Active,,,compact_table
NFR-INT-003,NFR,INT,003,DOC-01,"All user-facing strings MUST be externalized with ICU message formatting, and the platform MUST pass pseudo-localization testing without layout failure or string truncation.",MUST_HAVE,AUTOMATED_TEST,Active,,,compact_table
NFR-INT-004,NFR,INT,004,DOC-01,"The platform MUST store all timestamps in UTC and render them in the viewing user's timezone, and MUST perform business calendar computation in the tenant's configured timezone.",MUST_HAVE,AUTOMATED_TEST,Active,,,compact_table
NFR-NTF-001,NFR,NTF,001,DOC-01,Notification dispatch MUST occur within 60 s of the triggering event at p95 for immediate-category notifications.,MUST_HAVE,AUTOMATED_TEST,Active,,,compact_table
NFR-OPS-001,NFR,OPS,001,DOC-01,"The platform MUST emit metrics, structured logs, and distributed traces covering every request path and background operation, with tenant attribution and without including restricted data.",MUST_HAVE,AUTOMATED_TEST,Active,,,compact_table
NFR-OPS-002,NFR,OPS,002,DOC-01,"The platform MUST define service level objectives with error budgets for its primary user journeys, and MUST alert on budget burn rate rather than on individual errors.",MUST_HAVE,DEMONSTRATION,Active,,,compact_table
NFR-OPS-003,NFR,OPS,003,DOC-01,"Integration and ingestion health MUST be observable per tenant and per integration, with silent failure treated as an alertable condition.",MUST_HAVE,AUTOMATED_TEST,Active,,,compact_table
NFR-PLT-001,NFR,PLT,001,DOC-01,The platform MUST sustain the peak concurrent session figures of §12.1 per tenant profile without breaching latency targets.,MUST_HAVE,AUTOMATED_TEST,Active,,,compact_table
NFR-PLT-002,NFR,PLT,002,DOC-01,"The platform MUST enforce documented per-tenant resource limits, and one tenant reaching a limit MUST NOT degrade another tenant's latency by more than 10% at p95.",MUST_HAVE,AUTOMATED_TEST,Active,,,compact_table
NFR-PLT-003,NFR,PLT,003,DOC-01,"The platform MUST document and enforce data volume ceilings per tenant, and MUST warn at a configurable proportion of a ceiling rather than failing at it.",MUST_HAVE,AUTOMATED_TEST,Active,,,compact_table
NFR-PLT-004,NFR,PLT,004,DOC-01,"The platform MUST scale horizontally in its request-handling and worker tiers without architectural change, and the scaling limits of any component that does not MUST be documented with its ceiling.",MUST_HAVE,ARCHITECTURE_REVIEW,Active,,,compact_table
NFR-SBM-001,NFR,SBM,001,DOC-01,"A single SBOM match run MUST complete within 30 s at p95 for a snapshot of 5,000 components.",MUST_HAVE,AUTOMATED_TEST,Active,,,compact_table
NFR-SBM-002,NFR,SBM,002,DOC-01,"A portfolio-wide re-match sweep MUST complete within 4 hours at Medium and 12 hours at Extra large with a concurrency limit of one, and MUST support higher concurrency where infrastructure permits.",MUST_HAVE,AUTOMATED_TEST,Active,,,compact_table
NFR-SBM-003,NFR,SBM,003,DOC-01,The interval from vulnerability intelligence update to tenant-visible finding MUST NOT exceed 6 hours at p95 for assets whose SBOM is current.,MUST_HAVE,AUTOMATED_TEST,Active,,,compact_table
NFR-SEC-001,NFR,SEC,001,DOC-01,Session revocation MUST take effect within 60 s across all platform components including cached authorization state.,MUST_HAVE,AUTOMATED_TEST,Active,,,compact_table
NFR-SEC-002,NFR,SEC,002,DOC-01,"Authorization changes MUST take effect within 60 s, and scope cache invalidation MUST be explicit on hierarchy change.",MUST_HAVE,AUTOMATED_TEST,Active,,,compact_table
NFR-UIX-001,NFR,UIX,001,DOC-01,"The interface MUST achieve interactive readiness within 2.5 s at p95 on a defined reference client and network profile, and MUST remain usable at 200 ms round-trip latency.",MUST_HAVE,AUTOMATED_TEST,Active,,,compact_table
NFR-UIX-002,NFR,UIX,002,DOC-01,"The platform MUST support the current and immediately preceding major versions of mainstream evergreen browsers, and MUST state its support policy.",MUST_HAVE,DOCUMENT_INSPECTION,Active,,,compact_table
NFR-UIX-003,NFR,UIX,003,DOC-01,The interface MUST be usable on tablet-class viewports for review and approval workflows.,SHOULD_HAVE,MANUAL_TEST,Active,,,compact_table
NFR-VUL-001,NFR,VUL,001,DOC-01,"A filtered, sorted, paginated finding list MUST return within 600 ms at p95 at Medium and 1.2 s at p95 at Extra large.",MUST_HAVE,AUTOMATED_TEST,Active,,,compact_table
NFR-WRK-001,NFR,WRK,001,DOC-01,Work item detail retrieval including activity timeline MUST return within 700 ms at p95. Comment submission MUST acknowledge within 400 ms at p95.,MUST_HAVE,AUTOMATED_TEST,Active,,,compact_table
NFR-WRK-002,NFR,WRK,002,DOC-01,"Full-text search across work items, comments, and custom fields MUST return first results within 1.0 s at p95 at Medium and 2.0 s at Large.",MUST_HAVE,AUTOMATED_TEST,Active,,,compact_table
OPS-DEP-001,OPS,DEP,001,DOC-15,"The operational store and application toolchain MUST be selected against the disqualifying constraints before any implementation begins, and the selection MUST be recorded as an ADR with the constraint verification.",MUST_HAVE,ARCHITECTURE_REVIEW|DOCUMENT_INSPECTION,Active,,,compact_table
OPS-DEP-002,OPS,DEP,002,DOC-15,"Where a selected component lacks a required property, the gap MUST be recorded as an accepted risk with its compensating control, not absorbed silently.",MUST_HAVE,DOCUMENT_INSPECTION,Active,,,compact_table
OPS-DEP-003,OPS,DEP,003,DOC-15,"All three topologies MUST run the same artifact with the same code paths, differing only in configuration and scale.",MUST_HAVE,ARCHITECTURE_REVIEW|AUTOMATED_TEST,Active,,,compact_table
OPS-DEP-004,OPS,DEP,004,DOC-15,"Each residency designation MUST be a separate deployment with no data path between designations, including backup, telemetry, and queue.",MUST_HAVE,AUTOMATED_TEST|DOCUMENT_INSPECTION,Active,,,compact_table
OPS-DEP-005,OPS,DEP,005,DOC-15,"Every runtime unit MUST declare resource requests and limits, and a unit exceeding its memory limit MUST be restarted rather than permitted to degrade the node.",MUST_HAVE,AUTOMATED_TEST,Active,,,compact_table
OPS-DEP-006,OPS,DEP,006,DOC-15,Match workers MUST NOT be co-scheduled with the application tier.,MUST_HAVE,ARCHITECTURE_REVIEW|DOCUMENT_INSPECTION,Active,,,compact_table
OPS-DEP-007,OPS,DEP,007,DOC-15,"The scheduler MUST be a singleton with leader election and MUST only enqueue work, never perform it.",MUST_HAVE,AUTOMATED_TEST,Active,,,compact_table
OPS-DEP-008,OPS,DEP,008,DOC-15,"Every unit MUST expose readiness and liveness separately, and readiness MUST fail where a required dependency is unavailable while liveness MUST NOT.",MUST_HAVE,AUTOMATED_TEST,Active,,,compact_table
OPS-DEP-009,OPS,DEP,009,DOC-15,"The three bypass credentials MUST NOT be present in any runtime environment reachable by application code, and their use MUST emit an audit event.",MUST_HAVE,AUTOMATED_TEST|CODE_REVIEW,Active,,,compact_table
OPS-DEP-010,OPS,DEP,010,DOC-15,"Connection pooling MUST reset session state on connection return, and a pooled connection MUST NOT be reusable with a stale tenant context.",MUST_HAVE,AUTOMATED_TEST|PENETRATION_TEST,Active,,,compact_table
OPS-DEP-011,OPS,DEP,011,DOC-15,"Range partition creation MUST be automated ahead of need with a configurable lead time, and a missing future partition MUST alert before it would be required.",MUST_HAVE,AUTOMATED_TEST,Active,,,compact_table
OPS-DEP-012,OPS,DEP,012,DOC-15,Hash partition counts MUST be set before first production data and recorded with the sizing basis used.,MUST_HAVE,DOCUMENT_INSPECTION,Active,,,compact_table
OPS-DEP-013,OPS,DEP,013,DOC-15,"Retention jobs MUST implement expiry as partition drop after archival, MUST consult the legal hold register before dropping, and MUST NOT delete rows in bulk.",MUST_HAVE,AUTOMATED_TEST,Active,,,compact_table
OPS-DEP-014,OPS,DEP,014,DOC-15,"Egress MUST be deny-by-default with an allowlist per runtime unit, and a unit MUST NOT reach a destination outside its allowlist.",MUST_HAVE,AUTOMATED_TEST|PENETRATION_TEST,Active,,,compact_table
OPS-DEP-015,OPS,DEP,015,DOC-15,"Internal and link-local address ranges MUST be unreachable from any unit that processes user-supplied destinations, and resolution MUST be re-checked at connection time.",MUST_HAVE,AUTOMATED_TEST|PENETRATION_TEST,Active,,,compact_table
OPS-DEP-016,OPS,DEP,016,DOC-15,"Object storage serving uploaded content MUST be a distinct origin from the API and web tiers, and MUST serve only non-inline with content-type enforcement.",MUST_HAVE,AUTOMATED_TEST|PENETRATION_TEST,Active,,,compact_table
OPS-DEP-017,OPS,DEP,017,DOC-15,Ingress MUST assign the rate limit class and MUST NOT make authorization decisions.,MUST_HAVE,ARCHITECTURE_REVIEW,Active,,,compact_table
OPS-DEP-018,OPS,DEP,018,DOC-15,Inbound mail for reply-to-comment association MUST be routed to a dedicated endpoint with the token validated before any content processing.,MUST_HAVE,AUTOMATED_TEST,Active,,,compact_table
OPS-DEP-019,OPS,DEP,019,DOC-15,"Secrets MUST be injected at runtime from the secrets store and MUST NOT be present in container images, environment files committed to source, or orchestration manifests in plaintext.",MUST_HAVE,AUTOMATED_TEST|CODE_REVIEW,Active,,,compact_table
OPS-DEP-020,OPS,DEP,020,DOC-15,Long-lived process environment variables MUST NOT hold secrets. Secrets MUST be obtained per use or held in memory with a bounded lifetime.,MUST_HAVE,CODE_REVIEW,Active,,,compact_table
OPS-DEP-021,OPS,DEP,021,DOC-15,"Key management MUST hold key-encryption keys in a hardware-backed or equivalently protected store, and per-tenant data encryption keys MUST be wrapped rather than stored in plaintext.",MUST_HAVE,AUTOMATED_TEST,Active,,,compact_table
OPS-DEP-022,OPS,DEP,022,DOC-15,Key destruction MUST be dual-controlled and MUST be the mechanism of cryptographic erasure at tenant offboarding.,MUST_HAVE,AUTOMATED_TEST,Active,,,compact_table
OPS-DEP-023,OPS,DEP,023,DOC-15,Production data MUST NOT be copied to any non-production environment. Non-production environments MUST use synthetic data.,MUST_HAVE,AUTOMATED_TEST|CODE_REVIEW,Active,,,compact_table
OPS-DEP-024,OPS,DEP,024,DOC-15,"Synthetic data MUST be structurally representative at the Medium reference profile, including hierarchy depth, finding volume, and component cardinality.",MUST_HAVE,DOCUMENT_INSPECTION,Active,,,compact_table
OPS-DEP-025,OPS,DEP,025,DOC-15,"The restore rehearsal environment MUST be network-isolated and MUST have no egress, and restored data MUST be destroyed on completion.",MUST_HAVE,AUTOMATED_TEST,Active,,,compact_table
OPS-DEP-026,OPS,DEP,026,DOC-15,"Every gate MUST block rather than warn, and a bypass MUST require a recorded, reviewed exception naming the gate and the reason.",MUST_HAVE,AUTOMATED_TEST|CODE_REVIEW,Active,,,compact_table
OPS-DEP-027,OPS,DEP,027,DOC-15,Signing keys MUST NOT be reachable from build steps that execute repository content.,MUST_HAVE,AUTOMATED_TEST|CODE_REVIEW,Active,,,compact_table
OPS-DEP-028,OPS,DEP,028,DOC-15,Base images and runtime dependencies MUST be pinned by digest and rebuilt on a defined cadence.,MUST_HAVE,AUTOMATED_TEST,Active,,,compact_table
OPS-DEP-029,OPS,DEP,029,DOC-15,Upgrades MUST be performable with rolling replacement and MUST NOT require simultaneous deployment of application and schema. Schema changes MUST follow expand-migrate-contract.,MUST_HAVE,AUTOMATED_TEST,Active,,,compact_table
OPS-DEP-030,OPS,DEP,030,DOC-15,"Rollback MUST be possible to the prior application version without a schema rollback, and a migration that cannot be rolled forward-compatible MUST be split.",MUST_HAVE,AUTOMATED_TEST,Active,,,compact_table
OPS-DEP-031,OPS,DEP,031,DOC-15,Migrations MUST be followed by a cross-tenant assertion before the release is considered complete.,MUST_HAVE,AUTOMATED_TEST,Active,,,compact_table
OPS-DEP-032,OPS,DEP,032,DOC-15,"Upgrade and rollback MUST be rehearsed in staging at the Medium profile before production, and the rehearsal outcome MUST be recorded.",MUST_HAVE,DEMONSTRATION,Active,,,compact_table
OPS-DEP-033,OPS,DEP,033,DOC-15,"Recovery point objective MUST NOT exceed 15 minutes and recovery time objective MUST NOT exceed 4 hours, and both MUST be measured rather than asserted.",MUST_HAVE,AUTOMATED_TEST,Active,,,compact_table
OPS-DEP-034,OPS,DEP,034,DOC-15,"Restore MUST be rehearsed at a defined interval into the isolated environment of OPS-DEP-025, with the outcome and elapsed time recorded.",MUST_HAVE,DEMONSTRATION,Active,,,compact_table
OPS-DEP-035,OPS,DEP,035,DOC-15,Backups MUST be encrypted with tenant key material such that restoring one tenant's backup into another yields unreadable ciphertext.,MUST_HAVE,AUTOMATED_TEST,Active,,,compact_table
OPS-DEP-036,OPS,DEP,036,DOC-15,Backup replication MUST remain within the residency designation.,MUST_HAVE,AUTOMATED_TEST|DOCUMENT_INSPECTION,Active,,,compact_table
OPS-DEP-037,OPS,DEP,037,DOC-15,Partial restore MUST be scoped to one tenant or to a whole instance. A restore path mixing tenants MUST NOT exist.,MUST_HAVE,AUTOMATED_TEST,Active,,,compact_table
OPS-DEP-038,OPS,DEP,038,DOC-15,"Air-gapped deployment MUST state in the interface which capabilities are unavailable and the consequence of each, and MUST NOT present a capability as available where its dependency is absent.",MUST_HAVE,AUTOMATED_TEST,Active,,,compact_table
OPS-DEP-039,OPS,DEP,039,DOC-15,"Every bundle transferred into an air-gapped deployment MUST be signature-verified before use, and a verification failure MUST retain the prior version.",MUST_HAVE,AUTOMATED_TEST,Active,,,compact_table
OPS-DEP-040,OPS,DEP,040,DOC-15,"Air-gapped operation MUST be rehearsed, including intelligence provisioning and platform upgrade, before it is offered.",MUST_HAVE,DEMONSTRATION,Active,,,compact_table
OPS-DEP-041,OPS,DEP,041,DOC-15,"Alerting MUST be on error budget burn rate, not on individual errors.",MUST_HAVE,DEMONSTRATION,Active,,,compact_table
OPS-DEP-042,OPS,DEP,042,DOC-15,"Silent failure MUST be alertable: a connector with no successful operation, an integration with a degraded success rate, a projection exceeding its lag budget, an intelligence dataset beyond its age threshold, and a queue with no consumer progress.",MUST_HAVE,AUTOMATED_TEST,Active,,,compact_table
OPS-DEP-043,OPS,DEP,043,DOC-15,Detection alerts for insider and integrity conditions MUST be delivered to a destination outside operator control.,MUST_HAVE,AUTOMATED_TEST|ARCHITECTURE_REVIEW,Active,,,compact_table
OPS-DEP-044,OPS,DEP,044,DOC-15,"Telemetry MUST carry tenant identity as a dimension and MUST NOT carry tenant data as payload, and telemetry egress MUST respect residency.",MUST_HAVE,AUTOMATED_TEST|CODE_REVIEW,Active,,,compact_table
OPS-DEP-045,OPS,DEP,045,DOC-15,"Audit chain verification status and anchor confirmation MUST be monitored, and a verification failure MUST page rather than alert.",MUST_HAVE,AUTOMATED_TEST,Active,,,compact_table
OPS-DEP-046,OPS,DEP,046,DOC-15,"Per-tenant resource limits MUST be enforced at the ingress, queue, and worker tiers, and one tenant reaching a limit MUST NOT degrade another's latency beyond the bound of NFR-PLT-002.",MUST_HAVE,AUTOMATED_TEST,Active,,,compact_table
OPS-DEP-047,OPS,DEP,047,DOC-15,"Portfolio-scale operations MUST execute in a work class that cannot starve interactive work, per tenant and across tenants.",MUST_HAVE,AUTOMATED_TEST,Active,,,compact_table
OPS-DEP-048,OPS,DEP,048,DOC-15,"Capacity forecasting MUST be based on measured per-tenant growth in the dimensions above, and the forecast basis MUST be recorded.",MUST_HAVE,DOCUMENT_INSPECTION,Active,,,compact_table
OPS-DEP-049,OPS,DEP,049,DOC-15,"Every runbook MUST be rehearsed before production, and a runbook that has not been rehearsed MUST NOT be relied upon in a service level commitment.",MUST_HAVE,DEMONSTRATION,Active,,,compact_table
OPS-DEP-050,OPS,DEP,050,DOC-15,The cross-tenant assertion failure runbook MUST specify immediate containment before diagnosis.,MUST_HAVE,DOCUMENT_INSPECTION,Active,,,compact_table
PRD-AIC-001,PRD,AIC,001,DOC-01,"The platform MUST access language models through a provider abstraction supporting hosted providers, self-hosted deployments, and endpoints implementing a compatible interface.",MUST_HAVE,AUTOMATED_TEST,Active,,,compact_table
PRD-AIC-002,PRD,AIC,002,DOC-01,"Model selection MUST be configurable per capability, with a defined fallback and explicit degradation when no provider is available.",MUST_HAVE,AUTOMATED_TEST,Active,,,compact_table
PRD-AIC-003,PRD,AIC,003,DOC-01,"The platform MUST remain fully functional with all AI capabilities disabled, and every AI capability MUST have a defined non-AI equivalent or explicit absence.",MUST_HAVE,AUTOMATED_TEST,Active,,,compact_table
PRD-AIC-004,PRD,AIC,004,DOC-01,"Every AI output presented as factual MUST be grounded in retrieved platform data, MUST cite the specific records supporting each claim, and MUST NOT introduce numeric values that the platform has not computed. Where an AI capability explains a computed value such as a risk score, it MUST explain the recorded factor breakdown and MUST NOT restate or recalculate the value.",MUST_HAVE,AUTOMATED_TEST|MANUAL_TEST,Active,,,expanded
PRD-AIC-005,PRD,AIC,005,DOC-01,"AI output MUST be written only to a suggestion store that is not the system of record. Promotion of any suggestion into the system of record MUST be an explicit human action, recorded with the suggestion identity, model identity and version, prompt identity or hash, retrieved context identity, acting principal, and timestamp. AI MUST NOT create, modify, or transition any domain object directly.",MUST_HAVE,AUTOMATED_TEST,Active,,,expanded
PRD-AIC-006,PRD,AIC,006,DOC-01,"Content originating outside the platform — finding descriptions, captured payloads, request and response fragments, component metadata, submitted documents, and migrated content — MUST be treated as untrusted data when incorporated into model context. It MUST be structurally segregated from instructions, MUST NOT be able to alter capability behaviour, and model output MUST be validated against an expected structure before use. No AI output MUST reach a privileged action path.",MUST_HAVE,AUTOMATED_TEST|PENETRATION_TEST,Active,,,expanded
PRD-AIC-007,PRD,AIC,007,DOC-01,"The platform MUST redact credentials, secret values, and detected personal data from model context before transmission, and MUST log that redaction occurred.",MUST_HAVE,AUTOMATED_TEST,Active,,,compact_table
PRD-AIC-008,PRD,AIC,008,DOC-01,"The platform MUST permit tenants to declare, per data category, whether it may be included in model context, and MUST enforce the declaration. Comment content and evidence MUST be excluded by default.",MUST_HAVE,AUTOMATED_TEST,Active,,,compact_table
PRD-AIC-009,PRD,AIC,009,DOC-01,Evidence content MUST NOT be included in model context under any configuration.,MUST_HAVE,AUTOMATED_TEST|CODE_REVIEW,Active,,,compact_table
PRD-AIC-010,PRD,AIC,010,DOC-01,"The platform MUST record model provider, model identity, and model version for every AI operation, and MUST support version pinning per capability.",MUST_HAVE,AUTOMATED_TEST,Active,,,compact_table
PRD-AIC-011,PRD,AIC,011,DOC-01,"The platform MUST enforce configurable consumption budgets per tenant and per capability, with defined behaviour on exhaustion.",MUST_HAVE,AUTOMATED_TEST,Active,,,compact_table
PRD-AIC-012,PRD,AIC,012,DOC-01,"Every AI invocation MUST be audit-logged with capability, principal, model identity, context scope, and outcome. Prompt and output retention MUST be configurable.",MUST_HAVE,AUTOMATED_TEST,Active,,,compact_table
PRD-AIC-013,PRD,AIC,013,DOC-01,"The platform MUST maintain an evaluation harness with fixture datasets and quality thresholds, and AI capability changes MUST NOT ship without passing it.",MUST_HAVE,AUTOMATED_TEST,Active,,,compact_table
PRD-AIC-014,PRD,AIC,014,DOC-01,"The platform MUST generate executive narrative summarizing posture, material changes, and their drivers for a given scope and period, with explicit statement of data coverage and uncertainty.",MUST_HAVE,MANUAL_TEST,Active,,,compact_table
PRD-AIC-015,PRD,AIC,015,DOC-01,"The platform MUST generate factor-level explanation of risk scores and of score changes, from the recorded breakdown.",MUST_HAVE,MANUAL_TEST,Active,,,compact_table
PRD-AIC-016,PRD,AIC,016,DOC-01,"The platform MUST suggest groupings of related findings, as advisory suggestions that do not alter finding identity or state.",SHOULD_HAVE,MANUAL_TEST,Active,,,compact_table
PRD-AIC-017,PRD,AIC,017,DOC-01,"The platform MUST suggest remediation guidance for findings, grounded in knowledge base content and finding context, with sources cited.",SHOULD_HAVE,MANUAL_TEST,Active,,,compact_table
PRD-AIC-018,PRD,AIC,018,DOC-01,"The platform MUST suggest prioritization within a scope, as advisory ordering with stated reasoning, and MUST NOT alter recorded risk scores or service levels.",SHOULD_HAVE,MANUAL_TEST,Active,,,compact_table
PRD-AIC-019,PRD,AIC,019,DOC-01,"The platform MUST support AI-assisted drafting of report sections and work item content, presented as an editable draft attributed as AI-generated until a human accepts it.",SHOULD_HAVE,DEMONSTRATION,Active,,,compact_table
PRD-AIC-020,PRD,AIC,020,DOC-01,"AI-generated content MUST be visually and structurally identified as such wherever presented, including in exported reports.",MUST_HAVE,DOCUMENT_INSPECTION,Active,,,compact_table
PRD-AIC-021,PRD,AIC,021,DOC-10,The AI module MUST hold no write grant on any domain table and MUST have no compile-time dependency on any domain module.,MUST_HAVE,AUTOMATED_TEST|ARCHITECTURE_REVIEW,Active,,,compact_table
PRD-AIC-022,PRD,AIC,022,DOC-10,"Model output MUST NOT reach any privileged action path, including authorization decisions, workflow guards, score computation, service level policy matching, and automation rule conditions.",MUST_HAVE,AUTOMATED_TEST|CODE_REVIEW,Active,,,compact_table
PRD-AIC-023,PRD,AIC,023,DOC-10,"Every capability MUST declare a primary model, an ordered fallback list, a hard timeout, and a non-AI fallback.",MUST_HAVE,AUTOMATED_TEST,Active,,,compact_table
PRD-AIC-024,PRD,AIC,024,DOC-10,"A provider whose terms permit training on submitted data MUST NOT be selectable for tenant data without recorded explicit tenant consent, and the consent MUST name the provider.",MUST_HAVE,AUTOMATED_TEST|DOCUMENT_INSPECTION,Active,,,compact_table
PRD-AIC-025,PRD,AIC,025,DOC-10,"Provider selection MUST be constrained by the tenant's residency designation, and a provider unable to satisfy it MUST NOT be selectable.",MUST_HAVE,AUTOMATED_TEST,Active,,,compact_table
PRD-AIC-026,PRD,AIC,026,DOC-10,"Provider, model identity, and model version MUST be recorded per invocation, and version pinning MUST be supported per capability.",MUST_HAVE,AUTOMATED_TEST,Active,,,compact_table
PRD-AIC-027,PRD,AIC,027,DOC-10,"Promotion MUST execute the resulting change through the ordinary operation, not through a privileged path, and MUST re-validate authorization for that change.",MUST_HAVE,AUTOMATED_TEST|PENETRATION_TEST,Active,,,compact_table
PRD-AIC-028,PRD,AIC,028,DOC-10,A suggestion whose subject changed materially since generation MUST expire rather than remain promotable.,MUST_HAVE,AUTOMATED_TEST,Active,,,compact_table
PRD-AIC-029,PRD,AIC,029,DOC-10,"The ledger MUST be treated as data, never as instructions. No ledger content MUST be interpreted as a command by any platform component.",MUST_HAVE,AUTOMATED_TEST|CODE_REVIEW,Active,,,compact_table
PRD-AIC-030,PRD,AIC,030,DOC-10,"Grounding retrieval MUST enforce the requesting principal's scope, and a capability MUST NOT retrieve records the requester could not read directly.",MUST_HAVE,AUTOMATED_TEST|PENETRATION_TEST,Active,,,compact_table
PRD-AIC-031,PRD,AIC,031,DOC-10,Every capability MUST declare permitted sources explicitly. A capability MUST NOT retrieve from a source not in its contract.,MUST_HAVE,AUTOMATED_TEST,Active,,,compact_table
PRD-AIC-032,PRD,AIC,032,DOC-10,"Output MUST be structured and validated against the declared schema before use. Output failing validation MUST be rejected, not repaired.",MUST_HAVE,AUTOMATED_TEST,Active,,,compact_table
PRD-AIC-033,PRD,AIC,033,DOC-10,"Factual claims MUST cite the specific records supporting them, and a claim without a resolvable citation MUST cause rejection of the output.",MUST_HAVE,AUTOMATED_TEST,Active,,,compact_table
PRD-AIC-034,PRD,AIC,034,DOC-10,Output MUST NOT contain a numeric value the platform did not compute. Numeric values MUST be substituted from the retrieved records rather than generated.,MUST_HAVE,AUTOMATED_TEST,Active,,,compact_table
PRD-AIC-035,PRD,AIC,035,DOC-10,"Output MUST be validated for consistency with the retrieved records, and output contradicting them MUST be rejected.",MUST_HAVE,AUTOMATED_TEST,Active,,,compact_table
PRD-AIC-036,PRD,AIC,036,DOC-10,"Generated content MUST be visually and structurally identified as generated in every representation, including exported reports and notifications.",MUST_HAVE,AUTOMATED_TEST|DOCUMENT_INSPECTION,Active,,,compact_table
PRD-AIC-037,PRD,AIC,037,DOC-10,Untrusted content MUST be structurally delimited in context and MUST NOT be concatenated into instruction position. Capability instructions MUST be restated after untrusted content.,MUST_HAVE,AUTOMATED_TEST|CODE_REVIEW,Active,,,compact_table
PRD-AIC-038,PRD,AIC,038,DOC-10,The platform MUST record and report signals indicating attempted injection in ingested content.,SHOULD_HAVE,AUTOMATED_TEST,Active,,,compact_table
PRD-AIC-039,PRD,AIC,039,DOC-10,"Category permission MUST be enforced at context assembly, and a category excluded by tenant configuration or by product rule MUST be unreachable by any capability.",MUST_HAVE,AUTOMATED_TEST|CODE_REVIEW,Active,,,compact_table
PRD-AIC-040,PRD,AIC,040,DOC-10,"Evidence content, credentials, secret values, and per-person workload data MUST NOT enter model context under any configuration.",MUST_HAVE,AUTOMATED_TEST|CODE_REVIEW,Active,,,compact_table
PRD-AIC-041,PRD,AIC,041,DOC-10,"Redaction MUST be applied at context assembly for detected credentials, secret patterns, and personal data, and the redaction MUST be logged.",MUST_HAVE,AUTOMATED_TEST,Active,,,compact_table
PRD-AIC-042,PRD,AIC,042,DOC-10,Comment content and captured payloads MUST default to excluded.,MUST_HAVE,AUTOMATED_TEST,Active,,,compact_table
PRD-AIC-043,PRD,AIC,043,DOC-10,"Every invocation MUST be recorded with capability, principal, provider, model identity and version, prompt hash, retrieved context references, redaction applied, outcome, and token consumption. Prompt and output retention MUST be configurable.",MUST_HAVE,AUTOMATED_TEST,Active,,,compact_table
PRD-AIC-044,PRD,AIC,044,DOC-10,"The platform MUST provide a tenant-visible report of what data categories left the boundary, to which provider, over a period.",MUST_HAVE,AUTOMATED_TEST,Active,,,compact_table
PRD-AIC-045,PRD,AIC,045,DOC-10,"Where a capability's suggestion diverges from a deterministic computation, the divergence MUST be stated with its reason rather than presented as the computation's result.",MUST_HAVE,AUTOMATED_TEST,Active,,,compact_table
PRD-AIC-046,PRD,AIC,046,DOC-10,"Executive narrative MUST lead with coverage limitation where confidence is INSUFFICIENT, and MUST NOT present a posture figure as the primary statement.",MUST_HAVE,AUTOMATED_TEST|MANUAL_TEST,Active,,,compact_table
PRD-AIC-047,PRD,AIC,047,DOC-10,"Disabling AI MUST NOT remove any figure, queue, report section, or workflow. Only presentation quality MUST degrade.",MUST_HAVE,AUTOMATED_TEST,Active,,,compact_table
PRD-AIC-048,PRD,AIC,048,DOC-10,"Where a capability is unavailable, the interface MUST state that it is unavailable and why, and MUST NOT render an empty section.",MUST_HAVE,AUTOMATED_TEST|DEMONSTRATION,Active,,,compact_table
PRD-AIC-049,PRD,AIC,049,DOC-10,"The harness MUST gate release. A capability failing any 100% threshold MUST NOT ship, and a capability failing a rate threshold MUST NOT ship without a recorded exception naming the failures.",MUST_HAVE,AUTOMATED_TEST,Active,,,compact_table
PRD-AIC-050,PRD,AIC,050,DOC-10,"The harness MUST run on any change to a model version, prompt, grounding contract, or provider, and results MUST be recorded against the change.",MUST_HAVE,AUTOMATED_TEST,Active,,,compact_table
PRD-AIC-051,PRD,AIC,051,DOC-10,"The injection corpus MUST include injected content in every field that reaches model context, and MUST be extended whenever a new field is added to a grounding contract.",MUST_HAVE,AUTOMATED_TEST,Active,,,compact_table
PRD-AIC-052,PRD,AIC,052,DOC-10,Human review of a sampled proportion of production output MUST be supported and its outcome MUST feed the measures.,SHOULD_HAVE,DEMONSTRATION,Active,,,compact_table
PRD-AIC-053,PRD,AIC,053,DOC-10,"Budgets MUST be enforced per tenant and per capability, with configurable periods, and consumption MUST be visible to the tenant against the budget.",MUST_HAVE,AUTOMATED_TEST,Active,,,compact_table
PRD-AIC-054,PRD,AIC,054,DOC-10,"On budget exhaustion the capability MUST become unavailable with the reason stated, and the platform MUST NOT silently degrade output quality to reduce cost.",MUST_HAVE,AUTOMATED_TEST,Active,,,compact_table
PRD-AIC-055,PRD,AIC,055,DOC-10,"Invocation MUST be rate-limited per principal in addition to the tenant budget, and repeated identical requests within a window MUST return the cached suggestion rather than re-invoking.",MUST_HAVE,AUTOMATED_TEST,Active,,,compact_table
PRD-AIC-056,PRD,AIC,056,DOC-10,Capabilities MUST NOT be invoked automatically on view. Invocation MUST be explicit or scheduled.,MUST_HAVE,AUTOMATED_TEST|ARCHITECTURE_REVIEW,Active,,,compact_table
PRD-API-001,PRD,API,001,DOC-01,"The platform MUST publish a machine-readable specification covering every operation, generated from or verified against the implementation.",MUST_HAVE,AUTOMATED_TEST,Active,,,compact_table
PRD-API-002,PRD,API,002,DOC-01,The API MUST be versioned with a documented deprecation policy including a minimum support window after deprecation notice.,MUST_HAVE,DOCUMENT_INSPECTION,Active,,,compact_table
PRD-API-003,PRD,API,003,DOC-01,"Collection operations MUST support consistent pagination, filtering, and sorting, and pagination MUST be stable under concurrent modification.",MUST_HAVE,AUTOMATED_TEST,Active,,,compact_table
PRD-API-004,PRD,API,004,DOC-01,"Errors MUST follow a consistent structured format with stable machine-readable codes, and MUST NOT disclose internal implementation detail.",MUST_HAVE,AUTOMATED_TEST,Active,,,compact_table
PRD-API-005,PRD,API,005,DOC-01,"State-changing operations MUST support idempotency keys, and a repeated key MUST return the original outcome rather than repeating the effect.",MUST_HAVE,AUTOMATED_TEST,Active,,,compact_table
PRD-API-006,PRD,API,006,DOC-01,"Long-running operations MUST follow an asynchronous pattern returning a job reference with observable status, and MUST NOT hold a request open.",MUST_HAVE,AUTOMATED_TEST,Active,,,compact_table
PRD-API-007,PRD,API,007,DOC-01,"The API MUST support bulk operations with per-item outcome reporting, per-item permission evaluation, and defined partial-failure semantics.",MUST_HAVE,AUTOMATED_TEST,Active,,,compact_table
PRD-API-008,PRD,API,008,DOC-01,"Every operation MUST enforce authorization per PRD-AUZ-007, re-validating every supplied identifier against the caller's authorized scope, independently of any prior response that surfaced it.",MUST_HAVE,AUTOMATED_TEST|PENETRATION_TEST,Active,,,compact_table
PRD-API-009,PRD,API,009,DOC-01,"The API MUST implement rate limiting by named class per principal, with limits communicated in responses.",MUST_HAVE,AUTOMATED_TEST,Active,,,compact_table
PRD-API-010,PRD,API,010,DOC-01,Signed-request authentication MUST include replay protection through nonce and timestamp validation with a bounded acceptance window.,MUST_HAVE,AUTOMATED_TEST|PENETRATION_TEST,Active,,,compact_table
PRD-API-011,PRD,API,011,DOC-01,"Every operation MUST emit its designated audit event, and audit emission MUST NOT be omitted on the read path for restricted data.",MUST_HAVE,AUTOMATED_TEST,Active,,,compact_table
PRD-API-012,PRD,API,012,DOC-01,"Request bodies MUST be validated against a declared schema with size, depth, and element count limits, rejecting unknown fields rather than ignoring them.",MUST_HAVE,AUTOMATED_TEST,Active,,,compact_table
PRD-API-013,PRD,API,013,DOC-01,"The API MUST expose the platform's principal read capabilities, including findings, assets, posture measures, and work items, sufficient for a tenant to build reporting the platform does not provide.",MUST_HAVE,AUTOMATED_TEST,Active,,,compact_table
PRD-API-014,PRD,API,014,DOC-01,"The platform MUST document, per operation, its authorization requirement, rate limit class, audit event, and data classification.",MUST_HAVE,DOCUMENT_INSPECTION,Active,,,compact_table
PRD-API-015,PRD,API,015,DOC-05,"Signed requests MUST be rejected outside the acceptance window or on a repeated nonce, and the nonce store MUST be tenant-namespaced.",MUST_HAVE,AUTOMATED_TEST|PENETRATION_TEST,Active,,,compact_table
PRD-API-016,PRD,API,016,DOC-05,"Step-up authentication MUST be required for: restricted-data reveal, elevated exception approval, authorization or workflow configuration change, erasure, and break-glass. A request lacking a recent step-up MUST return 401 with step_up_required.",MUST_HAVE,AUTOMATED_TEST,Active,,,compact_table
PRD-API-017,PRD,API,017,DOC-05,A new enum value in a response MUST be treated as breaking unless the field is documented as open-ended at introduction and clients are contractually required to tolerate unknown values.,MUST_HAVE,DOCUMENT_INSPECTION,Active,,,compact_table
PRD-API-018,PRD,API,018,DOC-05,"Deprecation MUST be announced via Deprecation and Sunset headers on every affected response, with a minimum 12-month window after announcement, and usage of deprecated operations MUST be reportable per client.",MUST_HAVE,AUTOMATED_TEST,Active,,,compact_table
PRD-API-019,PRD,API,019,DOC-05,"Every operation MUST be assigned an annotation class, and a new operation MUST NOT be introduced without one.",MUST_HAVE,DOCUMENT_INSPECTION|CODE_REVIEW,Active,,,compact_table
PRD-API-020,PRD,API,020,DOC-05,Requests MUST reject unknown fields rather than ignoring them.,MUST_HAVE,AUTOMATED_TEST,Active,,,compact_table
PRD-API-021,PRD,API,021,DOC-05,Response latency for a denial MUST be indistinguishable from a denial for a non-existent object.,MUST_HAVE,AUTOMATED_TEST|PENETRATION_TEST,Active,,,compact_table
PRD-API-022,PRD,API,022,DOC-05,"Collections MUST use keyset pagination, and the sort key MUST include a unique tiebreaker so ordering is total.",MUST_HAVE,AUTOMATED_TEST,Active,,,compact_table
PRD-API-023,PRD,API,023,DOC-05,Total counts MUST be computed after scope filtering and MUST be opt-in.,MUST_HAVE,AUTOMATED_TEST|PENETRATION_TEST,Active,,,compact_table
PRD-API-024,PRD,API,024,DOC-05,"Sortable fields MUST be restricted to those backed by an index, and an unsupported sort MUST be rejected rather than served by a scan.",MUST_HAVE,AUTOMATED_TEST,Active,,,compact_table
PRD-API-025,PRD,API,025,DOC-05,A filter expression language MUST NOT be exposed. Filtering MUST be by typed parameters.,MUST_HAVE,ARCHITECTURE_REVIEW,Active,,,compact_table
PRD-API-026,PRD,API,026,DOC-05,"Async result references MUST be authenticated, short-lived, single-tenant, and bound to the requesting principal's scope at generation.",MUST_HAVE,AUTOMATED_TEST|PENETRATION_TEST,Active,,,compact_table
PRD-API-027,PRD,API,027,DOC-05,"Job status MUST be readable only by the initiating principal or a principal with an administrative job permission, and MUST NOT disclose scope beyond the requester's.",MUST_HAVE,AUTOMATED_TEST,Active,,,compact_table
PRD-API-028,PRD,API,028,DOC-05,"Bulk operations MUST evaluate permission per item, MUST emit an audit event per item, and MUST report per-item outcome. A bulk operation MUST NOT succeed on an item the principal could not act on individually.",MUST_HAVE,AUTOMATED_TEST|PENETRATION_TEST,Active,,,compact_table
PRD-API-029,PRD,API,029,DOC-05,Bulk operations MUST be partial-success and MUST NOT roll back succeeded items on later failures.,MUST_HAVE,AUTOMATED_TEST,Active,,,compact_table
PRD-API-030,PRD,API,030,DOC-05,The SENSITIVE class MUST be limited an order of magnitude below READ.,MUST_HAVE,AUTOMATED_TEST,Active,,,compact_table
PRD-API-031,PRD,API,031,DOC-05,"Limits MUST be set such that the documented reference integration pattern operates without throttling, and INGEST throttling MUST be surfaced in connector health.",MUST_HAVE,AUTOMATED_TEST,Active,,,compact_table
PRD-API-032,PRD,API,032,DOC-05,"Graph traversal operations MUST filter per node reached, MUST terminate out-of-scope branches without indicating truncation, and MUST enforce a depth and breadth bound independent of the caller's scope.",MUST_HAVE,AUTOMATED_TEST|PENETRATION_TEST,Active,,,compact_table
PRD-API-033,PRD,API,033,DOC-05,Credential fields MUST accept a vault reference only. A request body containing a value in a credential field MUST be rejected with VALIDATION_FAILED and the value MUST NOT be logged.,MUST_HAVE,AUTOMATED_TEST|CODE_REVIEW,Active,,,compact_table
PRD-API-034,PRD,API,034,DOC-05,"Attachment content MUST be served only via short-lived signed references from an origin distinct from the API, with non-inline disposition, and MUST NOT be returned in an API response body.",MUST_HAVE,AUTOMATED_TEST|PENETRATION_TEST,Active,,,compact_table
PRD-API-035,PRD,API,035,DOC-05,"API collection parsing MUST disable external reference resolution and MUST enforce depth, size, and element limits.",MUST_HAVE,AUTOMATED_TEST|PENETRATION_TEST,Active,,,compact_table
PRD-API-036,PRD,API,036,DOC-05,Finding responses MUST include the freshness of enrichment data and the coverage qualifier of any score.,MUST_HAVE,AUTOMATED_TEST,Active,,,compact_table
PRD-API-037,PRD,API,037,DOC-05,"Secret values MUST be returned partially masked by default, and full reveal MUST be a distinct operation with step-up and per-object audit.",MUST_HAVE,AUTOMATED_TEST,Active,,,compact_table
PRD-API-038,PRD,API,038,DOC-05,"SBOM submission MUST return the quality score and every warning in the response body, and MUST NOT report them only server-side.",MUST_HAVE,AUTOMATED_TEST,Active,,,compact_table
PRD-API-039,PRD,API,039,DOC-05,Submission MUST NOT reject a request because the named artifact is unknown; it MUST create the asset unclaimed and report that it did.,MUST_HAVE,AUTOMATED_TEST,Active,,,compact_table
PRD-API-040,PRD,API,040,DOC-05,"Mention autocomplete MUST be scope-filtered, and MUST NOT confirm the existence of a principal outside the caller's scope.",MUST_HAVE,AUTOMATED_TEST|PENETRATION_TEST,Active,,,compact_table
PRD-API-041,PRD,API,041,DOC-05,"Search MUST apply the scope predicate before ranking, and total-hit counts MUST be post-filter.",MUST_HAVE,AUTOMATED_TEST|PENETRATION_TEST,Active,,,compact_table
PRD-API-042,PRD,API,042,DOC-05,A shared saved view MUST be evaluated against the viewing principal's scope. The stored definition MUST NOT include a scope.,MUST_HAVE,AUTOMATED_TEST|PENETRATION_TEST,Active,,,compact_table
PRD-API-043,PRD,API,043,DOC-05,No comment deletion operation MUST exist at any permission level. Removal MUST be redaction leaving a visible record.,MUST_HAVE,AUTOMATED_TEST|CODE_REVIEW,Active,,,compact_table
PRD-API-044,PRD,API,044,DOC-05,Dashboard responses MUST NOT accept a scope root parameter. The root MUST be derived from the caller's authorization context.,MUST_HAVE,AUTOMATED_TEST|PENETRATION_TEST,Active,,,compact_table
PRD-API-045,PRD,API,045,DOC-05,Drill-through MUST perform full object-level authorization on the records returned and MUST NOT rely on the composition permission.,MUST_HAVE,AUTOMATED_TEST|PENETRATION_TEST,Active,,,compact_table
PRD-API-046,PRD,API,046,DOC-05,"Every export response MUST state the scope applied and the record count, and both MUST appear in the audit event.",MUST_HAVE,AUTOMATED_TEST,Active,,,compact_table
PRD-API-047,PRD,API,047,DOC-05,"No AI operation MUST create or modify a domain object. Promotion MUST execute the change through the same operation a human would use, with the same authorization.",MUST_HAVE,AUTOMATED_TEST|CODE_REVIEW,Active,,,compact_table
PRD-API-048,PRD,API,048,DOC-05,"AI responses MUST include model provenance and citations, and generated content MUST be labelled as such in every representation including exports.",MUST_HAVE,AUTOMATED_TEST|DOCUMENT_INSPECTION,Active,,,compact_table
PRD-API-049,PRD,API,049,DOC-05,"Audit read MUST require a permission not implied by any administrative permission, and audit queries MUST be scope-filtered.",MUST_HAVE,AUTOMATED_TEST|PENETRATION_TEST,Active,,,compact_table
PRD-API-050,PRD,API,050,DOC-05,"Erasure MUST require dual control expressed as two distinct authenticated approvals, and MUST be rejected where a legal hold applies.",MUST_HAVE,AUTOMATED_TEST,Active,,,compact_table
PRD-API-051,PRD,API,051,DOC-05,"Unauthenticated endpoints MUST NOT disclose tenant existence, tenant count, build detail, or dependency versions.",MUST_HAVE,AUTOMATED_TEST|PENETRATION_TEST,Active,,,compact_table
PRD-API-052,PRD,API,052,DOC-05,"Webhook payloads MUST be signed with a per-subscription secret, and MUST include an identifier and timestamp within the signed material.",MUST_HAVE,AUTOMATED_TEST,Active,,,compact_table
PRD-API-053,PRD,API,053,DOC-05,Webhook payloads MUST be restricted to the subscription's configured scope and MUST NOT include RESTRICTED data.,MUST_HAVE,AUTOMATED_TEST|PENETRATION_TEST,Active,,,compact_table
PRD-API-054,PRD,API,054,DOC-05,Webhook destinations MUST be validated against an allowlist policy and MUST NOT resolve to internal addresses.,MUST_HAVE,AUTOMATED_TEST|PENETRATION_TEST,Active,,,compact_table
PRD-ASM-001,PRD,ASM,001,DOC-01,"The platform MUST represent all structured security evaluations as a single Assessment aggregate distinguished by assessment_type, with types defined in a registry declaring payload schema, workflow, and applicable checklists.",MUST_HAVE,AUTOMATED_TEST,Active,,,compact_table
PRD-ASM-002,PRD,ASM,002,DOC-01,"The platform MUST support at minimum the assessment types: architecture review, threat model, penetration test, vendor security assessment, and generic security assessment.",MUST_HAVE,AUTOMATED_TEST,Active,,,compact_table
PRD-ASM-003,PRD,ASM,003,DOC-01,"Each Assessment MUST be scoped to one or more assets, and its findings MUST inherit organizational scope from the affected asset's owner rather than from the assessment's creator.",MUST_HAVE,AUTOMATED_TEST,Active,,,compact_table
PRD-ASM-004,PRD,ASM,004,DOC-01,"The platform MUST support checklist definitions, versioned, with items grouped by domain, and MUST record per-item outcome and evidence during an assessment.",MUST_HAVE,AUTOMATED_TEST,Active,,,compact_table
PRD-ASM-005,PRD,ASM,005,DOC-01,"The platform MUST automatically select applicable checklists from the assessment type and the target asset's characteristics, permitting manual adjustment with a recorded reason.",MUST_HAVE,AUTOMATED_TEST,Active,,,compact_table
PRD-ASM-006,PRD,ASM,006,DOC-01,"The platform MUST record assessment coverage — items assessed, not applicable with reason, and not assessed — and MUST expose incomplete coverage on the assessment record and in reporting.",MUST_HAVE,AUTOMATED_TEST,Active,,,compact_table
PRD-ASM-007,PRD,ASM,007,DOC-01,"Assessments MUST support structured evidence attachment per finding and per checklist item, with the evidence handling controls of PRD-ASM-012.",MUST_HAVE,AUTOMATED_TEST,Active,,,compact_table
PRD-ASM-008,PRD,ASM,008,DOC-01,"Threat model assessments MUST support recording of assets, trust boundaries, data flows, identified threats, and mitigations, with threats linkable to findings and to accepted risks.",SHOULD_HAVE,AUTOMATED_TEST,Active,,,compact_table
PRD-ASM-009,PRD,ASM,009,DOC-01,"Architecture review assessments MUST support a decision outcome with conditions, where conditions are tracked to closure independently of the review's completion.",MUST_HAVE,AUTOMATED_TEST,Active,,,compact_table
PRD-ASM-010,PRD,ASM,010,DOC-01,The platform MUST support configurable assessment gates that require a specified assessment outcome before a milestone may be recorded as passed.,SHOULD_HAVE,AUTOMATED_TEST,Active,,,compact_table
PRD-ASM-011,PRD,ASM,011,DOC-01,"The platform MUST support intake classification that determines, from declared system characteristics, which specialist review tracks are required for an assessment.",SHOULD_HAVE,AUTOMATED_TEST,Active,,,compact_table
PRD-ASM-012,PRD,ASM,012,DOC-01,"Assessment evidence MUST be treated as potentially malicious content. The platform MUST validate declared type against content signature, scan for malware before the artifact becomes retrievable, store evidence in an isolated location distinct from application-served content, serve it only via short-lived signed references with non-inline disposition and content-type enforcement, regenerate filenames server-side, and encrypt evidence at rest with per-tenant keys.",MUST_HAVE,PENETRATION_TEST|AUTOMATED_TEST,Active,,,expanded
PRD-ASM-013,PRD,ASM,013,DOC-01,"The platform MUST support assessment templates that pre-populate scope, checklist selection, and payload structure.",SHOULD_HAVE,DEMONSTRATION,Active,,,compact_table
PRD-ASM-014,PRD,ASM,014,DOC-01,"Assessments MUST record actual effort derived from state duration, without requiring manual time entry.",MUST_HAVE,AUTOMATED_TEST,Active,,,compact_table
PRD-ASM-015,PRD,ASM,015,DOC-01,"The platform MUST allow a periodic assessment to be planned as a dated window against an application or a project, without requiring the information an assessment request requires.",MUST_HAVE,AUTOMATED_TEST,Active,,,compact_table
PRD-ASM-016,PRD,ASM,016,DOC-01,"A planned window MUST be distinguishable from an assessment request at every point it is displayed or counted, and MUST NOT contribute to any figure describing work in progress.",MUST_HAVE,AUTOMATED_TEST,Active,,,compact_table
PRD-ASM-017,PRD,ASM,017,DOC-01,"The platform MUST support more than one planned window per target per year, and MUST retain a cancelled window rather than deleting it.",MUST_HAVE,AUTOMATED_TEST,Active,,,compact_table
PRD-ASM-018,PRD,ASM,018,DOC-01,"Converting a planned window into an assessment request MUST be an explicit human action, and the resulting request MUST remain joined to the window it discharged.",MUST_HAVE,AUTOMATED_TEST,Active,,,compact_table
PRD-AST-001,PRD,AST,001,DOC-01,"The platform MUST represent all technical inventory as a single Asset aggregate distinguished by asset_type, with types defined in a registry declaring each type's attribute schema.",MUST_HAVE,AUTOMATED_TEST,Active,,,compact_table
PRD-AST-002,PRD,AST,002,DOC-01,"The platform MUST support at minimum the asset types: application, repository, service, API, domain, build artifact, and software component.",MUST_HAVE,AUTOMATED_TEST,Active,,,compact_table
PRD-AST-003,PRD,AST,003,DOC-01,Each Asset MUST be owned by exactly one OrgNode.,MUST_HAVE,AUTOMATED_TEST,Active,,,compact_table
PRD-AST-004,PRD,AST,004,DOC-01,"The platform MUST represent typed relationships between assets, at minimum: repository *builds* artifact; artifact *deploys as* service; service *exposes* API; API *published on* domain; artifact *described by* SBOM; SBOM *contains* component.",MUST_HAVE,AUTOMATED_TEST,Active,,,compact_table
PRD-AST-005,PRD,AST,005,DOC-01,Asset relationships MUST support many-to-many cardinality in both directions.,MUST_HAVE,AUTOMATED_TEST,Active,,,compact_table
PRD-AST-006,PRD,AST,006,DOC-01,"Each Asset MUST have a stable identity independent of its display name, and the platform MUST define per-type identity resolution rules for matching assets reported by different sources.",MUST_HAVE,AUTOMATED_TEST,Active,,,compact_table
PRD-AST-007,PRD,AST,007,DOC-01,The platform MUST record the discovery source and discovery timestamp for every asset and for every asset relationship.,MUST_HAVE,AUTOMATED_TEST,Active,,,compact_table
PRD-AST-008,PRD,AST,008,DOC-01,"The platform MUST support asset lifecycle states of at least DISCOVERED, ACTIVE, DEPRECATED, and RETIRED, and MUST exclude retired assets from posture metrics while retaining their history.",MUST_HAVE,AUTOMATED_TEST,Active,,,compact_table
PRD-AST-009,PRD,AST,009,DOC-01,"Each Asset MUST carry an exposure classification, and for network-reachable types the classification MUST be verifiable against observed evidence where available.",MUST_HAVE,AUTOMATED_TEST,Active,,,compact_table
PRD-AST-010,PRD,AST,010,DOC-01,"Assets MUST inherit business criticality from their owning OrgNode, overridable per asset with recorded justification.",MUST_HAVE,AUTOMATED_TEST,Active,,,compact_table
PRD-AST-011,PRD,AST,011,DOC-01,"The platform MUST maintain a queue of assets with no resolved owner, MUST support a claim workflow by which an OrgNode owner accepts ownership, and MUST escalate unclaimed assets according to a configurable policy.",MUST_HAVE,AUTOMATED_TEST|DEMONSTRATION,Active,,,expanded
PRD-AST-012,PRD,AST,012,DOC-01,"The platform MUST support asset merge, moving all findings, relationships, and history to the surviving asset, as an audited and reversible operation.",MUST_HAVE,AUTOMATED_TEST,Active,,,compact_table
PRD-AST-013,PRD,AST,013,DOC-01,"The platform MUST record external identifiers for assets from integrated systems, permitting multiple identifiers per asset.",MUST_HAVE,AUTOMATED_TEST,Active,,,compact_table
PRD-AST-014,PRD,AST,014,DOC-01,"The platform MUST support tenant-defined custom attributes per asset type, with typed values, validation, and searchability.",MUST_HAVE,AUTOMATED_TEST,Active,,,compact_table
PRD-AST-015,PRD,AST,015,DOC-01,"The platform MUST support tenant-defined tags on assets, participating in filtering, scope predicates, and reporting.",MUST_HAVE,AUTOMATED_TEST,Active,,,compact_table
PRD-AST-016,PRD,AST,016,DOC-01,Assets MUST support attachment of a technical contact distinct from the OrgNode owner.,SHOULD_HAVE,AUTOMATED_TEST,Active,,,compact_table
PRD-AST-017,PRD,AST,017,DOC-01,The platform MUST surface assets whose declared exposure conflicts with observed evidence as a distinct exception queue.,SHOULD_HAVE,AUTOMATED_TEST,Active,,,compact_table
PRD-AST-018,PRD,AST,018,DOC-01,"Asset and relationship changes MUST be audit-logged, and the platform MUST retain a queryable history of criticality, exposure, and ownership over time.",MUST_HAVE,AUTOMATED_TEST,Active,,,compact_table
PRD-AUD-001,PRD,AUD,001,DOC-01,"The platform MUST maintain a catalogue of auditable actions covering at minimum: authentication, authorization decisions that deny, all domain object state changes, access to restricted data, configuration changes, export operations, AI invocations, and administrative operations.",MUST_HAVE,DOCUMENT_INSPECTION,Active,,,compact_table
PRD-AUD-002,PRD,AUD,002,DOC-01,"Audit events MUST be append-only. The platform MUST NOT expose any mechanism to modify or delete an audit event through the application, the API, or administrative tooling. Integrity MUST be cryptographically verifiable such that removal or alteration of any event is detectable, and the platform MUST support integrity verification on demand.",MUST_HAVE,AUTOMATED_TEST|PENETRATION_TEST,Active,,,expanded
PRD-AUD-003,PRD,AUD,003,DOC-01,"Every access to RESTRICTED data MUST be individually recorded with the accessing principal, the specific object, the stated purpose where the interface requires one, and the timestamp. This applies at minimum to credential reveal, secret value reveal, evidence retrieval, personal workload data access, and any operation performed under a break-glass grant.",MUST_HAVE,AUTOMATED_TEST,Active,,,expanded
PRD-AUD-004,PRD,AUD,004,DOC-01,"Every audit event MUST record the organizational scope in effect at the time of the event, independently of the current hierarchy.",MUST_HAVE,AUTOMATED_TEST,Active,,,compact_table
PRD-AUD-005,PRD,AUD,005,DOC-01,"Audit events MUST distinguish actor type between human principal, service principal, automation rule, and platform process, and MUST record the initiating principal where an action was performed on behalf of another.",MUST_HAVE,AUTOMATED_TEST,Active,,,compact_table
PRD-AUD-006,PRD,AUD,006,DOC-01,"The platform MUST support audit search and export by principal, object, scope, action type, and time range, with performance suitable for interactive investigation.",MUST_HAVE,AUTOMATED_TEST,Active,,,compact_table
PRD-AUD-007,PRD,AUD,007,DOC-01,"Access to the audit trail MUST be separately permissioned, MUST NOT be implied by administrative permission, and MUST itself be audited.",MUST_HAVE,AUTOMATED_TEST,Active,,,compact_table
PRD-AUD-008,PRD,AUD,008,DOC-01,"The platform MUST support export of audit events to an external system in a documented format, with delivery reliability appropriate to evidential use.",SHOULD_HAVE,AUTOMATED_TEST,Active,,,compact_table
PRD-AUD-009,PRD,AUD,009,DOC-01,"The platform MUST satisfy data subject erasure obligations without compromising audit integrity. Audit events MUST separate immutable event metadata from erasable payload content, such that payload removal is possible while integrity verification over the event sequence remains valid and the fact of erasure is itself recorded.",MUST_HAVE,AUTOMATED_TEST|DOCUMENT_INSPECTION,Active,,,expanded
PRD-AUD-010,PRD,AUD,010,DOC-01,"The platform MUST support configurable audit retention with a product-defined minimum, and MUST support legal hold that suspends retention expiry for a defined scope.",MUST_HAVE,AUTOMATED_TEST,Active,,,compact_table
PRD-AUZ-001,PRD,AUZ,001,DOC-01,"The platform MUST define a product-fixed catalogue enumerating every distinct permitted action. Roles MUST be composed from the catalogue by tenants, with tenant-defined names and membership. Application code MUST evaluate permissions and MUST NOT branch on role names, role counts, or organizational position.",MUST_HAVE,AUTOMATED_TEST|CODE_REVIEW,Active,,,expanded
PRD-AUZ-002,PRD,AUZ,002,DOC-01,"Authorization MUST combine permission with a scope predicate, and every access MUST be evaluated against both.",MUST_HAVE,AUTOMATED_TEST,Active,,,compact_table
PRD-AUZ-003,PRD,AUZ,003,DOC-01,"The platform MUST support the scope patterns of §7.1, including subtree inheritance, explicit node sets, explicit object grants, and self-scope.",MUST_HAVE,AUTOMATED_TEST,Active,,,compact_table
PRD-AUZ-004,PRD,AUZ,004,DOC-01,"Sensitive data categories MUST be gated by specific permissions rather than inferred from role seniority, organizational position, or administrative capability.",MUST_HAVE,AUTOMATED_TEST,Active,,,compact_table
PRD-AUZ-005,PRD,AUZ,005,DOC-01,"Workflow transitions, automation rules, and approval actions MUST be permission-gated, and MUST NOT be able to effect a change the acting principal could not perform directly.",MUST_HAVE,AUTOMATED_TEST,Active,,,compact_table
PRD-AUZ-006,PRD,AUZ,006,DOC-01,Authorization MUST be deny-by-default at every enforcement point.,MUST_HAVE,AUTOMATED_TEST|CODE_REVIEW,Active,,,compact_table
PRD-AUZ-007,PRD,AUZ,007,DOC-01,"Object-level authorization MUST be enforced on every read and write, independently of any client-supplied identifier, and MUST NOT rely on identifier unpredictability or on server-side filtering of selection interfaces.",MUST_HAVE,AUTOMATED_TEST|PENETRATION_TEST,Active,,,compact_table
PRD-AUZ-008,PRD,AUZ,008,DOC-01,"The platform MUST support explicit, time-boxed grants of individual objects to a principal, independent of scope inheritance, with automatic expiry.",MUST_HAVE,AUTOMATED_TEST,Active,,,compact_table
PRD-AUZ-009,PRD,AUZ,009,DOC-01,"The platform MUST support separation-of-duties constraints preventing the same principal from holding conflicting permission combinations, at minimum: requesting and approving an exception, acting and reading the audit record of action, and configuring authorization while holding operational permissions.",MUST_HAVE,AUTOMATED_TEST,Active,,,compact_table
PRD-AUZ-010,PRD,AUZ,010,DOC-01,"The platform MUST support explicit, time-boxed, audited delegation of permissions, and MUST NOT permit delegation to exceed the delegator's own authority.",SHOULD_HAVE,AUTOMATED_TEST,Active,,,compact_table
PRD-AUZ-011,PRD,AUZ,011,DOC-01,Service principal scope MUST be pinned to the credential and MUST NOT be derived from a human principal's scope or asserted in a request payload.,MUST_HAVE,AUTOMATED_TEST|PENETRATION_TEST,Active,,,compact_table
PRD-AUZ-012,PRD,AUZ,012,DOC-01,"The platform MUST provide effective-permission inspection for any principal, showing the resolved permission set, scope, and the grants producing them.",MUST_HAVE,AUTOMATED_TEST,Active,,,compact_table
PRD-AUZ-013,PRD,AUZ,013,DOC-01,"All authorization configuration changes MUST be audit-logged with before and after state, and MUST be subject to elevated permission distinct from operational permissions.",MUST_HAVE,AUTOMATED_TEST,Active,,,compact_table
PRD-AUZ-014,PRD,AUZ,014,DOC-01,"Authorization denials MUST NOT disclose the existence of the object denied, and error responses MUST NOT differentiate non-existence from non-authorization.",MUST_HAVE,AUTOMATED_TEST|PENETRATION_TEST,Active,,,compact_table
PRD-CAP-001,PRD,CAP,001,DOC-01,"The platform MUST produce daily workload snapshots by rollup from the state transition history, and the rollup MUST be idempotent and re-runnable over historical periods.",MUST_HAVE,AUTOMATED_TEST,Active,,,compact_table
PRD-CAP-002,PRD,CAP,002,DOC-01,"The platform MUST model team members with a capacity ratio, and MUST compute available capacity net of non-working days, leave, and a configured non-project overhead allowance.",MUST_HAVE,AUTOMATED_TEST,Active,,,compact_table
PRD-CAP-003,PRD,CAP,003,DOC-01,"The platform MUST support recording of member availability including leave, with optional import from an external source.",MUST_HAVE,AUTOMATED_TEST,Active,,,compact_table
PRD-CAP-004,PRD,CAP,004,DOC-01,"The platform MUST compute allocated effort per member from work item assignment and estimated effort, and MUST surface allocation exceeding available capacity.",MUST_HAVE,AUTOMATED_TEST,Active,,,compact_table
PRD-CAP-005,PRD,CAP,005,DOC-01,"The platform MUST compute utilization as allocated effort over available capacity, and MUST present it against a configurable target band rather than against a maximum.",MUST_HAVE,AUTOMATED_TEST|DOCUMENT_INSPECTION,Active,,,compact_table
PRD-CAP-006,PRD,CAP,006,DOC-01,The platform MUST compute effort distribution across work categories over time.,MUST_HAVE,AUTOMATED_TEST,Active,,,compact_table
PRD-CAP-007,PRD,CAP,007,DOC-01,The platform MUST compute intake and completion rates per period and the resulting backlog trend.,MUST_HAVE,AUTOMATED_TEST,Active,,,compact_table
PRD-CAP-008,PRD,CAP,008,DOC-01,"The platform MUST compute cycle time decomposed by workflow stage, including time in states awaiting external parties.",MUST_HAVE,AUTOMATED_TEST,Active,,,compact_table
PRD-CAP-009,PRD,CAP,009,DOC-01,"The platform MUST attribute service level breaches to a cause classification, and MUST report breach counts by attribution.",MUST_HAVE,AUTOMATED_TEST,Active,,,compact_table
PRD-CAP-010,PRD,CAP,010,DOC-01,"The platform MUST compute an earliest feasible start date from current backlog, capacity, and prioritization, exposed at intake.",SHOULD_HAVE,AUTOMATED_TEST,Active,,,compact_table
PRD-CAP-011,PRD,CAP,011,DOC-01,The platform MUST record estimated against actual effort and MUST expose estimation bias by work type.,SHOULD_HAVE,AUTOMATED_TEST,Active,,,compact_table
PRD-CAP-012,PRD,CAP,012,DOC-01,"The platform MUST support recording member competencies by domain and proficiency, and MUST expose single-person coverage in any domain.",SHOULD_HAVE,AUTOMATED_TEST,Active,,,compact_table
PRD-CAP-013,PRD,CAP,013,DOC-01,"Per-person workload, utilization, allocation, and effort data MUST be classified RESTRICTED, MUST be accessible only through explicit permission rather than by role seniority or organizational position, MUST be excluded from business owner and executive views, MUST be visible to each individual for their own data, and every access MUST be audit-logged.",MUST_HAVE,AUTOMATED_TEST|PENETRATION_TEST,Active,,,expanded
PRD-CAP-014,PRD,CAP,014,DOC-01,"The platform MUST document, in the interface where individual measures are presented, that they are intended for capacity planning and not for performance evaluation or ranking.",MUST_HAVE,DOCUMENT_INSPECTION,Active,,,compact_table
PRD-CAP-015,PRD,CAP,015,DOC-01,"The platform MUST expose blocked work with the blocking party, duration, and last escalation, as an actionable queue.",MUST_HAVE,AUTOMATED_TEST,Active,,,compact_table
PRD-CON-001,PRD,CON,001,DOC-01,"The platform MUST implement integrations as connectors conforming to a declared contract, each specifying its capabilities, required credentials, configuration schema, and health semantics.",MUST_HAVE,AUTOMATED_TEST,Active,,,compact_table
PRD-CON-002,PRD,CON,002,DOC-01,"Connector credentials MUST be stored in a secrets vault, MUST never be retrievable in plaintext through the interface or API after entry, and MUST support rotation without connector reconfiguration.",MUST_HAVE,AUTOMATED_TEST|CODE_REVIEW,Active,,,compact_table
PRD-CON-003,PRD,CON,003,DOC-01,"Connectors MUST expose health state including last successful operation, consecutive failure count, last failure classification, and current backoff state.",MUST_HAVE,AUTOMATED_TEST,Active,,,compact_table
PRD-CON-004,PRD,CON,004,DOC-01,"Connector failures MUST be classified at minimum as authentication, authorization, rate limit, transient, configuration, or data error, and retry behaviour MUST differ by class.",MUST_HAVE,AUTOMATED_TEST,Active,,,compact_table
PRD-CON-005,PRD,CON,005,DOC-01,"Connectors MUST implement exponential backoff with jitter and a circuit breaker that suspends operation after sustained failure, and MUST notify the responsible party on suspension.",MUST_HAVE,AUTOMATED_TEST,Active,,,compact_table
PRD-CON-006,PRD,CON,006,DOC-01,Connectors MUST respect the target system's rate limits and MUST support configured request budgets per connector instance.,MUST_HAVE,AUTOMATED_TEST,Active,,,compact_table
PRD-CON-007,PRD,CON,007,DOC-01,Connector network egress MUST be constrained to explicitly configured destinations.,MUST_HAVE,AUTOMATED_TEST|PENETRATION_TEST,Active,,,compact_table
PRD-CON-008,PRD,CON,008,DOC-01,"Connectors MUST transmit only the minimum data necessary for their function, and outbound data content MUST be documented per connector.",MUST_HAVE,DOCUMENT_INSPECTION,Active,,,compact_table
PRD-CON-009,PRD,CON,009,DOC-01,"The platform MUST support vulnerability intelligence connectors with recorded data version, and MUST support offline provisioning of intelligence for deployments without egress.",MUST_HAVE,AUTOMATED_TEST,Active,,,compact_table
PRD-CON-010,PRD,CON,010,DOC-01,The platform MUST support identity provider integration for authentication and for automated user lifecycle provisioning and deprovisioning.,MUST_HAVE,AUTOMATED_TEST,Active,,,compact_table
PRD-CON-011,PRD,CON,011,DOC-01,"The platform MUST support outbound propagation of remediation obligations to an external work tracker, where the platform record remains authoritative and the external item is a reference.",SHOULD_HAVE,AUTOMATED_TEST,Active,,,compact_table
PRD-CON-012,PRD,CON,012,DOC-01,"Where an external reference exists, the platform MUST detect and surface divergence between its own record and the external item rather than silently reconciling it.",SHOULD_HAVE,AUTOMATED_TEST,Active,,,compact_table
PRD-CON-013,PRD,CON,013,DOC-01,"The platform MUST support outbound webhooks with signed payloads, delivery retry, and delivery status visibility.",SHOULD_HAVE,AUTOMATED_TEST,Active,,,compact_table
PRD-CON-014,PRD,CON,014,DOC-01,"Every connector MUST be individually disableable, and the platform MUST remain fully functional with all connectors disabled, degrading explicitly.",MUST_HAVE,AUTOMATED_TEST,Active,,,compact_table
PRD-CON-015,PRD,CON,015,DOC-21,Every integration MUST be implemented as a connector conforming to the contract. Ad-hoc integration code MUST NOT exist outside it.,MUST_HAVE,AUTOMATED_TEST|ARCHITECTURE_REVIEW,Active,,,compact_table
PRD-CON-016,PRD,CON,016,DOC-21,Each connector MUST document the minimum permission set required on the target system.,MUST_HAVE,DOCUMENT_INSPECTION,Active,,,compact_table
PRD-CON-017,PRD,CON,017,DOC-21,"Connector configuration MUST be validated against its schema before activation, and an invalid configuration MUST be rejected with a specific diagnosis.",MUST_HAVE,AUTOMATED_TEST,Active,,,compact_table
PRD-CON-018,PRD,CON,018,DOC-21,"Connector versions MUST be independently deployable from tenant configuration, and a version upgrade MUST NOT require a tenant to reconfigure.",MUST_HAVE,AUTOMATED_TEST,Active,,,compact_table
PRD-CON-019,PRD,CON,019,DOC-21,"A connector MUST be individually suspendable, and suspension MUST halt its operations while retaining its configuration and credential reference.",MUST_HAVE,AUTOMATED_TEST,Active,,,compact_table
PRD-CON-020,PRD,CON,020,DOC-21,Retiring a connector MUST retain its historical data provenance and MUST NOT delete records it produced.,MUST_HAVE,AUTOMATED_TEST,Active,,,compact_table
PRD-CON-021,PRD,CON,021,DOC-21,"Credentials MUST be held in the secrets store by reference, MUST NOT be retrievable in plaintext after entry, and MUST NOT appear in configuration, logs, telemetry, error messages, or exports.",MUST_HAVE,AUTOMATED_TEST|CODE_REVIEW,Active,,,compact_table
PRD-CON-022,PRD,CON,022,DOC-21,"Rotation MUST be possible without reconfiguring the connector, MUST support an overlap period where both old and new credentials are valid, and MUST verify the new credential before retiring the old.",MUST_HAVE,AUTOMATED_TEST,Active,,,compact_table
PRD-CON-023,PRD,CON,023,DOC-21,"Credentials MUST support expiry, and approaching expiry MUST notify the connector owner in advance of a configurable window.",MUST_HAVE,AUTOMATED_TEST,Active,,,compact_table
PRD-CON-024,PRD,CON,024,DOC-21,"An authentication or authorization failure MUST NOT be blindly retried. It MUST mark the connector unhealthy, notify the owner, and stop until the credential is corrected.",MUST_HAVE,AUTOMATED_TEST,Active,,,compact_table
PRD-CON-025,PRD,CON,025,DOC-21,"Every failure MUST be classified, and retry behaviour MUST be determined by class. Undifferentiated retry MUST NOT occur.",MUST_HAVE,AUTOMATED_TEST,Active,,,compact_table
PRD-CON-026,PRD,CON,026,DOC-21,A DATA class failure MUST NOT fail the run. The record MUST be quarantined with its reason and the run MUST continue.,MUST_HAVE,AUTOMATED_TEST,Active,,,compact_table
PRD-CON-027,PRD,CON,027,DOC-21,"Retry MUST honour the target's rate limit signals, and the platform MUST reduce its budget against a target that signals throttling rather than continuing at the configured rate.",MUST_HAVE,AUTOMATED_TEST,Active,,,compact_table
PRD-CON-028,PRD,CON,028,DOC-21,"Health MUST be observable per connector per tenant, including last success, consecutive failures, failure class, and circuit state.",MUST_HAVE,AUTOMATED_TEST,Active,,,compact_table
PRD-CON-029,PRD,CON,029,DOC-21,Circuit opening MUST notify the connector owner and MUST record the condition. A suspended integration nobody is told about MUST NOT be possible.,MUST_HAVE,AUTOMATED_TEST,Active,,,compact_table
PRD-CON-030,PRD,CON,030,DOC-21,"Health state MUST feed coverage reporting, such that an unhealthy connector is reflected in the coverage of the data it supplies.",MUST_HAVE,AUTOMATED_TEST,Active,,,compact_table
PRD-CON-031,PRD,CON,031,DOC-21,"The platform MUST record and expose a per-connector success rate over a period, and MUST alert where it degrades below a threshold without the circuit opening.",MUST_HAVE,AUTOMATED_TEST,Active,,,compact_table
PRD-CON-032,PRD,CON,032,DOC-21,"Egress destinations MUST come from validated configuration and MUST NOT be derived from data, a record field, a redirect, or user input.",MUST_HAVE,AUTOMATED_TEST|PENETRATION_TEST,Active,,,compact_table
PRD-CON-033,PRD,CON,033,DOC-21,"Destinations MUST be validated against an allowlist policy, MUST NOT resolve to internal or link-local address ranges, and resolution MUST be re-checked at connection time.",MUST_HAVE,AUTOMATED_TEST|PENETRATION_TEST,Active,,,compact_table
PRD-CON-034,PRD,CON,034,DOC-21,Redirects MUST NOT be followed to a destination outside the allowlist.,MUST_HAVE,AUTOMATED_TEST|PENETRATION_TEST,Active,,,compact_table
PRD-CON-035,PRD,CON,035,DOC-21,"Every connector MUST be individually disableable, and the platform MUST remain fully functional with all connectors disabled, degrading explicitly.",MUST_HAVE,AUTOMATED_TEST,Active,,,compact_table
PRD-CON-036,PRD,CON,036,DOC-21,"Each connector MUST transmit only the minimum data necessary for its function, and its outbound content MUST be documented per operation.",MUST_HAVE,DOCUMENT_INSPECTION,Active,,,compact_table
PRD-CON-037,PRD,CON,037,DOC-21,"Outbound content MUST NOT include credentials, secret values, evidence content, or per-person workload data, at any configuration.",MUST_HAVE,AUTOMATED_TEST|CODE_REVIEW,Active,,,compact_table
PRD-CON-038,PRD,CON,038,DOC-21,"Outbound content MUST be constrained to the scope the target integration is configured for, and MUST NOT include records outside it.",MUST_HAVE,AUTOMATED_TEST|PENETRATION_TEST,Active,,,compact_table
PRD-CON-039,PRD,CON,039,DOC-21,Outbound egress MUST be constrained by the tenant's residency designation.,MUST_HAVE,AUTOMATED_TEST,Active,,,compact_table
PRD-CON-040,PRD,CON,040,DOC-21,"A source control connector MUST NOT be offered in this release, and no connector MUST accept credentials granting source code access.",MUST_HAVE,CODE_REVIEW|ARCHITECTURE_REVIEW,Active,,,compact_table
PRD-CON-041,PRD,CON,041,DOC-21,"Secret validity checking MUST be rate-limited, individually audited, and disableable per credential type, and MUST NOT be enabled by default.",MUST_HAVE,AUTOMATED_TEST,Active,,,compact_table
PRD-CON-042,PRD,CON,042,DOC-21,"Outbound propagation MUST be one-way. External state MUST NOT overwrite platform state, and the platform record MUST remain authoritative.",MUST_HAVE,AUTOMATED_TEST|ARCHITECTURE_REVIEW,Active,,,compact_table
PRD-CON-043,PRD,CON,043,DOC-21,"Divergence MUST be detected and surfaced for human resolution, and MUST NOT be automatically reconciled.",MUST_HAVE,AUTOMATED_TEST,Active,,,compact_table
PRD-CON-044,PRD,CON,044,DOC-21,External deletion of a referenced item MUST surface as divergence and MUST NOT affect the platform record.,MUST_HAVE,AUTOMATED_TEST,Active,,,compact_table
PRD-CON-045,PRD,CON,045,DOC-21,Outbound content MUST be restricted to what the target audience is authorized for and MUST NOT include finding detail beyond a reference and a scope-appropriate summary.,MUST_HAVE,AUTOMATED_TEST|PENETRATION_TEST,Active,,,compact_table
PRD-CON-046,PRD,CON,046,DOC-21,"Intelligence datasets MUST be provisioned as signed bundles whose signature and integrity are verified before use, and a bundle failing verification MUST be rejected with the prior version retained.",MUST_HAVE,AUTOMATED_TEST,Active,,,compact_table
PRD-CON-047,PRD,CON,047,DOC-21,"Offline provisioning MUST be supported by the same bundle format as online, applied through an operator procedure.",MUST_HAVE,AUTOMATED_TEST,Active,,,compact_table
PRD-CON-048,PRD,CON,048,DOC-21,Provisioning failure MUST NOT halt matching. Matching MUST continue against the last verified version with staleness recorded and surfaced.,MUST_HAVE,AUTOMATED_TEST,Active,,,compact_table
PRD-CON-049,PRD,CON,049,DOC-21,Intelligence age MUST be exposed and MUST alert beyond a configurable threshold.,MUST_HAVE,AUTOMATED_TEST,Active,,,compact_table
PRD-CON-050,PRD,CON,050,DOC-21,"The platform MUST support automated provisioning and deprovisioning from the tenant's identity source, and deprovisioning MUST revoke sessions within the bound of NFR-SEC-001.",MUST_HAVE,AUTOMATED_TEST,Active,,,compact_table
PRD-CON-051,PRD,CON,051,DOC-21,"Identity synchronization MUST NOT create, modify, or remove role assignments. It MUST manage principal existence and attributes only.",MUST_HAVE,AUTOMATED_TEST|ARCHITECTURE_REVIEW,Active,,,compact_table
PRD-CON-052,PRD,CON,052,DOC-21,"Synchronization conflicts MUST be reported rather than resolved by overwrite, and a principal deactivated externally but active in the platform MUST surface as a conflict.",MUST_HAVE,AUTOMATED_TEST,Active,,,compact_table
PRD-CON-053,PRD,CON,053,DOC-21,"The platform MUST support group-to-role mapping as tenant configuration evaluated at authentication, distinct from PRD-CON-051.",SHOULD_HAVE,AUTOMATED_TEST,Active,,,compact_table
PRD-CON-054,PRD,CON,054,DOC-21,"In air-gapped deployment every unavailable connector MUST be explicitly disabled with the affected capability and its consequence stated in the interface, not silently absent.",MUST_HAVE,AUTOMATED_TEST,Active,,,compact_table
PRD-CON-055,PRD,CON,055,DOC-21,Air-gapped deployment MUST NOT require a code path distinct from connected deployment. It MUST be the same platform with connectors disabled.,MUST_HAVE,ARCHITECTURE_REVIEW|AUTOMATED_TEST,Active,,,compact_table
PRD-DSH-001,PRD,DSH,001,DOC-01,"Every dashboard MUST begin at the highest organization node within the viewing principal's authorized scope and MUST support drill-down relative to that root. Dashboards MUST NOT assume an enterprise-level starting point, and MUST NOT disclose the existence of nodes outside the principal's scope through navigation, aggregate figures, comparison sets, or breadcrumbs.",MUST_HAVE,AUTOMATED_TEST|PENETRATION_TEST,Active,,,expanded
PRD-DSH-002,PRD,DSH,002,DOC-01,"The platform MUST provide dashboard compositions for at minimum: executive posture, security operations, engineering ownership, and security team workload.",MUST_HAVE,DEMONSTRATION,Active,,,compact_table
PRD-DSH-003,PRD,DSH,003,DOC-01,"Every dashboard MUST specify and implement its key measures, available filters, drill-down behaviour, required permissions, and export capability.",MUST_HAVE,DOCUMENT_INSPECTION,Active,,,compact_table
PRD-DSH-004,PRD,DSH,004,DOC-01,Filter state MUST be encodable in a shareable reference that re-evaluates against the recipient's authorized scope.,MUST_HAVE,AUTOMATED_TEST,Active,,,compact_table
PRD-DSH-005,PRD,DSH,005,DOC-01,Chart elements MUST support drill-through that applies the element's slice as a filter to the corresponding work or finding queue.,MUST_HAVE,AUTOMATED_TEST,Active,,,compact_table
PRD-DSH-006,PRD,DSH,006,DOC-01,"The platform MUST present intake against completion with resulting backlog trend, and state occupancy over time, on the workload composition.",MUST_HAVE,DEMONSTRATION,Active,,,compact_table
PRD-DSH-007,PRD,DSH,007,DOC-01,The platform MUST present service level exposure including approaching deadlines against available capacity over a forward window.,MUST_HAVE,DEMONSTRATION,Active,,,compact_table
PRD-DSH-008,PRD,DSH,008,DOC-01,The platform MUST present service level breaches decomposed by attribution cause.,MUST_HAVE,DEMONSTRATION,Active,,,compact_table
PRD-DSH-009,PRD,DSH,009,DOC-01,Every measure derived from data with variable coverage MUST display its coverage and freshness alongside the value.,MUST_HAVE,AUTOMATED_TEST|DOCUMENT_INSPECTION,Active,,,compact_table
PRD-DSH-010,PRD,DSH,010,DOC-01,"Dashboards MUST provide actionable queues, at minimum: unassigned work, work awaiting external parties, work in progress with service level status, work awaiting remediation, work awaiting verification, breached and at-risk work, and coverage gaps.",MUST_HAVE,DEMONSTRATION,Active,,,compact_table
PRD-DSH-011,PRD,DSH,011,DOC-01,"The platform MUST support scheduled generation and delivery of reports to defined recipients, with scope evaluated against each recipient's authorization at generation time.",MUST_HAVE,AUTOMATED_TEST,Active,,,compact_table
PRD-DSH-012,PRD,DSH,012,DOC-01,"Report templates MUST be tenant-configurable in structure, section selection, and branding.",SHOULD_HAVE,DEMONSTRATION,Active,,,compact_table
PRD-DSH-013,PRD,DSH,013,DOC-01,The platform MUST produce audit evidence exports demonstrating process adherence for a defined scope and period.,SHOULD_HAVE,AUTOMATED_TEST,Active,,,compact_table
PRD-DSH-014,PRD,DSH,014,DOC-01,Dashboard queries MUST execute against a purpose-built read model rather than against operational tables directly.,MUST_HAVE,ARCHITECTURE_REVIEW,Active,,,compact_table
PRD-DSH-015,PRD,DSH,015,DOC-01,"Comparative presentations MUST normalize for portfolio size and criticality composition, and MUST state the normalization applied.",MUST_HAVE,AUTOMATED_TEST,Active,,,compact_table
PRD-DSH-016,PRD,DSH,016,DOC-01,"Dashboard and report access MUST be permission-gated per composition, and compositions containing personal workload data MUST enforce PRD-CAP-013.",MUST_HAVE,AUTOMATED_TEST,Active,,,compact_table
PRD-DSH-017,PRD,DSH,017,DOC-12,"Every composition and report MUST specify its measures, filters, drill-through targets, required permissions, and export formats. A presentation without all five MUST NOT ship.",MUST_HAVE,DOCUMENT_INSPECTION,Active,,,compact_table
PRD-DSH-018,PRD,DSH,018,DOC-12,Every aggregate presentation MUST state whether it aggregates by recorded scope descriptor (*as-was*) or by current hierarchy (*as-is*).,MUST_HAVE,AUTOMATED_TEST|DOCUMENT_INSPECTION,Active,,,compact_table
PRD-DSH-019,PRD,DSH,019,DOC-12,"Drill-through MUST perform full object-level authorization on the records it returns, and MUST NOT inherit authorization from the composition permission.",MUST_HAVE,AUTOMATED_TEST|PENETRATION_TEST,Active,,,compact_table
PRD-DSH-020,PRD,DSH,020,DOC-12,Filter state MUST be encodable in a shareable reference that re-evaluates against the recipient's authorized scope.,MUST_HAVE,AUTOMATED_TEST|PENETRATION_TEST,Active,,,compact_table
PRD-DSH-021,PRD,DSH,021,DOC-12,Compositions MUST NOT accept a scope root parameter. The root MUST be derived from the caller's authorization context.,MUST_HAVE,AUTOMATED_TEST|PENETRATION_TEST,Active,,,compact_table
PRD-DSH-022,PRD,DSH,022,DOC-12,"Navigation MUST NOT disclose the existence of nodes outside the caller's scope, through breadcrumbs, counts, comparison sets, percentile positions, or rank indicators.",MUST_HAVE,AUTOMATED_TEST|PENETRATION_TEST,Active,,,compact_table
PRD-DSH-023,PRD,DSH,023,DOC-12,"Where a caller's scope contains multiple unrelated roots, the composition MUST present them as siblings under a synthetic root and MUST NOT imply a common ancestor.",MUST_HAVE,AUTOMATED_TEST,Active,,,compact_table
PRD-DSH-024,PRD,DSH,024,DOC-12,"Every measure derived from data with variable coverage MUST present its coverage and freshness, and the presentation MUST NOT be suppressible by configuration or template.",MUST_HAVE,AUTOMATED_TEST|DOCUMENT_INSPECTION,Active,,,compact_table
PRD-DSH-025,PRD,DSH,025,DOC-12,At INSUFFICIENT confidence the coverage gap MUST be the primary statement and the measure MUST NOT be rendered as a posture figure.,MUST_HAVE,AUTOMATED_TEST|DOCUMENT_INSPECTION,Active,,,compact_table
PRD-DSH-026,PRD,DSH,026,DOC-12,"Where an aggregate improves, the presentation MUST distinguish improvement attributable to remediation from improvement attributable to reduced coverage.",MUST_HAVE,AUTOMATED_TEST|DOCUMENT_INSPECTION,Active,,,compact_table
PRD-DSH-027,PRD,DSH,027,DOC-12,Assets never measured MUST appear in reporting as unmeasured and MUST NOT be absent.,MUST_HAVE,AUTOMATED_TEST,Active,,,compact_table
PRD-DSH-028,PRD,DSH,028,DOC-12,"Service level exposure MUST be presented over a forward window against available capacity, not only as current breaches.",MUST_HAVE,DEMONSTRATION,Active,,,compact_table
PRD-DSH-029,PRD,DSH,029,DOC-12,Breach counts MUST be presented decomposed by attribution and MUST NOT be presented as a single figure.,MUST_HAVE,AUTOMATED_TEST|DOCUMENT_INSPECTION,Active,,,compact_table
PRD-DSH-030,PRD,DSH,030,DOC-12,Closure figures MUST distinguish verified remediation from other closure reasons wherever presented.,MUST_HAVE,AUTOMATED_TEST|DOCUMENT_INSPECTION,Active,,,compact_table
PRD-DSH-031,PRD,DSH,031,DOC-12,The engineering composition MUST present coverage gaps together with the action that closes them.,MUST_HAVE,DEMONSTRATION,Active,,,compact_table
PRD-DSH-032,PRD,DSH,032,DOC-12,The engineering composition MUST NOT present comparison against other organization nodes.,MUST_HAVE,AUTOMATED_TEST,Active,,,compact_table
PRD-DSH-033,PRD,DSH,033,DOC-12,"Utilization MUST be presented against a configurable target band, never against a maximum, and the presentation MUST state why the band is below full allocation.",MUST_HAVE,AUTOMATED_TEST|DOCUMENT_INSPECTION,Active,,,compact_table
PRD-DSH-034,PRD,DSH,034,DOC-12,"The composition MUST state, where individual measures are presented, that they are for capacity planning and not for performance evaluation or ranking.",MUST_HAVE,DOCUMENT_INSPECTION,Active,,,compact_table
PRD-DSH-035,PRD,DSH,035,DOC-12,"Comparative presentation MUST normalize for portfolio size and criticality composition, and MUST state the normalization applied.",MUST_HAVE,AUTOMATED_TEST|DOCUMENT_INSPECTION,Active,,,compact_table
PRD-DSH-036,PRD,DSH,036,DOC-12,"Comparison sets MUST enforce a minimum population or suppress, and MUST NOT permit derivation of an out-of-scope value by subtraction from a broader total.",MUST_HAVE,AUTOMATED_TEST|PENETRATION_TEST,Active,,,compact_table
PRD-DSH-037,PRD,DSH,037,DOC-12,Comparative presentation MUST state the coverage of each compared entity.,MUST_HAVE,AUTOMATED_TEST|DOCUMENT_INSPECTION,Active,,,compact_table
PRD-DSH-038,PRD,DSH,038,DOC-12,Rank position and percentile MUST NOT be presented where the comparison set includes entities outside the caller's scope.,MUST_HAVE,AUTOMATED_TEST|PENETRATION_TEST,Active,,,compact_table
PRD-DSH-039,PRD,DSH,039,DOC-12,"The assessment report MUST include coverage — items assessed, not applicable with reasons, and not assessed — and MUST NOT present findings without it.",MUST_HAVE,AUTOMATED_TEST|DOCUMENT_INSPECTION,Active,,,compact_table
PRD-DSH-040,PRD,DSH,040,DOC-12,"The exception register MUST show expiry, approver, compensating controls, and renewal chains.",MUST_HAVE,AUTOMATED_TEST,Active,,,compact_table
PRD-DSH-041,PRD,DSH,041,DOC-12,"Report templates MUST be tenant-configurable in structure, section selection, and branding, and MUST be validated to reference only available measures.",SHOULD_HAVE,DEMONSTRATION,Active,,,compact_table
PRD-DSH-042,PRD,DSH,042,DOC-12,"Templates MUST NOT be able to suppress coverage presentation, generated-content labelling, normalization statements, or aggregation basis labels.",MUST_HAVE,AUTOMATED_TEST|CODE_REVIEW,Active,,,compact_table
PRD-DSH-043,PRD,DSH,043,DOC-12,"Scheduled reports MUST be generated per recipient with scope evaluated at generation, and a single artifact MUST NOT be delivered to recipients with differing authorization.",MUST_HAVE,AUTOMATED_TEST|PENETRATION_TEST,Active,,,compact_table
PRD-DSH-044,PRD,DSH,044,DOC-12,"Templates MUST be data, not executable, and MUST NOT have access to platform internals.",MUST_HAVE,AUTOMATED_TEST|CODE_REVIEW,Active,,,compact_table
PRD-DSH-045,PRD,DSH,045,DOC-12,"Scheduled delivery failure MUST be surfaced to the schedule owner, and a recipient who has lost access MUST be dropped from delivery with the owner informed.",MUST_HAVE,AUTOMATED_TEST,Active,,,compact_table
PRD-DSH-046,PRD,DSH,046,DOC-12,"Audit evidence export MUST assemble, for a scope and period: assessments with coverage, findings with lifecycle and closure reasons, exceptions with approvals, service level compliance with attribution, access review output, and configuration change history.",SHOULD_HAVE,AUTOMATED_TEST,Active,,,compact_table
PRD-DSH-047,PRD,DSH,047,DOC-12,"The artifact MUST record its scope, filters, generation time, and the aggregation basis, and its generation MUST be audited.",MUST_HAVE,AUTOMATED_TEST,Active,,,compact_table
PRD-DSH-048,PRD,DSH,048,DOC-12,"Audit evidence MUST NOT include credentials, secret values, evidence content, or per-person workload data. Evidence artifacts MUST be referenced rather than embedded.",MUST_HAVE,AUTOMATED_TEST|CODE_REVIEW,Active,,,compact_table
PRD-EXC-001,PRD,EXC,001,DOC-01,"Risk exceptions MUST be modelled as a distinct aggregate with their own approval, expiry, and review lifecycle, not as a finding state.",MUST_HAVE,AUTOMATED_TEST,Active,,,compact_table
PRD-EXC-002,PRD,EXC,002,DOC-01,"Every exception MUST have a mandatory expiry date, bounded by a configurable maximum. Indefinite exceptions MUST NOT be creatable.",MUST_HAVE,AUTOMATED_TEST,Active,,,compact_table
PRD-EXC-003,PRD,EXC,003,DOC-01,"On expiry, the platform MUST automatically return the underlying finding to an active state and MUST notify the accountable owner and approver.",MUST_HAVE,AUTOMATED_TEST,Active,,,compact_table
PRD-EXC-004,PRD,EXC,004,DOC-01,"Exceptions MUST require recorded compensating controls or an explicit, separately approved statement that none exist.",MUST_HAVE,AUTOMATED_TEST,Active,,,compact_table
PRD-EXC-005,PRD,EXC,005,DOC-01,"Approval requirements MUST be tenant-configurable, supporting authority thresholds by risk level, and the platform MUST enforce that the approver is distinct from the requester.",MUST_HAVE,AUTOMATED_TEST,Active,,,compact_table
PRD-EXC-006,PRD,EXC,006,DOC-01,"Exceptions MUST support periodic review before expiry, with review outcome recorded.",SHOULD_HAVE,AUTOMATED_TEST,Active,,,compact_table
PRD-EXC-007,PRD,EXC,007,DOC-01,"Excepted findings MUST remain visible in posture reporting, identified as excepted, and MUST NOT be removed from aggregate risk.",MUST_HAVE,AUTOMATED_TEST,Active,,,compact_table
PRD-EXC-008,PRD,EXC,008,DOC-01,"The platform MUST support exceptions scoped to a single finding, to a finding class within a scope, and to an asset, with distinct approval requirements per scope breadth.",SHOULD_HAVE,AUTOMATED_TEST,Active,,,compact_table
PRD-EXC-009,PRD,EXC,009,DOC-01,Exceptions MUST NOT be available for exposed credential findings.,MUST_HAVE,AUTOMATED_TEST,Active,,,compact_table
PRD-EXC-010,PRD,EXC,010,DOC-01,"All exception lifecycle events MUST be audit-logged, and the platform MUST provide an exception register queryable by scope, approver, expiry, and status.",MUST_HAVE,AUTOMATED_TEST,Active,,,compact_table
PRD-IAM-001,PRD,IAM,001,DOC-01,The platform MUST support federated authentication through standards-based enterprise identity providers as the primary authentication method.,MUST_HAVE,AUTOMATED_TEST,Active,,,compact_table
PRD-IAM-002,PRD,IAM,002,DOC-01,"The platform MUST support multi-factor authentication, and MUST support a tenant policy requiring it for all principals or for principals holding specified permissions.",MUST_HAVE,AUTOMATED_TEST,Active,,,compact_table
PRD-IAM-003,PRD,IAM,003,DOC-01,"The platform MUST support step-up authentication for defined sensitive operations, at minimum: restricted data reveal, exception approval at elevated authority, workflow and authorization configuration change, erasure, and break-glass invocation.",MUST_HAVE,AUTOMATED_TEST,Active,,,compact_table
PRD-IAM-004,PRD,IAM,004,DOC-01,The platform MUST support automated provisioning and deprovisioning from the tenant's identity source.,MUST_HAVE,AUTOMATED_TEST,Active,,,compact_table
PRD-IAM-005,PRD,IAM,005,DOC-01,"The platform MUST support immediate session revocation for a principal, and revocation MUST take effect for tokens already issued.",MUST_HAVE,AUTOMATED_TEST,Active,,,compact_table
PRD-IAM-006,PRD,IAM,006,DOC-01,"Sessions MUST have absolute and idle lifetime limits, configurable per tenant within product bounds, and users MUST be able to view and terminate their own active sessions.",MUST_HAVE,AUTOMATED_TEST,Active,,,compact_table
PRD-IAM-007,PRD,IAM,007,DOC-01,"Where local authentication is supported, the platform MUST enforce a configurable credential policy including compromised-credential checking, and MUST NOT enforce mandatory periodic rotation as a default.",MUST_HAVE,AUTOMATED_TEST,Active,,,compact_table
PRD-IAM-008,PRD,IAM,008,DOC-01,"The platform MUST support service principals for non-human access, with credentials that are individually revocable, scope-pinned, and expiring by default.",MUST_HAVE,AUTOMATED_TEST,Active,,,compact_table
PRD-IAM-009,PRD,IAM,009,DOC-01,"The platform MUST NOT support bearer credentials without sender constraint for service access. Where a legacy integration cannot support sender-constrained credentials, the platform MUST require request signing with replay protection and MUST record the exception with a deprecation path.",MUST_HAVE,AUTOMATED_TEST|PENETRATION_TEST,Active,,,compact_table
PRD-IAM-010,PRD,IAM,010,DOC-01,The platform MUST implement authentication throttling and account protection that does not permit an attacker to lock out a legitimate principal at will.,MUST_HAVE,AUTOMATED_TEST,Active,,,compact_table
PRD-IAM-011,PRD,IAM,011,DOC-01,"The platform MUST support a break-glass access path for platform operators that is time-boxed, individually justified, tenant-notified, and audited at elevated granularity.",MUST_HAVE,AUTOMATED_TEST,Active,,,compact_table
PRD-IAM-012,PRD,IAM,012,DOC-01,"Every authentication event, including failures, and every session lifecycle event MUST be audit-logged with source context.",MUST_HAVE,AUTOMATED_TEST,Active,,,compact_table
PRD-ING-001,PRD,ING,001,DOC-01,"The platform MUST implement import as a registry of format parsers behind a common contract, each declaring supported versions, field mapping, and validation rules.",MUST_HAVE,AUTOMATED_TEST,Active,,,compact_table
PRD-ING-002,PRD,ING,002,DOC-01,"The platform MUST support import of, at minimum: web application proxy findings, dynamic scanner output, infrastructure scanner output, dependency scanner output, container scanner output, SBOM documents in CycloneDX and SPDX, prior vulnerability-manager exports, and generic tabular and structured formats.",MUST_HAVE,AUTOMATED_TEST,Active,,,compact_table
PRD-ING-003,PRD,ING,003,DOC-01,All imported findings MUST be normalized to the canonical finding model and MUST pass through the shared deduplication pipeline.,MUST_HAVE,AUTOMATED_TEST,Active,,,compact_table
PRD-ING-004,PRD,ING,004,DOC-01,"Import MUST classify each finding by asset class, and infrastructure-class findings MUST NOT contribute to application security posture scores.",MUST_HAVE,AUTOMATED_TEST,Active,,,compact_table
PRD-ING-005,PRD,ING,005,DOC-01,"Import MUST be idempotent on a submission identity derived from content and target, such that resubmitting the same file does not duplicate findings or create a second import record.",MUST_HAVE,AUTOMATED_TEST,Active,,,compact_table
PRD-ING-006,PRD,ING,006,DOC-01,"Import MUST execute asynchronously with observable progress, and MUST accept files up to a configured size limit with rejection above it.",MUST_HAVE,AUTOMATED_TEST,Active,,,compact_table
PRD-ING-007,PRD,ING,007,DOC-01,"Import MUST define and implement partial-failure semantics: valid records MUST be ingested, invalid records MUST be quarantined with a per-record reason, and the import MUST report a per-record outcome summary.",MUST_HAVE,AUTOMATED_TEST,Active,,,compact_table
PRD-ING-008,PRD,ING,008,DOC-01,"Quarantined records MUST be retrievable, correctable, and re-submittable without re-importing the whole file.",SHOULD_HAVE,AUTOMATED_TEST,Active,,,compact_table
PRD-ING-009,PRD,ING,009,DOC-01,"Import MUST resolve each finding to an asset anchor, and MUST create assets in an unclaimed state rather than discarding findings whose asset cannot be resolved.",MUST_HAVE,AUTOMATED_TEST,Active,,,compact_table
PRD-ING-010,PRD,ING,010,DOC-01,"The platform MUST record import provenance for every finding: source file identity, importing principal, parser and parser version, and import timestamp.",MUST_HAVE,AUTOMATED_TEST,Active,,,compact_table
PRD-ING-011,PRD,ING,011,DOC-01,"The platform MUST support reversal of an import, returning affected findings to their prior state where they were modified by that import and removing those it created.",SHOULD_HAVE,AUTOMATED_TEST,Active,,,compact_table
PRD-ING-012,PRD,ING,012,DOC-01,"Generic tabular and structured import MUST support tenant-defined, reusable field mapping templates with a preview step before commitment.",MUST_HAVE,AUTOMATED_TEST,Active,,,compact_table
PRD-ING-013,PRD,ING,013,DOC-01,"The platform MUST support migration import of work item history from an incumbent tracker, preserving item identity, state history, comments with original authorship and timestamps, attachments, and links, and MUST record every migrated record as migrated with its original external identifier.",MUST_HAVE,AUTOMATED_TEST|DEMONSTRATION,Active,,,expanded
PRD-ING-014,PRD,ING,014,DOC-01,"Every export MUST enforce the requesting principal's authorized scope at generation time, and MUST NOT include any record outside it.",MUST_HAVE,AUTOMATED_TEST|PENETRATION_TEST,Active,,,compact_table
PRD-ING-015,PRD,ING,015,DOC-01,"Exports MUST exclude credentials, secret values, and raw evidence content without exception, regardless of the requesting principal's permissions.",MUST_HAVE,AUTOMATED_TEST|CODE_REVIEW,Active,,,compact_table
PRD-ING-016,PRD,ING,016,DOC-01,"Exports exceeding a configured record threshold MUST execute asynchronously with delivery via an authenticated, expiring reference.",MUST_HAVE,AUTOMATED_TEST,Active,,,compact_table
PRD-ING-017,PRD,ING,017,DOC-01,"Export operations MUST be audit-logged with the requesting principal, applied scope, record count, format, and generation timestamp.",MUST_HAVE,AUTOMATED_TEST,Active,,,compact_table
PRD-ING-018,PRD,ING,018,DOC-01,"The platform MUST support export in tabular, structured, and document formats, and MUST support export of a saved query's result set.",MUST_HAVE,AUTOMATED_TEST,Active,,,compact_table
PRD-ING-019,PRD,ING,019,DOC-11,Every finding MUST be created through this pipeline. No component outside Ingestion MUST write a finding fingerprint.,MUST_HAVE,AUTOMATED_TEST|CODE_REVIEW,Active,,,compact_table
PRD-ING-020,PRD,ING,020,DOC-11,"Pipeline stages MUST be observable per session, with per-stage record counts and durations.",MUST_HAVE,AUTOMATED_TEST,Active,,,compact_table
PRD-ING-021,PRD,ING,021,DOC-11,"A field absent in the source MUST be null. A parser MUST NOT infer, default, or synthesize a value not present.",MUST_HAVE,AUTOMATED_TEST|CODE_REVIEW,Active,,,compact_table
PRD-ING-022,PRD,ING,022,DOC-11,"The source record MUST be retained per finding, and reprocessing under a new parser version MUST be possible from it without re-importing the file.",MUST_HAVE,AUTOMATED_TEST,Active,,,compact_table
PRD-ING-023,PRD,ING,023,DOC-11,location_hint MUST NOT participate in fingerprint computation.,MUST_HAVE,AUTOMATED_TEST,Active,,,compact_table
PRD-ING-024,PRD,ING,024,DOC-11,"Parsers MUST be registered definitions, not code branches in a shared import service.",MUST_HAVE,ARCHITECTURE_REVIEW,Active,,,compact_table
PRD-ING-025,PRD,ING,025,DOC-11,"Every parser MUST declare its version, and the version MUST be recorded per finding.",MUST_HAVE,AUTOMATED_TEST,Active,,,compact_table
PRD-ING-026,PRD,ING,026,DOC-11,"Each parser MUST have a fixture corpus covering: a valid document, an empty document, a malformed document, a document at each declared limit, a document with absent optional fields, and one per known source-tool version.",MUST_HAVE,AUTOMATED_TEST,Active,,,compact_table
PRD-ING-027,PRD,ING,027,DOC-11,"A source format version not in a parser's declared support list MUST be rejected with the supported versions named, not parsed on a best-effort basis.",MUST_HAVE,AUTOMATED_TEST,Active,,,compact_table
PRD-ING-028,PRD,ING,028,DOC-11,"An SBOM arriving through file upload MUST be routed to the SBOM submission path, not parsed into findings.",MUST_HAVE,AUTOMATED_TEST,Active,,,compact_table
PRD-ING-029,PRD,ING,029,DOC-11,"A finding whose asset cannot be resolved MUST create an unclaimed asset, and MUST NOT be discarded or rejected.",MUST_HAVE,AUTOMATED_TEST,Active,,,compact_table
PRD-ING-030,PRD,ING,030,DOC-11,"Anchor resolution MUST record which step resolved it, and resolution by creation MUST be distinguishable from resolution by match.",MUST_HAVE,AUTOMATED_TEST,Active,,,compact_table
PRD-ING-031,PRD,ING,031,DOC-11,"Where a source provides an organization scope, it MUST be re-validated against the importing principal's authorized scope and MUST NOT be trusted from the file.",MUST_HAVE,AUTOMATED_TEST|PENETRATION_TEST,Active,,,compact_table
PRD-ING-032,PRD,ING,032,DOC-11,asset_class MUST be assigned by the parser and MUST NOT be tenant-configurable per finding.,MUST_HAVE,AUTOMATED_TEST,Active,,,compact_table
PRD-ING-033,PRD,ING,033,DOC-11,"Container findings MUST be classified by subject: application dependency findings as APPLICATION, base image and operating system findings as INFRASTRUCTURE.",MUST_HAVE,AUTOMATED_TEST,Active,,,compact_table
PRD-ING-034,PRD,ING,034,DOC-11,Deduplication MUST compare only within the same tenant and the same fingerprint algorithm version.,MUST_HAVE,AUTOMATED_TEST|PENETRATION_TEST,Active,,,compact_table
PRD-ING-035,PRD,ING,035,DOC-11,Re-detection MUST NOT change finding state.,MUST_HAVE,AUTOMATED_TEST,Active,,,compact_table
PRD-ING-036,PRD,ING,036,DOC-11,"Suppression MUST be evaluated before finding creation, and a suppressed candidate MUST be recorded rather than silently dropped.",MUST_HAVE,AUTOMATED_TEST,Active,,,compact_table
PRD-ING-037,PRD,ING,037,DOC-11,"Where a fingerprint algorithm version changes, re-fingerprinting MUST be a migration from retained inputs that preserves triage state, assignment, comments, exceptions, and history.",MUST_HAVE,AUTOMATED_TEST,Active,,,compact_table
PRD-ING-038,PRD,ING,038,DOC-11,A parse failure MUST ingest nothing. Partial parse results MUST NOT be normalized.,MUST_HAVE,AUTOMATED_TEST,Active,,,compact_table
PRD-ING-039,PRD,ING,039,DOC-11,"Quarantined records MUST be retrievable with their raw content and failing reason, correctable, and resubmittable without re-importing the source.",MUST_HAVE,AUTOMATED_TEST,Active,,,compact_table
PRD-ING-040,PRD,ING,040,DOC-11,"An unmappable severity MUST produce UNKNOWN and MUST be reported as a mapping gap, not defaulted to a middle value.",MUST_HAVE,AUTOMATED_TEST,Active,,,compact_table
PRD-ING-041,PRD,ING,041,DOC-11,"Session outcome MUST report per-record counts by disposition — ingested, updated, reopened, suppressed, quarantined, merged — and MUST NOT report only a total.",MUST_HAVE,AUTOMATED_TEST,Active,,,compact_table
PRD-ING-042,PRD,ING,042,DOC-11,"Reversal MUST restore prior state, not delete. A finding modified by the import MUST return to its earlier state rather than disappearing.",MUST_HAVE,AUTOMATED_TEST,Active,,,compact_table
PRD-ING-043,PRD,ING,043,DOC-11,Reversal MUST be bounded to a configurable window and MUST require a permission distinct from import.,MUST_HAVE,AUTOMATED_TEST,Active,,,compact_table
PRD-ING-044,PRD,ING,044,DOC-11,"Reversal MUST be audited, and reversed findings MUST be recorded rather than erased.",MUST_HAVE,AUTOMATED_TEST,Active,,,compact_table
PRD-ING-045,PRD,ING,045,DOC-11,Tabular import MUST support reusable versioned mapping templates.,MUST_HAVE,AUTOMATED_TEST,Active,,,compact_table
PRD-ING-046,PRD,ING,046,DOC-11,"A preview MUST be presented before commitment, showing the mapped result for a sample and the disposition counts the import would produce.",MUST_HAVE,DEMONSTRATION,Active,,,compact_table
PRD-ING-047,PRD,ING,047,DOC-11,A mapping producing an anchor-creation rate above a threshold MUST warn before commitment.,MUST_HAVE,AUTOMATED_TEST,Active,,,compact_table
PRD-ING-048,PRD,ING,048,DOC-11,Migration MUST preserve original authorship and original timestamps on comments and state transitions.,MUST_HAVE,AUTOMATED_TEST,Active,,,compact_table
PRD-ING-049,PRD,ING,049,DOC-11,"Migrated records MUST be flagged as migrated with their original external identifier, and the flag MUST survive into every presentation.",MUST_HAVE,AUTOMATED_TEST,Active,,,compact_table
PRD-ING-050,PRD,ING,050,DOC-11,Authorship MUST map to platform principals where resolvable and to a clearly marked unresolved placeholder otherwise. It MUST NOT be attributed to an arbitrary existing principal.,MUST_HAVE,AUTOMATED_TEST,Active,,,compact_table
PRD-ING-051,PRD,ING,051,DOC-11,"Migration MUST be executed under an elevated permission distinct from import, MUST require step-up authentication, and MUST NOT bypass scope validation.",MUST_HAVE,AUTOMATED_TEST,Active,,,compact_table
PRD-ING-052,PRD,ING,052,DOC-11,"Migration MUST report per-record fidelity: fields carried, fields dropped, and authorship unresolved.",MUST_HAVE,AUTOMATED_TEST,Active,,,compact_table
PRD-ING-053,PRD,ING,053,DOC-11,"Scope MUST be applied at generation, not by filtering a broader result set.",MUST_HAVE,AUTOMATED_TEST|PENETRATION_TEST,Active,,,compact_table
PRD-ING-054,PRD,ING,054,DOC-11,"Credentials, secret values, and evidence content MUST be excluded from every export format, at every permission level, without exception.",MUST_HAVE,AUTOMATED_TEST|CODE_REVIEW,Active,,,compact_table
PRD-ING-055,PRD,ING,055,DOC-11,"Per-person workload data MUST be excluded unless the requesting principal holds the restricted permission, and its inclusion MUST be separately audited.",MUST_HAVE,AUTOMATED_TEST,Active,,,compact_table
PRD-ING-056,PRD,ING,056,DOC-11,"Every export MUST embed its applied scope, filters, record count, and generation time in the artifact.",MUST_HAVE,AUTOMATED_TEST,Active,,,compact_table
PRD-ING-057,PRD,ING,057,DOC-11,Exports above a configured record threshold MUST execute asynchronously with delivery by an authenticated expiring reference bound to the requesting principal's scope at generation.,MUST_HAVE,AUTOMATED_TEST|PENETRATION_TEST,Active,,,compact_table
PRD-ING-058,PRD,ING,058,DOC-11,"Export MUST support tabular, structured, and document formats, and MUST support exporting a saved query's result set.",MUST_HAVE,AUTOMATED_TEST,Active,,,compact_table
PRD-ING-059,PRD,ING,059,DOC-11,"Export operations MUST be audited with principal, applied scope, record count, format, and generation time.",MUST_HAVE,AUTOMATED_TEST,Active,,,compact_table
PRD-KBS-001,PRD,KBS,001,DOC-01,"The platform MUST support tenant-authored knowledge articles with versioning, review dates, and ownership.",MUST_HAVE,AUTOMATED_TEST,Active,,,compact_table
PRD-KBS-002,PRD,KBS,002,DOC-01,"Knowledge articles MUST be linkable to finding classes, weakness classifications, asset types, and checklist items, and the linked guidance MUST surface in context.",MUST_HAVE,AUTOMATED_TEST,Active,,,compact_table
PRD-KBS-003,PRD,KBS,003,DOC-01,"The platform MUST support internal standards, secure development guidance, and control requirement content, mapped to the assessment checklists that verify them.",SHOULD_HAVE,AUTOMATED_TEST,Active,,,compact_table
PRD-KBS-004,PRD,KBS,004,DOC-01,"Knowledge content MUST be searchable alongside work items and findings, scope-filtered where content is scoped.",MUST_HAVE,AUTOMATED_TEST,Active,,,compact_table
PRD-KBS-005,PRD,KBS,005,DOC-01,The platform MUST record which knowledge content was referenced in remediation and assessment activity.,COULD_HAVE,AUTOMATED_TEST,Active,,,compact_table
PRD-KBS-006,PRD,KBS,006,DOC-01,"Knowledge content MUST be usable as grounding for AI remediation guidance, with citation to the source article.",SHOULD_HAVE,AUTOMATED_TEST,Active,,,compact_table
PRD-KBS-007,PRD,KBS,007,DOC-01,Knowledge content MUST support internationalization of both platform-supplied and tenant-authored articles.,SHOULD_HAVE,AUTOMATED_TEST,Active,,,compact_table
PRD-NTF-001,PRD,NTF,001,DOC-01,"The platform MUST maintain a catalogue of notifiable events, each declaring its default audience, default channels, and whether it is digestible or immediate.",MUST_HAVE,DOCUMENT_INSPECTION,Active,,,compact_table
PRD-NTF-002,PRD,NTF,002,DOC-01,"The platform MUST generate notifications from domain events, including assignment, mention, state change on watched items, comment on watched items, approaching and breached service levels, information requests, and integration failures.",MUST_HAVE,AUTOMATED_TEST,Active,,,compact_table
PRD-NTF-003,PRD,NTF,003,DOC-01,"The platform MUST support delivery through in-product, email, and outbound integration channels, with channel selection per event category per user.",MUST_HAVE,AUTOMATED_TEST,Active,,,compact_table
PRD-NTF-004,PRD,NTF,004,DOC-01,"The platform MUST support digest delivery aggregating multiple events into a single scheduled notification, configurable per user.",MUST_HAVE,AUTOMATED_TEST,Active,,,compact_table
PRD-NTF-005,PRD,NTF,005,DOC-01,The platform MUST deduplicate and coalesce notifications such that a burst of related events produces one notification rather than one per event.,MUST_HAVE,AUTOMATED_TEST,Active,,,compact_table
PRD-NTF-006,PRD,NTF,006,DOC-01,The platform MUST support configurable escalation chains triggered by elapsed time without required action.,MUST_HAVE,AUTOMATED_TEST,Active,,,compact_table
PRD-NTF-007,PRD,NTF,007,DOC-01,"Notification content MUST be evaluated against the recipient's authorized scope at delivery time, and MUST NOT include data the recipient is not authorized to see.",MUST_HAVE,AUTOMATED_TEST|PENETRATION_TEST,Active,,,compact_table
PRD-NTF-008,PRD,NTF,008,DOC-01,"Notifications MUST NOT include credentials, secret values, evidence content, or personal workload data.",MUST_HAVE,AUTOMATED_TEST|CODE_REVIEW,Active,,,compact_table
PRD-NTF-009,PRD,NTF,009,DOC-01,Notification templates MUST be tenant-configurable and MUST support localization.,SHOULD_HAVE,AUTOMATED_TEST,Active,,,compact_table
PRD-NTF-010,PRD,NTF,010,DOC-01,The platform MUST provide an in-product notification centre with read state and the ability to act directly from a notification.,MUST_HAVE,DEMONSTRATION,Active,,,compact_table
PRD-NTF-011,PRD,NTF,011,DOC-01,The platform MUST record delivery outcome per notification and MUST surface persistent delivery failure to an administrator.,MUST_HAVE,AUTOMATED_TEST,Active,,,compact_table
PRD-NTF-012,PRD,NTF,012,DOC-01,"Users MUST be able to unsubscribe from any non-mandatory notification category, and the platform MUST define which categories are mandatory.",MUST_HAVE,AUTOMATED_TEST,Active,,,compact_table
PRD-NTF-013,PRD,NTF,013,DOC-13,"Notification MUST be produced by subscribing to domain events, and a domain transaction MUST NOT depend on notification success.",MUST_HAVE,AUTOMATED_TEST|ARCHITECTURE_REVIEW,Active,,,compact_table
PRD-NTF-014,PRD,NTF,014,DOC-13,"Content MUST be rendered per recipient with scope evaluated at render time, and a single rendered artifact MUST NOT be delivered to multiple recipients.",MUST_HAVE,AUTOMATED_TEST|PENETRATION_TEST,Active,,,compact_table
PRD-NTF-015,PRD,NTF,015,DOC-13,"Every notifiable event MUST be catalogued with default audience, digestibility, and mandatory status, and an uncatalogued event MUST NOT produce a notification.",MUST_HAVE,AUTOMATED_TEST,Active,,,compact_table
PRD-NTF-016,PRD,NTF,016,DOC-13,Digestibility and mandatory status MUST be product-fixed. Tenants MAY adjust audience and channel only.,MUST_HAVE,AUTOMATED_TEST,Active,,,compact_table
PRD-NTF-017,PRD,NTF,017,DOC-13,"Mandatory categories MUST NOT be unsubscribable, and break_glass.activated and audit.integrity_failed MUST additionally be non-suppressible by any in-product configuration.",MUST_HAVE,AUTOMATED_TEST|PENETRATION_TEST,Active,,,compact_table
PRD-NTF-018,PRD,NTF,018,DOC-13,The in-product channel MUST always be enabled and MUST NOT be disableable per user or per event.,MUST_HAVE,AUTOMATED_TEST,Active,,,compact_table
PRD-NTF-019,PRD,NTF,019,DOC-13,"Channel selection MUST be per event category per recipient, not global per recipient.",MUST_HAVE,AUTOMATED_TEST,Active,,,compact_table
PRD-NTF-020,PRD,NTF,020,DOC-13,"Principals MUST be able to unsubscribe from any non-mandatory category, and the platform MUST provide a single control to reduce non-mandatory volume without affecting mandatory categories.",MUST_HAVE,DEMONSTRATION,Active,,,compact_table
PRD-NTF-021,PRD,NTF,021,DOC-13,Quiet hours MUST defer non-mandatory notifications and MUST NOT suppress mandatory ones.,MUST_HAVE,AUTOMATED_TEST,Active,,,compact_table
PRD-NTF-022,PRD,NTF,022,DOC-13,"Automatic subscription on assignment, comment, or mention MUST be unsubscribable per item.",MUST_HAVE,AUTOMATED_TEST,Active,,,compact_table
PRD-NTF-023,PRD,NTF,023,DOC-13,"A bulk operation, import, or automation execution MUST produce at most one summary notification per recipient, never one per affected item.",MUST_HAVE,AUTOMATED_TEST,Active,,,compact_table
PRD-NTF-024,PRD,NTF,024,DOC-13,"Events within the coalescing window for the same recipient and object MUST merge, and the merged notification MUST state the net change rather than the sequence.",MUST_HAVE,AUTOMATED_TEST,Active,,,compact_table
PRD-NTF-025,PRD,NTF,025,DOC-13,Digest delivery MUST be configurable per recipient and MUST group by object rather than by event time.,MUST_HAVE,DEMONSTRATION,Active,,,compact_table
PRD-NTF-026,PRD,NTF,026,DOC-13,Escalation MUST NOT fire against the accountable team while a clock is paused for requester or third-party blocking. A separate chain MUST escalate the blocking party.,MUST_HAVE,AUTOMATED_TEST,Active,,,compact_table
PRD-NTF-027,PRD,NTF,027,DOC-13,Escalation MUST record each step fired so that a step is not repeated and the escalation history is auditable.,MUST_HAVE,AUTOMATED_TEST,Active,,,compact_table
PRD-NTF-028,PRD,NTF,028,DOC-13,"Escalation targets MUST be resolved at fire time, not at clock start.",MUST_HAVE,AUTOMATED_TEST,Active,,,compact_table
PRD-NTF-029,PRD,NTF,029,DOC-13,"Notification content MUST be evaluated against the recipient's authorized scope at delivery time, and MUST NOT include data the recipient is not authorized to see at that moment.",MUST_HAVE,AUTOMATED_TEST|PENETRATION_TEST,Active,,,compact_table
PRD-NTF-030,PRD,NTF,030,DOC-13,"Notification content MUST NOT include credentials, secret values, evidence content, or per-person workload data, at any permission level or channel.",MUST_HAVE,AUTOMATED_TEST|CODE_REVIEW,Active,,,compact_table
PRD-NTF-031,PRD,NTF,031,DOC-13,"Where a recipient's scope has narrowed such that the notification's subject is no longer visible to them, the notification MUST be suppressed rather than sent with content removed.",MUST_HAVE,AUTOMATED_TEST|PENETRATION_TEST,Active,,,compact_table
PRD-NTF-032,PRD,NTF,032,DOC-13,External-channel content MUST default to minimal — subject identity and a link — with detail included only where the tenant has enabled it per category.,MUST_HAVE,AUTOMATED_TEST,Active,,,compact_table
PRD-NTF-033,PRD,NTF,033,DOC-13,"Templates MUST be tenant-configurable per event and channel, and MUST be validated to reference only fields available in the event's payload.",MUST_HAVE,AUTOMATED_TEST,Active,,,compact_table
PRD-NTF-034,PRD,NTF,034,DOC-13,"Templates MUST be localizable, and content MUST be rendered in the recipient's locale with locale-aware dates, times, and numbers in the recipient's timezone.",MUST_HAVE,AUTOMATED_TEST,Active,,,compact_table
PRD-NTF-035,PRD,NTF,035,DOC-13,"Template content MUST be treated as data, never as an executable template with access to platform internals.",MUST_HAVE,AUTOMATED_TEST|CODE_REVIEW,Active,,,compact_table
PRD-NTF-036,PRD,NTF,036,DOC-13,Tenant vocabulary overrides MUST apply to notification content.,SHOULD_HAVE,DEMONSTRATION,Active,,,compact_table
PRD-NTF-037,PRD,NTF,037,DOC-13,"Inbound email MUST be associated with the originating item via an unguessable token in the reply address, and MUST NOT rely on the subject line or sender address for association.",MUST_HAVE,AUTOMATED_TEST|PENETRATION_TEST,Active,,,compact_table
PRD-NTF-038,PRD,NTF,038,DOC-13,"The inbound token MUST identify the item, the recipient, and the notification, MUST expire, and MUST be single-purpose — it MUST NOT confer any authorization beyond posting a comment on that item.",MUST_HAVE,AUTOMATED_TEST|PENETRATION_TEST,Active,,,compact_table
PRD-NTF-039,PRD,NTF,039,DOC-13,"Inbound content MUST be sanitized, MUST have quoted history and signatures stripped, and MUST be attributed to the identified recipient with the inbound origin recorded.",MUST_HAVE,AUTOMATED_TEST|PENETRATION_TEST,Active,,,compact_table
PRD-NTF-040,PRD,NTF,040,DOC-13,"Where a reply cannot be associated, the sender MUST receive a failure response.",MUST_HAVE,AUTOMATED_TEST,Active,,,compact_table
PRD-NTF-041,PRD,NTF,041,DOC-13,Immediate-category notifications MUST be dispatched within 60 seconds of the triggering event at p95.,MUST_HAVE,AUTOMATED_TEST,Active,,,compact_table
PRD-NTF-042,PRD,NTF,042,DOC-13,"Delivery MUST be retried with backoff on transient failure, MUST record outcome per notification, and MUST surface persistent failure to a tenant administrator.",MUST_HAVE,AUTOMATED_TEST,Active,,,compact_table
PRD-NTF-043,PRD,NTF,043,DOC-13,A new or changed delivery address MUST be verified before notification content is sent to it.,MUST_HAVE,AUTOMATED_TEST|PENETRATION_TEST,Active,,,compact_table
PRD-NTF-044,PRD,NTF,044,DOC-13,"Per-recipient rate limiting MUST apply, and exceeding it MUST force digest rather than discard.",MUST_HAVE,AUTOMATED_TEST,Active,,,compact_table
PRD-NTF-045,PRD,NTF,045,DOC-13,"Where every external channel for a recipient is failing or muted, mandatory notifications MUST remain visible in the in-product channel and the condition MUST be surfaced to the recipient.",MUST_HAVE,AUTOMATED_TEST,Active,,,compact_table
PRD-ORG-001,PRD,ORG,001,DOC-01,"The platform MUST represent organizational structure as a single hierarchy of OrgNode records of arbitrary depth, with node types defined per tenant.",MUST_HAVE,AUTOMATED_TEST,Active,,,compact_table
PRD-ORG-002,PRD,ORG,002,DOC-01,Hierarchy traversal MUST be supported by a closure table or equivalent structure permitting ancestor and descendant resolution in a single query at any depth.,MUST_HAVE,AUTOMATED_TEST,Active,,,compact_table
PRD-ORG-003,PRD,ORG,003,DOC-01,"Each OrgNode MUST have exactly one parent, except tenant-root nodes which have none. Cycles MUST be rejected at write time.",MUST_HAVE,AUTOMATED_TEST,Active,,,compact_table
PRD-ORG-004,PRD,ORG,004,DOC-01,"Node types MUST be tenant-defined, each declaring its permitted parent types, whether it may own assets, and whether it may be a work item scope.",MUST_HAVE,AUTOMATED_TEST,Active,,,compact_table
PRD-ORG-005,PRD,ORG,005,DOC-01,"The platform MUST support tenant vocabulary override for node type labels and for platform-wide terms in the user interface, notifications, and reports.",SHOULD_HAVE,DEMONSTRATION,Active,,,compact_table
PRD-ORG-006,PRD,ORG,006,DOC-01,"Each OrgNode MUST carry a business criticality classification, either assigned directly or inherited from its nearest ancestor with an assignment.",MUST_HAVE,AUTOMATED_TEST,Active,,,compact_table
PRD-ORG-007,PRD,ORG,007,DOC-01,"Criticality inheritance MUST be overridable at any node, with the override recorded together with a justification and the acting user.",MUST_HAVE,AUTOMATED_TEST,Active,,,compact_table
PRD-ORG-008,PRD,ORG,008,DOC-01,"Each OrgNode MUST support one or more accountable owners, distinguishing business accountability from technical accountability.",MUST_HAVE,AUTOMATED_TEST,Active,,,compact_table
PRD-ORG-009,PRD,ORG,009,DOC-01,"The platform MUST support node lifecycle states of at least ACTIVE, DEPRECATED, and ARCHIVED, and MUST NOT permit hard deletion of a node that has ever had findings, assets, or work items associated with it.",MUST_HAVE,AUTOMATED_TEST,Active,,,compact_table
PRD-ORG-010,PRD,ORG,010,DOC-01,"The platform MUST support reorganization operations — moving a node with its subtree, merging two nodes, and splitting a node — as first-class, audited operations.",MUST_HAVE,AUTOMATED_TEST,Active,,,compact_table
PRD-ORG-011,PRD,ORG,011,DOC-01,"When an OrgNode is moved, merged, or split, the platform MUST preserve the scope context in effect at the time of each historical event, such that authorization decisions and aggregate reporting for past periods remain correct and reproducible.",MUST_HAVE,AUTOMATED_TEST,Active,,,expanded
PRD-ORG-012,PRD,ORG,012,DOC-01,"The platform MUST support bulk import and ongoing synchronization of the organization hierarchy from an external authoritative source, with conflict reporting.",SHOULD_HAVE,AUTOMATED_TEST,Active,,,compact_table
PRD-ORG-013,PRD,ORG,013,DOC-01,"The platform MUST expose, for any user, the complete resolved set of nodes within their authorized scope, and MUST make that resolution available for inspection by administrators.",MUST_HAVE,AUTOMATED_TEST,Active,,,compact_table
PRD-ORG-014,PRD,ORG,014,DOC-01,"Changes to hierarchy structure, node criticality, ownership, and vocabulary MUST be audit-logged with actor, before value, after value, and timestamp.",MUST_HAVE,AUTOMATED_TEST,Active,,,compact_table
PRD-PLT-001,PRD,PLT,001,DOC-17,"Blocks 1, 2, and 4, and the transition log of block 7, MUST be delivered before any capability that writes data those mechanisms would have recorded.",MUST_HAVE,ARCHITECTURE_REVIEW|DOCUMENT_INSPECTION,Active,,,compact_table
PRD-PLT-002,PRD,PLT,002,DOC-17,"Each phase MUST be independently usable, and a phase MUST NOT depend on a later phase to deliver value.",MUST_HAVE,DOCUMENT_INSPECTION,Active,,,compact_table
PRD-PLT-003,PRD,PLT,003,DOC-17,Phase P4 MUST include a measured adoption check: whether work-item conversation occurs in the platform or elsewhere.,MUST_HAVE,DEMONSTRATION,Active,,,compact_table
PRD-PLT-004,PRD,PLT,004,DOC-17,"Descoping MUST remove whole capabilities from §6, and MUST NOT relax individual requirements within a retained capability.",MUST_HAVE,DOCUMENT_INSPECTION,Active,,,compact_table
PRD-PLT-005,PRD,PLT,005,DOC-17,"Where a capability is descoped, the mechanisms that capture data it would consume MUST still be delivered where that data cannot be reconstructed.",MUST_HAVE,ARCHITECTURE_REVIEW,Active,,,compact_table
PRD-PLT-006,PRD,PLT,006,DOC-17,"Descoping decisions MUST be recorded as decisions with their impact analysis, not as backlog deferrals.",MUST_HAVE,DOCUMENT_INSPECTION,Active,,,compact_table
PRD-PLT-007,PRD,PLT,007,DOC-17,"Onboarding MUST be deliverable as a documented, repeatable procedure with the mapping templates and import artifacts it requires.",MUST_HAVE,DOCUMENT_INSPECTION,Active,,,compact_table
PRD-PLT-008,PRD,PLT,008,DOC-17,"Imported historical data whose coverage is unknown MUST be recorded as unknown coverage, not as complete.",MUST_HAVE,AUTOMATED_TEST,Active,,,compact_table
PRD-PLT-009,PRD,PLT,009,DOC-17,The operational store and toolchain decisions MUST be made against the disqualifying constraints of §8.1 before block 1 begins.,MUST_HAVE,ARCHITECTURE_REVIEW|DOCUMENT_INSPECTION,Active,,,compact_table
PRD-PLT-010,PRD,PLT,010,DOC-17,"Hash partition counts MUST be fixed before the first production data, and the decision MUST be recorded with the sizing basis used.",MUST_HAVE,DOCUMENT_INSPECTION,Active,,,compact_table
PRD-PLT-011,PRD,PLT,011,DOC-17,"A release candidate MUST NOT ship with any MUST_HAVE requirement lacking a passing test, or with any untraced schema object or API operation.",MUST_HAVE,AUTOMATED_TEST,Active,,,compact_table
PRD-PLT-012,PRD,PLT,012,DOC-17,The requirement register MUST be regenerated and the corpus validated as a release gate.,MUST_HAVE,AUTOMATED_TEST,Active,,,compact_table
PRD-PLT-013,PRD,PLT,013,DOC-17,"Every accepted residual risk MUST be reviewed when its revisit trigger condition occurs, and the review outcome MUST be recorded.",MUST_HAVE,DOCUMENT_INSPECTION,Active,,,compact_table
PRD-PLT-014,PRD,PLT,014,DOC-17,Each release MUST record which deferred capabilities remain deferred and whether their reserved extension points are still valid.,MUST_HAVE,DOCUMENT_INSPECTION,Active,,,compact_table
PRD-PLT-015,PRD,PLT,015,DOC-17,"The platform MUST be subject to its own assessment regime before commercial release, including penetration testing covering every scenario of DOC-26 §7.",MUST_HAVE,PENETRATION_TEST,Active,,,compact_table
PRD-PTR-001,PRD,PTR,001,DOC-01,Any authenticated user MUST be able to create a test request scoped to the organization nodes they are assigned.,MUST_HAVE,AUTOMATED_TEST,Active,,,compact_table
PRD-PTR-002,PRD,PTR,002,DOC-01,"Project selection MUST be filtered server-side to the caller's authorized scope, and the selected scope MUST be re-validated server-side on write, independently of the client-supplied identifier.",MUST_HAVE,AUTOMATED_TEST|PENETRATION_TEST,Active,,,compact_table
PRD-PTR-003,PRD,PTR,003,DOC-01,The platform MUST require at least two test accounts for each declared role before a request may be accepted.,MUST_HAVE,AUTOMATED_TEST,Active,,,compact_table
PRD-PTR-004,PRD,PTR,004,DOC-01,"Test account credentials MUST be stored in a secrets vault referenced by the request, MUST be masked by default in all interfaces, MUST require an explicit audited action to reveal, and MUST be excluded from every export format without exception.",MUST_HAVE,AUTOMATED_TEST|CODE_REVIEW,Active,,,compact_table
PRD-PTR-005,PRD,PTR,005,DOC-01,"Request attachments MUST be validated by content signature against declared type, malware-scanned before becoming retrievable, stored on an isolated origin, and served non-inline.",MUST_HAVE,AUTOMATED_TEST,Active,,,compact_table
PRD-PTR-006,PRD,PTR,006,DOC-01,"API collection and specification files MUST be parsed in a hardened parser with external reference resolution disabled, document depth and size limits, and safe deserialization.",MUST_HAVE,AUTOMATED_TEST,Active,,,compact_table
PRD-PTR-007,PRD,PTR,007,DOC-01,"The platform MUST derive an endpoint inventory from uploaded API collections, validate it against the declared endpoint count, and surface material discrepancies to the requester at submission time.",MUST_HAVE,AUTOMATED_TEST,Active,,,compact_table
PRD-PTR-008,PRD,PTR,008,DOC-01,"Requests MUST capture a required completion date and, where applicable, a go-live date.",MUST_HAVE,AUTOMATED_TEST,Active,,,compact_table
PRD-PTR-009,PRD,PTR,009,DOC-01,The platform MUST require completion of an environment readiness attestation before a request may be accepted.,MUST_HAVE,DEMONSTRATION,Active,,,compact_table
PRD-PTR-010,PRD,PTR,010,DOC-01,"Any SLA clock MUST pause while a request is in a state awaiting action from the requester or a third party, with the pause reason recorded.",MUST_HAVE,AUTOMATED_TEST,Active,,,compact_table
PRD-PTR-011,PRD,PTR,011,DOC-01,The platform MUST determine applicable checklist profiles and required specialist review tracks from intake classification.,MUST_HAVE,AUTOMATED_TEST,Active,,,compact_table
PRD-PTR-012,PRD,PTR,012,DOC-01,The platform MUST flag test accounts for rotation or disablement at engagement closure and MUST require attestation of completion.,MUST_HAVE,AUTOMATED_TEST,Active,,,compact_table
PRD-PTR-013,PRD,PTR,013,DOC-01,Requests MUST capture explicit in-scope and out-of-scope items and prohibited actions.,MUST_HAVE,AUTOMATED_TEST,Active,,,compact_table
PRD-PTR-014,PRD,PTR,014,DOC-01,Requests MUST capture the specific code revision or release identifier to be tested.,MUST_HAVE,AUTOMATED_TEST,Active,,,compact_table
PRD-PTR-015,PRD,PTR,015,DOC-01,"Requests MUST capture exposure level, business criticality, personal data handling with volume indication, payment data handling, presence of AI or machine learning components, whether authentication or authorization logic changed, and third-party integration involvement.",MUST_HAVE,AUTOMATED_TEST,Active,,,compact_table
PRD-PTR-016,PRD,PTR,016,DOC-01,"Requests MUST capture test environment details including protective-control presence, and where a protective control is present the request MUST record an approved bypass or allowlist arrangement.",MUST_HAVE,AUTOMATED_TEST,Active,,,compact_table
PRD-PTR-017,PRD,PTR,017,DOC-01,"The platform MUST estimate effort from the request's technical profile using a deterministic, versioned model, and MUST record actual effort for subsequent calibration.",SHOULD_HAVE,AUTOMATED_TEST,Active,,,compact_table
PRD-PTR-018,PRD,PTR,018,DOC-01,"The platform MUST compute and display an earliest feasible start date from current backlog and capacity at submission time, and MUST warn where it is incompatible with the requester's required date.",SHOULD_HAVE,AUTOMATED_TEST,Active,,,compact_table
PRD-PTR-019,PRD,PTR,019,DOC-01,"External assessor access MUST be granted per engagement by explicit object grant, MUST NOT be derived from organizational scope inheritance, MUST be time-boxed with automatic revocation at engagement closure or grant expiry, MUST require acceptance of applicable agreements before first access, and MUST be audited at elevated granularity.",MUST_HAVE,AUTOMATED_TEST|PENETRATION_TEST,Active,,,expanded
PRD-PTR-020,PRD,PTR,020,DOC-01,The platform MUST detect probable duplicate requests at submission and offer linking or merging.,SHOULD_HAVE,AUTOMATED_TEST,Active,,,compact_table
PRD-PTR-021,PRD,PTR,021,DOC-01,"Where testing spans multiple projects, the platform MUST model this as a request group containing one request per project rather than one request with multiple project scopes.",MUST_HAVE,AUTOMATED_TEST,Active,,,compact_table
PRD-PTR-022,PRD,PTR,022,DOC-01,The platform MUST verify test account validity before engagement start and MUST transition the request to a blocked state with a paused clock where accounts are unusable.,SHOULD_HAVE,AUTOMATED_TEST,Active,,,compact_table
PRD-PTR-023,PRD,PTR,023,DOC-01,"Requests MUST record a technical contact, a business contact, and an escalation contact reachable during the test window.",MUST_HAVE,AUTOMATED_TEST,Active,,,compact_table
PRD-PTR-024,PRD,PTR,024,DOC-01,The platform MUST support configurable approval gates before a request enters the security team's backlog.,SHOULD_HAVE,DEMONSTRATION,Active,,,compact_table
PRD-PTR-025,PRD,PTR,025,DOC-01,"The platform MUST surface, at intake, existing unresolved findings of significant severity on the target's assets.",SHOULD_HAVE,AUTOMATED_TEST,Active,,,compact_table
PRD-RSK-001,PRD,RSK,001,DOC-01,Risk scores MUST be computed deterministically from recorded inputs. AI MUST NOT participate in score computation.,MUST_HAVE,AUTOMATED_TEST,Active,,,compact_table
PRD-RSK-002,PRD,RSK,002,DOC-01,"The scoring model MUST be versioned, and every computed score MUST record the model version, the input values, and the computation timestamp.",MUST_HAVE,AUTOMATED_TEST,Active,,,compact_table
PRD-RSK-003,PRD,RSK,003,DOC-01,"Risk scores MUST incorporate, at minimum: finding severity, exploit likelihood, known-exploited status, asset exposure, asset business criticality, and data sensitivity.",MUST_HAVE,AUTOMATED_TEST,Active,,,compact_table
PRD-RSK-004,PRD,RSK,004,DOC-01,Factor weights MUST be tenant-configurable within validated bounds; the model's factor set and structural form MUST be product-fixed.,MUST_HAVE,AUTOMATED_TEST,Active,,,compact_table
PRD-RSK-005,PRD,RSK,005,DOC-01,"The platform MUST provide a factor-level explanation of any score, showing each factor's input value and contribution.",MUST_HAVE,AUTOMATED_TEST,Active,,,compact_table
PRD-RSK-006,PRD,RSK,006,DOC-01,The platform MUST reproduce any historical score from its recorded inputs and model version.,MUST_HAVE,AUTOMATED_TEST,Active,,,compact_table
PRD-RSK-007,PRD,RSK,007,DOC-01,"When a score changes, the platform MUST identify which input changed and the resulting delta.",MUST_HAVE,AUTOMATED_TEST,Active,,,compact_table
PRD-RSK-008,PRD,RSK,008,DOC-01,"The platform MUST compute aggregate posture scores at any organization node, normalized for portfolio size and criticality composition to support comparison.",MUST_HAVE,AUTOMATED_TEST,Active,,,compact_table
PRD-RSK-009,PRD,RSK,009,DOC-01,Aggregate scores MUST incorporate and display the coverage and freshness of their underlying data.,MUST_HAVE,AUTOMATED_TEST,Active,,,compact_table
PRD-RSK-010,PRD,RSK,010,DOC-01,"The platform MUST implement controls against score manipulation, at minimum: audited severity override, distinguished closure reasons, exception visibility in scored posture, and detection of anomalous bulk state changes.",MUST_HAVE,AUTOMATED_TEST,Active,,,compact_table
PRD-RSK-011,PRD,RSK,011,DOC-01,The platform MUST support tenant-configurable service level policies mapping finding characteristics to remediation deadlines.,MUST_HAVE,AUTOMATED_TEST,Active,,,compact_table
PRD-RSK-012,PRD,RSK,012,DOC-01,"Service level computation MUST be business-calendar aware, supporting per-tenant working days, holidays, and time zones.",MUST_HAVE,AUTOMATED_TEST,Active,,,compact_table
PRD-RSK-013,PRD,RSK,013,DOC-01,"Service level clocks MUST support pause with recorded attribution, and elapsed paused time MUST be reportable separately.",MUST_HAVE,AUTOMATED_TEST,Active,,,compact_table
PRD-RSK-014,PRD,RSK,014,DOC-01,The platform MUST detect approaching and breached service levels and MUST trigger configurable escalation.,MUST_HAVE,AUTOMATED_TEST,Active,,,compact_table
PRD-RSK-015,PRD,RSK,015,DOC-01,"The platform MUST support recorded, approved extension of a service level deadline, distinct from breach.",SHOULD_HAVE,AUTOMATED_TEST,Active,,,compact_table
PRD-RSK-016,PRD,RSK,016,DOC-28,"The formula MUST be a weighted sum of normalized factors modified by a contextual multiplier derived as the maximum of the contextual factors, with a floor preventing a zero multiplier.",MUST_HAVE,AUTOMATED_TEST,Active,,,compact_table
PRD-RSK-017,PRD,RSK,017,DOC-28,"Every factor MUST normalize to [0, 1] before weighting, and every normalization MUST be recorded with the score.",MUST_HAVE,AUTOMATED_TEST,Active,,,compact_table
PRD-RSK-018,PRD,RSK,018,DOC-28,"Where a factor's input is unavailable, the platform MUST apply a documented fallback and MUST record that the fallback was used. It MUST NOT silently substitute zero.",MUST_HAVE,AUTOMATED_TEST,Active,,,compact_table
PRD-RSK-019,PRD,RSK,019,DOC-28,Scores MUST be presented as bands with the numeric value secondary.,MUST_HAVE,DOCUMENT_INSPECTION,Active,,,compact_table
PRD-RSK-020,PRD,RSK,020,DOC-28,"Weights MUST be validated against per-factor bounds at configuration time, and an out-of-bounds configuration MUST be rejected with a specific diagnosis.",MUST_HAVE,AUTOMATED_TEST,Active,,,compact_table
PRD-RSK-021,PRD,RSK,021,DOC-28,"Weight changes MUST require elevated permission distinct from operational permissions, MUST be audited with before and after values, and MUST NOT take effect on existing scores until an explicit recomputation is initiated.",MUST_HAVE,AUTOMATED_TEST,Active,,,compact_table
PRD-RSK-022,PRD,RSK,022,DOC-28,The platform MUST support previewing the effect of a weight change on a sample of the tenant's findings before activation.,SHOULD_HAVE,DEMONSTRATION,Active,,,compact_table
PRD-RSK-023,PRD,RSK,023,DOC-28,"A score MUST record sufficient input detail that its value can be recomputed identically without access to any other data, including data that has since changed.",MUST_HAVE,AUTOMATED_TEST,Active,,,compact_table
PRD-RSK-024,PRD,RSK,024,DOC-28,"Scores MUST be immutable. A recomputation creates a new score, and the prior score MUST be retained for the configured retention period.",MUST_HAVE,AUTOMATED_TEST,Active,,,compact_table
PRD-RSK-025,PRD,RSK,025,DOC-28,"Score change attribution MUST identify the changed inputs and their contribution to the delta, and MUST distinguish a change caused by population shift from one caused by a change to the finding or its asset.",MUST_HAVE,AUTOMATED_TEST,Active,,,compact_table
PRD-RSK-026,PRD,RSK,026,DOC-28,"Where an aggregate posture score improves, the platform MUST determine whether the improvement is attributable to remediation or to reduced coverage, and MUST present the distinction.",MUST_HAVE,AUTOMATED_TEST,Active,,,compact_table
PRD-RSK-027,PRD,RSK,027,DOC-28,"Every aggregate score MUST carry a coverage qualifier, and a score at INSUFFICIENT confidence MUST be presented as a coverage gap rather than as a posture figure.",MUST_HAVE,AUTOMATED_TEST|DOCUMENT_INSPECTION,Active,,,compact_table
PRD-RSK-028,PRD,RSK,028,DOC-28,"Coverage MUST NOT be improvable by any action other than acquiring data. In particular, retiring or excluding unmeasured assets MUST NOT raise the coverage ratio.",MUST_HAVE,AUTOMATED_TEST,Active,,,compact_table
PRD-RSK-029,PRD,RSK,029,DOC-28,Node-level posture MUST NOT be a sum of finding scores. It MUST be size-normalized and MUST include an explicit penalty for unmeasured scope.,MUST_HAVE,AUTOMATED_TEST,Active,,,compact_table
PRD-RSK-030,PRD,RSK,030,DOC-28,Comparative presentation MUST state the normalization applied and the coverage of each compared entity.,MUST_HAVE,AUTOMATED_TEST|DOCUMENT_INSPECTION,Active,,,compact_table
PRD-RSK-031,PRD,RSK,031,DOC-28,Comparative presentation MUST enforce a minimum comparison-set size or suppress.,MUST_HAVE,AUTOMATED_TEST,Active,,,compact_table
PRD-RSK-032,PRD,RSK,032,DOC-28,"A clock MUST pin its policy version at start, and a later policy change MUST NOT move an existing deadline.",MUST_HAVE,AUTOMATED_TEST,Active,,,compact_table
PRD-RSK-033,PRD,RSK,033,DOC-28,"Duration MUST be computed in business time using the tenant's configured calendar and timezone, and calendar changes MUST NOT retroactively alter existing due dates.",MUST_HAVE,AUTOMATED_TEST,Active,,,compact_table
PRD-RSK-034,PRD,RSK,034,DOC-28,"Pausing MUST require a blocking attribution from an enumerated set, and paused time MUST be reportable separately from elapsed time.",MUST_HAVE,AUTOMATED_TEST,Active,,,compact_table
PRD-RSK-035,PRD,RSK,035,DOC-28,"Where a score increases such that a shorter policy applies, the platform MUST recompute the deadline from the original start using the new policy, and MUST NOT restart the clock.",MUST_HAVE,AUTOMATED_TEST,Active,,,compact_table
PRD-RSK-036,PRD,RSK,036,DOC-28,"Where a score decreases, the deadline MUST NOT be extended automatically. Extension MUST require an approved, recorded action.",MUST_HAVE,AUTOMATED_TEST,Active,,,compact_table
PRD-RSK-037,PRD,RSK,037,DOC-28,Escalation MUST NOT fire while a clock is paused for requester or third-party blocking.,MUST_HAVE,AUTOMATED_TEST,Active,,,compact_table
PRD-RSK-038,PRD,RSK,038,DOC-28,"Effort estimation MUST be deterministic and versioned, and AI MUST NOT produce the estimate.",MUST_HAVE,AUTOMATED_TEST,Active,,,compact_table
PRD-RSK-039,PRD,RSK,039,DOC-28,The platform MUST record estimated against actual effort and MUST expose estimation bias by assessment type and platform type.,MUST_HAVE,AUTOMATED_TEST,Active,,,compact_table
PRD-RSK-040,PRD,RSK,040,DOC-28,"Estimates MUST carry a confidence indication derived from the volume of calibration data for that type, and MUST be presented as low-confidence below a configured threshold of completed comparable items.",MUST_HAVE,AUTOMATED_TEST|DOCUMENT_INSPECTION,Active,,,compact_table
PRD-RSK-041,PRD,RSK,041,DOC-28,"The platform MUST detect and surface anomalous rates of score-reducing actions — bulk closure as not-applicable, severity downgrade, criticality downgrade, exposure downgrade, suppression, and retirement — per principal and per organization node.",MUST_HAVE,AUTOMATED_TEST,Active,,,compact_table
PRD-RSK-042,PRD,RSK,042,DOC-28,Reporting MUST distinguish verified remediation from other closure reasons wherever a closure or improvement figure is presented.,MUST_HAVE,AUTOMATED_TEST|DOCUMENT_INSPECTION,Active,,,compact_table
PRD-RSK-043,PRD,RSK,043,DOC-28,"Score-affecting configuration — weights, thresholds, criticality tiers, service level policies — MUST require elevated permission, MUST be audited, and MUST be reported in a periodic configuration-change summary.",MUST_HAVE,AUTOMATED_TEST,Active,,,compact_table
PRD-RSK-044,PRD,RSK,044,DOC-28,"Score explanation MUST be generated from the recorded factor breakdown, and any generated explanation reaching a conclusion inconsistent with the recorded contributions MUST be rejected by output validation rather than presented.",MUST_HAVE,AUTOMATED_TEST|MANUAL_TEST,Active,,,compact_table
PRD-RSK-045,PRD,RSK,045,DOC-28,"A non-AI factor breakdown presentation MUST be available for every score, independently of AI availability.",MUST_HAVE,AUTOMATED_TEST,Active,,,compact_table
PRD-RSK-046,PRD,RSK,046,DOC-28,"The scoring model MUST be validated against the tenant's own historical finding data before a weight configuration is activated for production use, and the validation outcome MUST be recorded with the model version.",MUST_HAVE,DEMONSTRATION,Active,,,compact_table
PRD-RSK-047,PRD,RSK,047,DOC-28,"The platform MUST expose the concordance between score ranking and practitioner-assigned priority, as an ongoing model quality measure.",SHOULD_HAVE,AUTOMATED_TEST,Active,,,compact_table
PRD-SBM-002,PRD,SBM,002,DOC-01,Matching MUST execute asynchronously as a background operation. No synchronous matching endpoint SHALL be exposed.,MUST_HAVE,AUTOMATED_TEST,Active,,,compact_table
PRD-SBM-003,PRD,SBM,003,DOC-01,"The platform MUST support batch matching over a scope-based selection with configurable concurrency, defaulting to one concurrent operation.",MUST_HAVE,AUTOMATED_TEST,Active,,,compact_table
PRD-SBM-004,PRD,SBM,004,DOC-01,Interactive and batch matching MUST use isolated queue classes such that interactive operations are never blocked behind a batch.,MUST_HAVE,AUTOMATED_TEST,Active,,,compact_table
PRD-SBM-005,PRD,SBM,005,DOC-01,"Batch ordering MUST be weighted by asset business criticality and by time since last successful match, not first-in-first-out.",MUST_HAVE,AUTOMATED_TEST,Active,,,compact_table
PRD-SBM-007,PRD,SBM,007,DOC-01,"SBOM snapshots MUST be immutable, content-hash identified, and associated with an artifact identity and where available a revision identifier.",MUST_HAVE,AUTOMATED_TEST,Active,,,compact_table
PRD-SBM-009,PRD,SBM,009,DOC-01,The platform MUST NOT execute project build tooling or dependency resolution.,MUST_HAVE,CODE_REVIEW,Active,,,compact_table
PRD-SBM-010,PRD,SBM,010,DOC-01,"The platform MUST NOT close findings on the basis of a match operation that did not complete successfully with confirmed coverage, and MUST NOT close findings where intelligence data was stale.",MUST_HAVE,AUTOMATED_TEST,Active,,,compact_table
PRD-SBM-011,PRD,SBM,011,DOC-01,Match results MUST flow through the same normalization and deduplication pipeline as ingested scanner results.,MUST_HAVE,AUTOMATED_TEST,Active,,,compact_table
PRD-SBM-012,PRD,SBM,012,DOC-01,Match operations MUST use lease-based work claiming with automatic reclamation of expired leases and bounded retry with backoff.,MUST_HAVE,AUTOMATED_TEST,Active,,,compact_table
PRD-SBM-013,PRD,SBM,013,DOC-01,"Every match operation MUST record the vulnerability intelligence version used, and the platform MUST support offline intelligence provisioning for air-gapped deployment.",MUST_HAVE,AUTOMATED_TEST,Active,,,compact_table
PRD-SBM-014,PRD,SBM,014,DOC-01,"The platform MUST expose an authenticated API accepting SBOM submissions, associating each with an organization scope and a build artifact identity. Manual upload MUST be available as a fallback. The platform MUST NOT acquire SBOMs by any other automated means in this release.",MUST_HAVE,AUTOMATED_TEST|DEMONSTRATION,Active,PRD-SBM-001,,expanded
PRD-SBM-015,PRD,SBM,015,DOC-01,"The platform MUST validate submitted SBOMs against format conformance and completeness criteria, MUST compute and expose a quality score, MUST reject submissions below a configurable rejection threshold, and MUST warn on submissions below an acceptance threshold. A submission containing zero components MUST be rejected.",MUST_HAVE,AUTOMATED_TEST,Active,,,expanded
PRD-SBM-016,PRD,SBM,016,DOC-01,"The platform MUST re-match stored snapshots against updated vulnerability intelligence without requiring resubmission, and MUST do so automatically on intelligence update.",MUST_HAVE,AUTOMATED_TEST,Active,PRD-SBM-006,,compact_table
PRD-SBM-017,PRD,SBM,017,DOC-01,"The platform MUST support on-demand re-matching for a selected scope, initiated by an authorized user.",MUST_HAVE,AUTOMATED_TEST,Active,,,compact_table
PRD-SBM-018,PRD,SBM,018,DOC-01,"The platform MUST compute a component change set between consecutive snapshots of the same artifact, identifying added, removed, and version-changed components.",SHOULD_HAVE,AUTOMATED_TEST,Active,,,compact_table
PRD-SBM-019,PRD,SBM,019,DOC-01,"Findings closed by automatic match-based resolution MUST record the resolving snapshot, the previous and current component versions, and the intelligence version, and MUST be distinguishable from human-verified closure.",MUST_HAVE,AUTOMATED_TEST,Active,,,compact_table
PRD-SBM-020,PRD,SBM,020,DOC-01,"The platform MUST expose SBOM coverage as a first-class metric: assets and organization nodes with no SBOM ever submitted, distinguished from those with current data.",MUST_HAVE,AUTOMATED_TEST,Active,,,compact_table
PRD-SBM-021,PRD,SBM,021,DOC-01,"The platform MUST compute SBOM age per asset and MUST support tenant-configurable freshness service levels by business criticality, with breach surfaced as a coverage gap.",MUST_HAVE,AUTOMATED_TEST,Active,,,compact_table
PRD-SBM-022,PRD,SBM,022,DOC-01,"Every metric, dashboard element, and report section derived from SBOM data MUST display the coverage and freshness of the data supporting it.",MUST_HAVE,AUTOMATED_TEST|DOCUMENT_INSPECTION,Active,,,compact_table
PRD-SBM-023,PRD,SBM,023,DOC-01,"The platform MUST maintain queues of assets with no SBOM and assets with stale SBOMs, with configurable escalation to accountable owners.",MUST_HAVE,AUTOMATED_TEST,Active,,,compact_table
PRD-SBM-024,PRD,SBM,024,DOC-01,"The platform MUST expose submission health per integration credential, including last successful submission, failure count, and last failure reason.",MUST_HAVE,AUTOMATED_TEST,Active,,,compact_table
PRD-SBM-025,PRD,SBM,025,DOC-22,Submission MUST re-validate the submitted project reference against the credential's pinned scope and MUST NOT trust it from the payload.,MUST_HAVE,AUTOMATED_TEST|PENETRATION_TEST,Active,,,compact_table
PRD-SBM-026,PRD,SBM,026,DOC-22,"Where the named artifact does not exist in the asset graph, submission MUST create it in an UNCLAIMED state and queue it for ownership resolution. It MUST NOT reject the submission and MUST NOT silently discard it.",MUST_HAVE,AUTOMATED_TEST,Active,,,compact_table
PRD-SBM-027,PRD,SBM,027,DOC-22,"Submission MUST return the computed quality score and every warning in the response body, not only in a server-side log.",MUST_HAVE,AUTOMATED_TEST,Active,,,compact_table
PRD-SBM-028,PRD,SBM,028,DOC-22,"Submission MUST be rate-limited per credential, and the limit MUST accommodate the platform's own documented reference integration pattern without throttling.",MUST_HAVE,AUTOMATED_TEST,Active,,,compact_table
PRD-SBM-029,PRD,SBM,029,DOC-22,A submission with zero components MUST be rejected.,MUST_HAVE,AUTOMATED_TEST,Active,,,compact_table
PRD-SBM-030,PRD,SBM,030,DOC-22,"Quality thresholds MUST be tenant-configurable within product-defined bounds, and the rejection threshold MUST NOT be configurable below the product floor.",MUST_HAVE,AUTOMATED_TEST,Active,,,compact_table
PRD-SBM-031,PRD,SBM,031,DOC-22,The quality score MUST be computed by the platform from the document and MUST NOT be accepted from the submitter.,MUST_HAVE,AUTOMATED_TEST|CODE_REVIEW,Active,,,compact_table
PRD-SBM-032,PRD,SBM,032,DOC-22,"Quality score MUST be visible on the asset and in coverage reporting, and an asset whose latest snapshot is below the warning threshold MUST be treated as partially covered rather than covered.",MUST_HAVE,AUTOMATED_TEST,Active,,,compact_table
PRD-SBM-033,PRD,SBM,033,DOC-22,"A snapshot MUST be immutable after acceptance, and its identity MUST be its content hash. Resubmitting identical content MUST return the existing snapshot rather than creating a second.",MUST_HAVE,AUTOMATED_TEST,Active,,,compact_table
PRD-SBM-034,PRD,SBM,034,DOC-22,The platform MUST retain snapshot history per artifact for a configurable period sufficient to compute change sets and to reproduce a historical match result.,MUST_HAVE,AUTOMATED_TEST,Active,,,compact_table
PRD-SBM-035,PRD,SBM,035,DOC-22,"Components MUST be stored canonicalized per ecosystem, with the original identifier retained alongside.",MUST_HAVE,AUTOMATED_TEST,Active,,,compact_table
PRD-SBM-036,PRD,SBM,036,DOC-22,"Canonicalization MUST be per-ecosystem, deterministic, and versioned, and the version MUST be recorded on every match run.",MUST_HAVE,AUTOMATED_TEST,Active,,,compact_table
PRD-SBM-037,PRD,SBM,037,DOC-22,"A component whose identifier cannot be canonicalized MUST be recorded as unmatchable with the reason, and MUST count against the snapshot's quality score. It MUST NOT be silently skipped.",MUST_HAVE,AUTOMATED_TEST,Active,,,compact_table
PRD-SBM-038,PRD,SBM,038,DOC-22,"Version comparison MUST use the ordering rules of the component's ecosystem, and the platform MUST NOT apply a single comparison scheme across ecosystems.",MUST_HAVE,AUTOMATED_TEST,Active,,,compact_table
PRD-SBM-039,PRD,SBM,039,DOC-22,"Where the platform cannot determine ordering for a component's version scheme, it MUST record the match as INDETERMINATE rather than asserting either presence or absence.",MUST_HAVE,AUTOMATED_TEST,Active,,,compact_table
PRD-SBM-040,PRD,SBM,040,DOC-22,"Where distribution-level patch metadata is available, it MUST take precedence over upstream version range comparison.",MUST_HAVE,AUTOMATED_TEST,Active,,,compact_table
PRD-SBM-041,PRD,SBM,041,DOC-22,"The test corpus MUST include, per supported ecosystem, cases covering pre-release ordering, epoch and revision components, boundary inclusivity, disjoint affected ranges, and backported patch metadata.",MUST_HAVE,AUTOMATED_TEST,Active,,,compact_table
PRD-SBM-042,PRD,SBM,042,DOC-22,"Exploitability statements MUST be applied at match time, and a suppressed candidate MUST be recorded as suppressed with the statement reference rather than omitted.",MUST_HAVE,AUTOMATED_TEST,Active,,,compact_table
PRD-SBM-043,PRD,SBM,043,DOC-22,"Statements authored by the tenant MUST be stored in the tenant's partition. Supplier-published statements accompanying a component MAY be shared as public data, and authorship MUST be recorded per statement.",MUST_HAVE,AUTOMATED_TEST,Active,,,compact_table
PRD-SBM-044,PRD,SBM,044,DOC-22,"Intelligence updates MUST trigger a portfolio re-match automatically, without requiring resubmission.",MUST_HAVE,AUTOMATED_TEST,Active,,,compact_table
PRD-SBM-045,PRD,SBM,045,DOC-22,"Batch ordering MUST be weighted by asset business criticality and by time since last successful match, and MUST NOT be arrival order.",MUST_HAVE,AUTOMATED_TEST,Active,,,compact_table
PRD-SBM-046,PRD,SBM,046,DOC-22,A known-exploited catalogue update MUST take priority over an ordinary intelligence update sweep.,MUST_HAVE,AUTOMATED_TEST,Active,,,compact_table
PRD-SBM-047,PRD,SBM,047,DOC-22,"A match run MUST be idempotent on a key derived from snapshot content hash, intelligence version, matcher version, and canonicalization version.",MUST_HAVE,AUTOMATED_TEST,Active,,,compact_table
PRD-SBM-048,PRD,SBM,048,DOC-22,"A run MUST hold a lease with expiry and automatic reclamation, and MUST NOT rely on heartbeat liveness alone.",MUST_HAVE,AUTOMATED_TEST,Active,,,compact_table
PRD-SBM-049,PRD,SBM,049,DOC-22,"A batch sweep MUST be pausable and resumable without losing completed work, and MUST report progress including skipped and failed counts.",MUST_HAVE,AUTOMATED_TEST,Active,,,compact_table
PRD-SBM-050,PRD,SBM,050,DOC-22,"Where snapshot content hash, intelligence version, matcher version, and canonicalization version are all unchanged since the last successful run, the run MAY be skipped, and the skip MUST be recorded as a run with outcome SKIPPED_NO_CHANGE.",MUST_HAVE,AUTOMATED_TEST,Active,,,compact_table
PRD-SBM-051,PRD,SBM,051,DOC-22,The platform MUST compute a component change set between consecutive snapshots and MUST surface newly introduced vulnerable components distinctly from long-standing ones.,MUST_HAVE,AUTOMATED_TEST,Active,,,compact_table
PRD-SBM-052,PRD,SBM,052,DOC-22,A downgrade MUST be surfaced explicitly.,SHOULD_HAVE,AUTOMATED_TEST,Active,,,compact_table
PRD-SBM-053,PRD,SBM,053,DOC-22,"A match run MUST NOT drive finding closure unless it completed successfully, with confirmed coverage, against non-stale intelligence, over a snapshot whose quality is above the warning threshold.",MUST_HAVE,AUTOMATED_TEST,Active,,,compact_table
PRD-SBM-054,PRD,SBM,054,DOC-22,"Automatic closure MUST record the resolving snapshot, the previous and current component versions, the intelligence version, and the matcher version, and MUST be distinguishable from human-verified closure in every report.",MUST_HAVE,AUTOMATED_TEST,Active,,,compact_table
PRD-SBM-055,PRD,SBM,055,DOC-22,"Where a component is absent from a new snapshot but the snapshot's ecosystem coverage does not include that component's ecosystem, the finding MUST NOT be closed.",MUST_HAVE,AUTOMATED_TEST,Active,,,compact_table
PRD-SBM-056,PRD,SBM,056,DOC-22,"An asset with no snapshot MUST appear in coverage reporting as NEVER_SUBMITTED, and MUST NOT be absent from dependency reporting.",MUST_HAVE,AUTOMATED_TEST,Active,,,compact_table
PRD-SBM-057,PRD,SBM,057,DOC-22,"Every figure derived from composition data MUST be accompanied by the coverage and freshness of the data supporting it, materialized with the figure rather than computed at presentation.",MUST_HAVE,AUTOMATED_TEST|DOCUMENT_INSPECTION,Active,,,compact_table
PRD-SBM-058,PRD,SBM,058,DOC-22,"The platform MUST maintain actionable queues for NEVER_SUBMITTED, STALE, and PARTIAL assets, with escalation to the accountable owner.",MUST_HAVE,AUTOMATED_TEST,Active,,,compact_table
PRD-SBM-059,PRD,SBM,059,DOC-22,"Submission health MUST be observable per credential, including last successful submission, consecutive failure count, and last failure reason.",MUST_HAVE,AUTOMATED_TEST,Active,,,compact_table
PRD-SBM-060,PRD,SBM,060,DOC-22,"Coverage MUST NOT be improvable by any action other than acquiring data. Retiring, excluding, or reclassifying unmeasured assets MUST NOT raise a coverage ratio.",MUST_HAVE,AUTOMATED_TEST,Active,,,compact_table
PRD-SBM-061,PRD,SBM,061,DOC-22,"Every match run MUST record the intelligence dataset version used, and staleness MUST be surfaced on findings produced or confirmed by that run.",MUST_HAVE,AUTOMATED_TEST,Active,,,compact_table
PRD-SBM-062,PRD,SBM,062,DOC-22,The platform MUST support offline provisioning of intelligence through a signed bundle whose signature and integrity are verified before use.,MUST_HAVE,AUTOMATED_TEST,Active,,,compact_table
PRD-SBM-063,PRD,SBM,063,DOC-22,Intelligence update failure MUST NOT halt matching. Matching MUST continue against the last verified version with staleness recorded.,MUST_HAVE,AUTOMATED_TEST,Active,,,compact_table
PRD-SBM-064,PRD,SBM,064,DOC-22,Intelligence age MUST be visible in the interface and MUST alert beyond a configured threshold.,MUST_HAVE,AUTOMATED_TEST,Active,,,compact_table
PRD-SBM-065,PRD,SBM,065,DOC-22,"No failure in this module MUST result in finding closure, coverage improvement, or a favourable posture change.",MUST_HAVE,AUTOMATED_TEST|CODE_REVIEW,Active,,,compact_table
PRD-TEN-001,PRD,TEN,001,DOC-01,"Every tenant-scoped record MUST carry a tenant identifier, and isolation MUST be enforced at the persistence layer such that omitting a tenant predicate in application code cannot return cross-tenant data.",MUST_HAVE,AUTOMATED_TEST|PENETRATION_TEST,Active,,,compact_table
PRD-TEN-002,PRD,TEN,002,DOC-01,"Tenant data MUST be encrypted at rest with per-tenant key material, and key access MUST be scoped to the tenant.",MUST_HAVE,AUTOMATED_TEST,Active,,,compact_table
PRD-TEN-003,PRD,TEN,003,DOC-01,"The platform MUST support tenant-level data residency pinning, and MUST enforce that pinned data does not leave its designated region including through backup, logging, telemetry, notification, and AI provider paths.",MUST_HAVE,AUTOMATED_TEST,Active,,,compact_table
PRD-TEN-004,PRD,TEN,004,DOC-01,"Tenant configuration, including roles, workflows, custom fields, taxonomies, scoring weights, and vocabulary, MUST be isolated per tenant with no shared mutable state.",MUST_HAVE,AUTOMATED_TEST,Active,,,compact_table
PRD-TEN-005,PRD,TEN,005,DOC-01,"No operation MUST span tenants, including background jobs, search, aggregation, AI context assembly, and export. Cross-tenant aggregation MUST require explicit tenant opt-in and MUST be irreversibly anonymised.",MUST_HAVE,AUTOMATED_TEST|PENETRATION_TEST,Active,,,compact_table
PRD-TEN-006,PRD,TEN,006,DOC-01,The platform MUST enforce per-tenant resource controls preventing one tenant's usage from degrading another's service.,MUST_HAVE,AUTOMATED_TEST,Active,,,compact_table
PRD-TEN-007,PRD,TEN,007,DOC-01,"Tenant lifecycle operations — provisioning, suspension, reactivation, and offboarding — MUST be supported as audited operations with defined data treatment at each stage.",MUST_HAVE,AUTOMATED_TEST,Active,,,compact_table
PRD-TEN-008,PRD,TEN,008,DOC-01,"On offboarding the platform MUST provide complete tenant data export in documented formats, followed on request by verifiable deletion.",MUST_HAVE,AUTOMATED_TEST,Active,,,compact_table
PRD-TEN-009,PRD,TEN,009,DOC-01,Platform operators MUST NOT have standing access to tenant business data; access MUST require break-glass per PRD-IAM-011.,MUST_HAVE,AUTOMATED_TEST,Active,,,compact_table
PRD-TEN-010,PRD,TEN,010,DOC-01,"Single-tenant and air-gapped deployments MUST use the same tenancy model as multi-tenant, with a single tenant rather than a distinct code path.",MUST_HAVE,ARCHITECTURE_REVIEW,Active,,,compact_table
PRD-UIX-001,PRD,UIX,001,DOC-08,Every visual value MUST be a token. Literal values MUST NOT appear in components.,MUST_HAVE,AUTOMATED_TEST|CODE_REVIEW,Active,,,compact_table
PRD-UIX-002,PRD,UIX,002,DOC-08,"Status tokens MUST be distinguishable without colour, and the data palette MUST be ordered and distinguishable in monochrome and under deuteranopia, protanopia, and tritanopia.",MUST_HAVE,AUTOMATED_TEST|MANUAL_TEST,Active,,,compact_table
PRD-UIX-003,PRD,UIX,003,DOC-08,"duration-instant MUST be used for any transition on a surface the user is actively working in, and no animation MUST delay the availability of an interactive element.",MUST_HAVE,MANUAL_TEST,Active,,,compact_table
PRD-UIX-004,PRD,UIX,004,DOC-08,"Density MUST be user-selectable and MUST affect spacing and control size only, never font size below the base.",MUST_HAVE,DEMONSTRATION,Active,,,compact_table
PRD-UIX-005,PRD,UIX,005,DOC-08,"Identifiers, versions, package identifiers, hashes, and payload fragments MUST be rendered in a monospace face with unambiguous zero, one, and letter forms.",MUST_HAVE,MANUAL_TEST,Active,,,compact_table
PRD-UIX-006,PRD,UIX,006,DOC-08,Both themes MUST meet the contrast requirements of INT-UIX-001 independently. Neither MUST be derived by inverting the other.,MUST_HAVE,AUTOMATED_TEST,Active,,,compact_table
PRD-UIX-007,PRD,UIX,007,DOC-08,"Theme selection MUST follow the operating system preference by default and MUST be overridable per user, with the choice persisted.",MUST_HAVE,DEMONSTRATION,Active,,,compact_table
PRD-UIX-008,PRD,UIX,008,DOC-08,"Status colour MUST be consistent across every surface: a severity, a service level state, or a coverage confidence MUST use the same token everywhere it appears.",MUST_HAVE,CODE_REVIEW,Active,,,compact_table
PRD-UIX-009,PRD,UIX,009,DOC-08,"The interface MUST NOT assume a fixed hierarchy depth or fixed level names, and MUST render tenant-configured node type labels including vocabulary overrides.",MUST_HAVE,AUTOMATED_TEST,Active,,,compact_table
PRD-UIX-010,PRD,UIX,010,DOC-08,Breadcrumbs MUST begin at the caller's scope root and MUST NOT display or imply ancestors outside their scope.,MUST_HAVE,AUTOMATED_TEST|PENETRATION_TEST,Active,,,compact_table
PRD-UIX-011,PRD,UIX,011,DOC-08,The current scope MUST be visible on every surface that presents scoped data.,MUST_HAVE,MANUAL_TEST,Active,,,compact_table
PRD-UIX-012,PRD,UIX,012,DOC-08,Every object MUST be reachable by its human-facing code through the command interface.,MUST_HAVE,AUTOMATED_TEST,Active,,,compact_table
PRD-UIX-013,PRD,UIX,013,DOC-08,Every action available by pointer MUST be available by keyboard. A pointer-only capability MUST NOT exist.,MUST_HAVE,AUTOMATED_TEST|MANUAL_TEST,Active,,,compact_table
PRD-UIX-014,PRD,UIX,014,DOC-08,"Destructive and irreversible actions MUST require an explicit confirmation that is not the default focus target, and MUST state what will happen rather than asking for generic confirmation.",MUST_HAVE,MANUAL_TEST,Active,,,compact_table
PRD-UIX-015,PRD,UIX,015,DOC-08,"Optimistic update MUST be used for state changes with a visible reconciliation on failure, and MUST NOT be used where the server may reject on a guard the client cannot evaluate.",MUST_HAVE,MANUAL_TEST,Active,,,compact_table
PRD-UIX-016,PRD,UIX,016,DOC-08,"Bulk selection MUST state the count and scope of what is selected, MUST distinguish ""all on this page"" from ""all matching the filter"", and MUST show the per-item outcome after execution.",MUST_HAVE,MANUAL_TEST,Active,,,compact_table
PRD-UIX-017,PRD,UIX,017,DOC-08,"Where a bulk operation is partially denied, the interface MUST show which items were denied and why, and MUST NOT present the operation as wholly successful or wholly failed.",MUST_HAVE,AUTOMATED_TEST,Active,,,compact_table
PRD-UIX-018,PRD,UIX,018,DOC-08,The credential field MUST NOT accept a plaintext value. It MUST accept a reference and MUST reject a value with an explanation.,MUST_HAVE,AUTOMATED_TEST,Active,,,compact_table
PRD-UIX-019,PRD,UIX,019,DOC-08,"The timeline MUST distinguish actor types — human, service, automation, platform — visually and MUST identify the automation rule where one acted.",MUST_HAVE,MANUAL_TEST,Active,,,compact_table
PRD-UIX-020,PRD,UIX,020,DOC-08,Comments attributed through inbound email MUST be visibly marked as such.,MUST_HAVE,MANUAL_TEST,Active,,,compact_table
PRD-UIX-021,PRD,UIX,021,DOC-08,"Truncated values MUST be recoverable in full without navigation, and truncation MUST NOT be applied to identifiers, versions, or package identifiers.",MUST_HAVE,MANUAL_TEST,Active,,,compact_table
PRD-UIX-022,PRD,UIX,022,DOC-08,Unmeasured MUST be visually distinct from zero and from empty.,MUST_HAVE,AUTOMATED_TEST|MANUAL_TEST,Active,,,compact_table
PRD-UIX-023,PRD,UIX,023,DOC-08,"A restricted field the viewer may not see MUST be absent rather than masked, except where absence would misrepresent the object, in which case a withheld indicator MUST be shown without confirming a value exists.",MUST_HAVE,AUTOMATED_TEST|MANUAL_TEST,Active,,,compact_table
PRD-UIX-024,PRD,UIX,024,DOC-08,"A degraded capability MUST state which capability, why, and what remains available. An empty region MUST NOT be rendered in its place.",MUST_HAVE,MANUAL_TEST,Active,,,compact_table
PRD-UIX-025,PRD,UIX,025,DOC-08,"Error presentation MUST NOT include stack traces, framework or dependency versions, internal hostnames, or query fragments.",MUST_HAVE,AUTOMATED_TEST|PENETRATION_TEST,Active,,,compact_table
PRD-UIX-026,PRD,UIX,026,DOC-08,"The honesty surfaces of §10 MUST NOT be suppressible by theme, density, template, or user preference.",MUST_HAVE,AUTOMATED_TEST|CODE_REVIEW,Active,,,compact_table
PRD-UIX-027,PRD,UIX,027,DOC-08,"Coverage indication MUST be designed to be read rather than tolerated, and its visual weight MUST be validated with the executive audience before release.",MUST_HAVE,MANUAL_TEST,Active,,,compact_table
PRD-UIX-028,PRD,UIX,028,DOC-08,"Views MUST render progressively, and a slow region MUST NOT delay the surrounding view.",MUST_HAVE,AUTOMATED_TEST,Active,,,compact_table
PRD-UIX-029,PRD,UIX,029,DOC-08,"The interface MUST remain usable at 200 ms round-trip latency, and interaction MUST NOT require a round trip where local state suffices.",MUST_HAVE,MANUAL_TEST,Active,,,compact_table
PRD-UIX-030,PRD,UIX,030,DOC-08,Responses containing CONFIDENTIAL or RESTRICTED data MUST NOT be cached by the browser or an intermediary.,MUST_HAVE,AUTOMATED_TEST,Active,,,compact_table
PRD-UIX-031,PRD,UIX,031,DOC-08,Tablet-class viewports MUST support review and approval workflows. Full practitioner workflows are not required below desktop.,SHOULD_HAVE,MANUAL_TEST,Active,,,compact_table
PRD-VUL-001,PRD,VUL,001,DOC-01,"The platform MUST compute a deterministic fingerprint for every finding from attributes that are stable across rescans, and MUST use it to resolve whether an incoming finding is new or an existing record. The fingerprint algorithm MUST be versioned, and the platform MUST support re-fingerprinting with preservation of triage state and history.",MUST_HAVE,AUTOMATED_TEST,Active,,,expanded
PRD-VUL-002,PRD,VUL,002,DOC-01,"Findings from every source — automated ingestion, native matching, manual assessment — MUST pass through one normalization and deduplication pipeline.",MUST_HAVE,AUTOMATED_TEST,Active,,,compact_table
PRD-VUL-003,PRD,VUL,003,DOC-01,"A finding MUST be able to affect multiple assets, and the platform MUST report per-asset remediation status independently of the finding's aggregate status.",MUST_HAVE,AUTOMATED_TEST,Active,,,compact_table
PRD-VUL-004,PRD,VUL,004,DOC-01,"The platform MUST record the source, tool, tool version, and rule identifier for every finding.",MUST_HAVE,AUTOMATED_TEST,Active,,,compact_table
PRD-VUL-005,PRD,VUL,005,DOC-01,"The platform MUST support a tenant-configurable severity taxonomy, with a product-fixed internal ordinal for comparison and normalization across sources.",MUST_HAVE,AUTOMATED_TEST,Active,,,compact_table
PRD-VUL-006,PRD,VUL,006,DOC-01,"Severity assigned by a source MUST be retained unmodified, separately from any platform-adjusted or tenant-overridden severity, with adjustments recorded with actor and reason.",MUST_HAVE,AUTOMATED_TEST,Active,,,compact_table
PRD-VUL-007,PRD,VUL,007,DOC-01,"The platform MUST enrich findings with available vulnerability intelligence, at minimum: vulnerability identifier, weakness classification, severity scoring, exploit prediction, and known-exploited status.",MUST_HAVE,AUTOMATED_TEST,Active,,,compact_table
PRD-VUL-008,PRD,VUL,008,DOC-01,"Enrichment data MUST carry its retrieval timestamp and source version, and stale enrichment MUST be visibly indicated.",MUST_HAVE,AUTOMATED_TEST,Active,,,compact_table
PRD-VUL-009,PRD,VUL,009,DOC-01,The platform MUST support ingestion and application of exploitability statements that assert a known vulnerability is not exploitable in a specific product context.,SHOULD_HAVE,AUTOMATED_TEST,Active,,,compact_table
PRD-VUL-010,PRD,VUL,010,DOC-01,"Finding state transitions MUST follow a defined state machine with recorded actor, timestamp, and reason for every transition.",MUST_HAVE,AUTOMATED_TEST,Active,,,compact_table
PRD-VUL-011,PRD,VUL,011,DOC-01,"The platform MUST distinguish closure reasons, at minimum: fixed and verified, fixed and unverified, not applicable, false positive, duplicate, risk accepted, and asset retired.",MUST_HAVE,AUTOMATED_TEST,Active,,,compact_table
PRD-VUL-012,PRD,VUL,012,DOC-01,"A finding closed as fixed MUST record the verification method and, where verification occurred, the verifying actor and evidence.",MUST_HAVE,AUTOMATED_TEST,Active,,,compact_table
PRD-VUL-013,PRD,VUL,013,DOC-01,"A finding that reappears after closure MUST be reopened as the same record with an incremented recurrence count, not created as a new finding.",MUST_HAVE,AUTOMATED_TEST,Active,,,compact_table
PRD-VUL-014,PRD,VUL,014,DOC-01,"The platform MUST support dispute of a finding by the accountable party, with the dispute recorded, routed for adjudication, and the finding's clock behaviour defined during dispute.",MUST_HAVE,AUTOMATED_TEST,Active,,,compact_table
PRD-VUL-015,PRD,VUL,015,DOC-01,False positive determinations MUST be recorded with reason and MUST be usable to suppress recurrence of the same determination on subsequent scans.,MUST_HAVE,AUTOMATED_TEST,Active,,,compact_table
PRD-VUL-016,PRD,VUL,016,DOC-01,"The platform MUST support bulk triage operations over filtered finding sets, with per-finding audit records and a defined partial-failure outcome.",MUST_HAVE,AUTOMATED_TEST,Active,,,compact_table
PRD-VUL-017,PRD,VUL,017,DOC-01,"The platform MUST support finding-level assignment to an accountable individual, distinct from the asset's owner.",MUST_HAVE,AUTOMATED_TEST,Active,,,compact_table
PRD-VUL-018,PRD,VUL,018,DOC-01,"The platform MUST support suggested grouping of related findings for efficient triage, with grouping being advisory and never altering individual finding identity or state.",SHOULD_HAVE,AUTOMATED_TEST,Active,,,compact_table
PRD-VUL-019,PRD,VUL,019,DOC-01,"Findings representing exposed credentials MUST follow a lifecycle in which risk acceptance is unavailable, remediation requires recorded rotation or revocation, the secret value is stored encrypted and displayed only partially masked, and validity checking against the issuing system is supported where feasible.",MUST_HAVE,AUTOMATED_TEST|MANUAL_TEST,Active,,,expanded
PRD-VUL-020,PRD,VUL,020,DOC-01,"The platform MUST retain a queryable history of every finding's state, severity, assignment, and score over time.",MUST_HAVE,AUTOMATED_TEST,Active,,,compact_table
PRD-WRK-001,PRD,WRK,001,DOC-01,"The platform MUST represent all trackable application security work as a WorkItem aggregate distinguished by type, covering at minimum: assessment and test requests, remediation obligations, exception requests, asset ownership claims, platform engineering tasks, governance and reporting tasks, enablement activities, incident support, and generic tasks.",MUST_HAVE,AUTOMATED_TEST|DEMONSTRATION,Active,,,expanded
PRD-WRK-002,PRD,WRK,002,DOC-01,"Work item types MUST be tenant-definable, declaring their field schema, workflow, permission requirements, and default views.",MUST_HAVE,AUTOMATED_TEST,Active,,,compact_table
PRD-WRK-003,PRD,WRK,003,DOC-01,"The platform MUST support tenant-defined custom fields per work item type, with typed values, validation, conditional visibility, default values, and inclusion in filtering, search, and export.",MUST_HAVE,AUTOMATED_TEST,Active,,,compact_table
PRD-WRK-004,PRD,WRK,004,DOC-01,"The platform MUST support work item templates that pre-populate fields, checklists, and sub-items.",SHOULD_HAVE,DEMONSTRATION,Active,,,compact_table
PRD-WRK-005,PRD,WRK,005,DOC-01,"Work items MUST support sub-items and checklists, where sub-item completion is visible on the parent without sub-items being independently scheduled work.",SHOULD_HAVE,AUTOMATED_TEST,Active,,,compact_table
PRD-WRK-006,PRD,WRK,006,DOC-01,"Work items MUST support typed relationships including at minimum blocks, is blocked by, relates to, duplicates, and caused by, with inverse relationships maintained automatically.",MUST_HAVE,AUTOMATED_TEST,Active,,,compact_table
PRD-WRK-007,PRD,WRK,007,DOC-01,"Work items MUST support tenant-defined labels, participating in filtering, saved queries, and automation conditions.",MUST_HAVE,AUTOMATED_TEST,Active,,,compact_table
PRD-WRK-008,PRD,WRK,008,DOC-01,"Work item workflows MUST be defined as data: states, permitted transitions, transition guards, required fields per state, permission requirements per transition, and side effects. Tenants MUST be able to define and modify workflows per work item type without code change. The platform MUST ship default workflows and MUST validate a workflow for reachability and terminal-state presence before activation.",MUST_HAVE,AUTOMATED_TEST|MANUAL_TEST,Active,,,expanded
PRD-WRK-009,PRD,WRK,009,DOC-01,"Workflow definitions MUST be versioned, and in-flight work items MUST continue under the version in effect at their creation unless explicitly migrated.",MUST_HAVE,AUTOMATED_TEST,Active,,,compact_table
PRD-WRK-010,PRD,WRK,010,DOC-01,"Every state transition MUST record actor, timestamp, source state, target state, and where required a reason.",MUST_HAVE,AUTOMATED_TEST,Active,,,compact_table
PRD-WRK-011,PRD,WRK,011,DOC-01,"The platform MUST maintain an append-only record of every work item state transition, including duration in the prior state and whether any service level clock was running, retained for the life of the work item.",MUST_HAVE,AUTOMATED_TEST,Active,,,expanded
PRD-WRK-012,PRD,WRK,012,DOC-01,"Work items MUST support assignment to a single accountable individual, with additional participants in declared supporting roles.",MUST_HAVE,AUTOMATED_TEST,Active,,,compact_table
PRD-WRK-013,PRD,WRK,013,DOC-01,"The platform MUST provide each user a personal work view, prioritized, showing items assigned to them, items awaiting their action, and items they are watching.",MUST_HAVE,DEMONSTRATION,Active,,,compact_table
PRD-WRK-014,PRD,WRK,014,DOC-01,"The platform MUST provide board views grouped by workflow state, supporting inline transition, with configurable columns and swimlanes.",MUST_HAVE,DEMONSTRATION,Active,,,compact_table
PRD-WRK-015,PRD,WRK,015,DOC-01,"The platform MUST support saved queries with sharing, and shared queries MUST evaluate against the viewing user's authorized scope rather than the author's.",MUST_HAVE,AUTOMATED_TEST,Active,,,compact_table
PRD-WRK-016,PRD,WRK,016,DOC-01,"The platform MUST support bulk operations over filtered work item sets, with per-item audit records, per-item permission evaluation, and a defined partial-failure outcome.",MUST_HAVE,AUTOMATED_TEST,Active,,,compact_table
PRD-WRK-017,PRD,WRK,017,DOC-01,The platform MUST provide keyboard-driven navigation and a command interface for primary actions.,SHOULD_HAVE,DEMONSTRATION,Active,,,compact_table
PRD-WRK-018,PRD,WRK,018,DOC-01,"The platform MUST provide full-text search across work items, comments, and custom field values, scope-filtered, with result ranking and filtering.",MUST_HAVE,AUTOMATED_TEST,Active,,,compact_table
PRD-WRK-019,PRD,WRK,019,DOC-01,"Work items MUST support: threaded comments with constrained rich text including code formatting; mentions of users and groups that generate notification; watchers with explicit subscribe and unsubscribe; a unified activity timeline interleaving state changes, field changes, comments, attachments, and automated actions in chronological order; attachments on comments; and per-user unread state.",MUST_HAVE,MANUAL_TEST|DEMONSTRATION|AUTOMATED_TEST,Active,,,expanded
PRD-WRK-020,PRD,WRK,020,DOC-01,"The platform MUST support inbound email association, whereby a reply to a notification is recorded as a comment on the originating work item.",SHOULD_HAVE,AUTOMATED_TEST,Active,,,compact_table
PRD-WRK-021,PRD,WRK,021,DOC-01,Concurrent edits to the same work item MUST be detected and MUST NOT silently discard either party's change.,MUST_HAVE,AUTOMATED_TEST,Active,,,compact_table
PRD-WRK-022,PRD,WRK,022,DOC-01,The platform MUST autosave in-progress composition of comments and long-form fields.,SHOULD_HAVE,DEMONSTRATION,Active,,,compact_table
PRD-WRK-023,PRD,WRK,023,DOC-01,The platform MUST support lightweight acknowledgement of comments.,COULD_HAVE,DEMONSTRATION,Active,,,compact_table
PRD-WRK-024,PRD,WRK,024,DOC-01,The platform MUST support permission configuration at work item type level and at field level within a type.,MUST_HAVE,AUTOMATED_TEST,Active,,,compact_table
PRD-WRK-025,PRD,WRK,025,DOC-01,"The platform MUST support deterministic automation rules of condition-action form, evaluated on defined triggers, with every automated action attributed to the rule and recorded in audit.",MUST_HAVE,AUTOMATED_TEST,Active,,,compact_table
PRD-WRK-026,PRD,WRK,026,DOC-01,"Automation rules MUST NOT perform an action the rule's owning principal is not authorized to perform, MUST have loop detection, and MUST have a bounded execution budget per trigger.",MUST_HAVE,AUTOMATED_TEST,Active,,,compact_table
PRD-WRK-027,PRD,WRK,027,DOC-01,"The platform MUST record effort per work item derived from state duration, and MUST permit optional manual effort adjustment without requiring routine time entry.",MUST_HAVE,AUTOMATED_TEST,Active,,,compact_table
PRD-WRK-028,PRD,WRK,028,DOC-01,Work items MUST support service level policy application with clock pause and recorded blocking attribution.,MUST_HAVE,AUTOMATED_TEST,Active,,,compact_table
PRD-WRK-029,PRD,WRK,029,DOC-01,"The platform MUST support lightweight time-boxed planning periods for the security team, with items assigned to a period and completion visible against it.",COULD_HAVE,DEMONSTRATION,Active,,,compact_table
PRD-WRK-030,PRD,WRK,030,DOC-01,"Work items MUST link to the domain objects they concern — findings, assets, assessments, exceptions — and those objects MUST show their associated work.",MUST_HAVE,AUTOMATED_TEST,Active,,,compact_table
PRD-WRK-031,PRD,WRK,031,DOC-09,"Transition evaluation MUST follow the order of §2.1, and a scope failure MUST be indistinguishable from non-existence.",MUST_HAVE,AUTOMATED_TEST|PENETRATION_TEST,Active,,,compact_table
PRD-WRK-032,PRD,WRK,032,DOC-09,"A transition MUST be atomic: state change, transition record, side effects, and event publication in one transaction. A partial transition MUST NOT be observable.",MUST_HAVE,AUTOMATED_TEST,Active,,,compact_table
PRD-WRK-033,PRD,WRK,033,DOC-09,"Guard expressions MUST be deterministic, side-effect free, and bounded in evaluation cost. They MUST NOT invoke AI, external services, or unbounded queries.",MUST_HAVE,AUTOMATED_TEST|CODE_REVIEW,Active,,,compact_table
PRD-WRK-034,PRD,WRK,034,DOC-09,"A workflow definition MUST be validated before activation for: every state reachable from the initial state, at least one terminal state, every non-terminal state having at least one outbound transition, and no transition referencing a state outside the definition.",MUST_HAVE,AUTOMATED_TEST,Active,,,compact_table
PRD-WRK-035,PRD,WRK,035,DOC-09,"Fixed machines (§LC-03) MUST NOT be tenant-configurable, and the platform MUST reject an attempt to define a workflow for them.",MUST_HAVE,AUTOMATED_TEST,Active,,,compact_table
PRD-WRK-036,PRD,WRK,036,DOC-09,"Returning to a previously occupied state MUST be a distinct forward transition with its own record, never a reversal.",MUST_HAVE,AUTOMATED_TEST,Active,,,compact_table
PRD-WRK-037,PRD,WRK,037,DOC-09,Notification MUST NOT be a transition side effect. Transitions publish events; notification subscribes.,MUST_HAVE,AUTOMATED_TEST|ARCHITECTURE_REVIEW,Active,,,compact_table
PRD-WRK-038,PRD,WRK,038,DOC-09,"Default workflows MUST include at least one state in each category — open, in progress, waiting external, terminal — so that flow and cycle-time analysis is meaningful without tenant configuration.",MUST_HAVE,AUTOMATED_TEST,Active,,,compact_table
PRD-WRK-039,PRD,WRK,039,DOC-09,"Reorganization MUST validate the complete target structure before any mutation, and a failure after mutation MUST compensate by rebuilding the closure from org_node.",MUST_HAVE,AUTOMATED_TEST,Active,,,compact_table
PRD-WRK-040,PRD,WRK,040,DOC-09,hierarchy_version MUST NOT be reused after a failed reorganization.,MUST_HAVE,AUTOMATED_TEST,Active,,,compact_table
PRD-WRK-041,PRD,WRK,041,DOC-09,"Where compensation fails, the saga MUST enter a manual-intervention state that blocks further reorganization for the tenant and alerts.",MUST_HAVE,AUTOMATED_TEST,Active,,,compact_table
PRD-WRK-042,PRD,WRK,042,DOC-09,Scope descriptors on existing objects MUST NOT be modified by reorganization.,MUST_HAVE,AUTOMATED_TEST,Active,,,compact_table
PRD-WRK-043,PRD,WRK,043,DOC-09,Concurrent conflicting transitions MUST be resolved by optimistic concurrency with an explicit conflict response. Silent last-write-wins MUST NOT occur.,MUST_HAVE,AUTOMATED_TEST,Active,,,compact_table
PRD-WRK-044,PRD,WRK,044,DOC-09,An automated transition losing to a human transition MUST record the denial rather than retrying or failing silently.,MUST_HAVE,AUTOMATED_TEST,Active,,,compact_table
PRD-WRK-045,PRD,WRK,045,DOC-09,Hierarchy-mutating operations MUST serialize per tenant.,MUST_HAVE,AUTOMATED_TEST,Active,,,compact_table
RISK-PLT-001,RISK,PLT,001,DOC-26,"Indirect prompt injection is mitigated, not prevented. Segregation and output validation reduce but do not eliminate the influence of injected content on generated narrative",N/A_RISK_RECORD,CONDITIONAL_REVIEW,Accepted,,,compact_table
RISK-PLT-002,RISK,PLT,002,DOC-26,"Authorization enforcement coverage depends on the enforcement point map remaining current. A new egress path added without a map entry is unenforced, and no test detects the absence because the test is the one not written",N/A_RISK_RECORD,CONDITIONAL_REVIEW,Accepted,,,compact_table
RISK-PLT-003,RISK,PLT,003,DOC-26,"Score gaming through a consistently wrong baseline is not detected. Controls detect rates of change; a tenant that under-declares criticality and exposure from onboarding produces internally consistent, externally wrong scores",N/A_RISK_RECORD,CONDITIONAL_REVIEW,Accepted,,,compact_table
RISK-PLT-004,RISK,PLT,004,DOC-26,"The shared vulnerability intelligence dataset is safe by property, not by control. Its safety rests on containing no tenant data, and a well-meaning addition — prevalence counts, cached match outcomes — would break it without breaking any test",N/A_RISK_RECORD,CONDITIONAL_REVIEW,Accepted,,,compact_table
RISK-PLT-005,RISK,PLT,005,DOC-26,"Supply chain compromise cannot be prevented, only detected and evidenced.",N/A_RISK_RECORD,CONDITIONAL_REVIEW,Accepted,,,compact_table
RISK-PLT-006,RISK,PLT,006,DOC-26,"Aggregation is an open-ended disclosure channel. §8 addresses the presentations identified; each new aggregate presentation creates a new channel, and the analysis is most likely skipped when the presentation appears innocuous",N/A_RISK_RECORD,CONDITIONAL_REVIEW,Accepted,,,compact_table
SEC-AUD-001,SEC,AUD,001,DOC-14,Every audit event MUST use the fixed envelope with a typed payload. A new event type MUST NOT introduce envelope fields.,MUST_HAVE,AUTOMATED_TEST|CODE_REVIEW,Active,,,compact_table
SEC-AUD-002,SEC,AUD,002,DOC-14,"The sequence MUST be monotonic and gapless per tenant, and a gap MUST be treated as a verification failure.",MUST_HAVE,AUTOMATED_TEST,Active,,,compact_table
SEC-AUD-003,SEC,AUD,003,DOC-14,"Every event MUST record the organizational scope in effect at the time, independently of the current hierarchy.",MUST_HAVE,AUTOMATED_TEST,Active,,,compact_table
SEC-AUD-004,SEC,AUD,004,DOC-14,"Actor type MUST distinguish human, service, automation, and platform process, and where an action was performed on behalf of another the initiating principal MUST also be recorded.",MUST_HAVE,AUTOMATED_TEST,Active,,,compact_table
SEC-AUD-005,SEC,AUD,005,DOC-14,denial_reason MUST be recorded at full fidelity and MUST NOT be returned to a client.,MUST_HAVE,AUTOMATED_TEST|PENETRATION_TEST,Active,,,compact_table
SEC-AUD-006,SEC,AUD,006,DOC-14,"The catalogue MUST be maintained as a machine-readable artifact, and every audit-emitting code path MUST reference a catalogued type. An uncatalogued type MUST fail the build.",MUST_HAVE,AUTOMATED_TEST,Active,,,compact_table
SEC-AUD-007,SEC,AUD,007,DOC-14,Every access to RESTRICTED data MUST be recorded at object granularity with the specific object and field.,MUST_HAVE,AUTOMATED_TEST,Active,,,compact_table
SEC-AUD-008,SEC,AUD,008,DOC-14,"Configuration changes MUST record before and after values, excluding secret material.",MUST_HAVE,AUTOMATED_TEST,Active,,,compact_table
SEC-AUD-009,SEC,AUD,009,DOC-14,Bulk operations MUST emit an event per item in addition to a summary event.,MUST_HAVE,AUTOMATED_TEST,Active,,,compact_table
SEC-AUD-010,SEC,AUD,010,DOC-14,Read operations on non-restricted data MUST NOT be audited by default.,MUST_HAVE,ARCHITECTURE_REVIEW,Active,,,compact_table
SEC-AUD-011,SEC,AUD,011,DOC-14,"The canonical serialization MUST be deterministic and versioned, and the version MUST be recorded per event.",MUST_HAVE,AUTOMATED_TEST,Active,,,compact_table
SEC-AUD-012,SEC,AUD,012,DOC-14,"The chain MUST be per tenant, and a cross-tenant chain MUST NOT be constructed.",MUST_HAVE,AUTOMATED_TEST,Active,,,compact_table
SEC-AUD-013,SEC,AUD,013,DOC-14,"No mechanism MUST exist to modify or delete an audit event: not through the application, the API, administrative tooling, or an operator interface. Deletion MUST be possible only by partition drop under retention (§7).",MUST_HAVE,AUTOMATED_TEST|CODE_REVIEW,Active,,,compact_table
SEC-AUD-014,SEC,AUD,014,DOC-14,"Chain computation MUST occur in the same transaction as the event insert, and a concurrent insert MUST NOT produce two events with the same sequence or a forked chain.",MUST_HAVE,AUTOMATED_TEST,Active,,,compact_table
SEC-AUD-015,SEC,AUD,015,DOC-14,"Checkpoints MUST be created at a configured interval and MUST be anchored to a target outside the platform's control, with the anchor reference recorded and confirmation tracked.",MUST_HAVE,AUTOMATED_TEST,Active,,,compact_table
SEC-AUD-016,SEC,AUD,016,DOC-14,Anchor failure MUST alert and MUST NOT halt audit writing.,MUST_HAVE,AUTOMATED_TEST,Active,,,compact_table
SEC-AUD-017,SEC,AUD,017,DOC-14,"Verification MUST be invocable by a tenant over their own trail, and the result MUST be reportable as evidence.",MUST_HAVE,AUTOMATED_TEST,Active,,,compact_table
SEC-AUD-018,SEC,AUD,018,DOC-14,"A verification failure MUST alert to a destination outside operator control, MUST be recorded as an audit event, and MUST NOT be suppressible in-product.",MUST_HAVE,AUTOMATED_TEST,Active,,,compact_table
SEC-AUD-019,SEC,AUD,019,DOC-14,"Erasure MUST remove only the payload, MUST leave the envelope and chain intact, and MUST record that erasure occurred with its basis.",MUST_HAVE,AUTOMATED_TEST,Active,,,compact_table
SEC-AUD-020,SEC,AUD,020,DOC-14,"Verification MUST report erased payloads distinctly from missing or altered data, and MUST NOT report an erased payload as a verification failure.",MUST_HAVE,AUTOMATED_TEST,Active,,,compact_table
SEC-AUD-021,SEC,AUD,021,DOC-14,"Erasure MUST require elevated permission distinct from administration, MUST be dual-controlled, MUST record the requesting basis, and MUST be blocked by legal hold.",MUST_HAVE,AUTOMATED_TEST,Active,,,compact_table
SEC-AUD-022,SEC,AUD,022,DOC-14,"The envelope MUST NOT contain personal data beyond principal identifiers, which are pseudonymized rather than erased.",MUST_HAVE,AUTOMATED_TEST|CODE_REVIEW,Active,,,compact_table
SEC-AUD-023,SEC,AUD,023,DOC-14,"Retention MUST be tenant-configurable above a product minimum, and the minimum MUST NOT be configurable downward.",MUST_HAVE,AUTOMATED_TEST,Active,,,compact_table
SEC-AUD-024,SEC,AUD,024,DOC-14,"Expiry MUST be implemented as partition drop after archival, and archived events MUST remain verifiable against their checkpoints.",MUST_HAVE,AUTOMATED_TEST,Active,,,compact_table
SEC-AUD-025,SEC,AUD,025,DOC-14,"Legal hold MUST be enforced by a register consulted before partition drop and before erasure, not by a per-row flag.",MUST_HAVE,AUTOMATED_TEST,Active,,,compact_table
SEC-AUD-026,SEC,AUD,026,DOC-14,Retention configuration changes MUST be audited and MUST NOT apply retroactively to shorten retention of already-recorded events without a separate elevated action.,MUST_HAVE,AUTOMATED_TEST,Active,,,compact_table
SEC-AUD-027,SEC,AUD,027,DOC-14,"Audit read MUST require a permission not implied by administrative permission, and MUST be separately assignable.",MUST_HAVE,AUTOMATED_TEST,Active,,,compact_table
SEC-AUD-028,SEC,AUD,028,DOC-14,Audit queries MUST be scope-filtered against the querying principal's authorized scope.,MUST_HAVE,AUTOMATED_TEST|PENETRATION_TEST,Active,,,compact_table
SEC-AUD-029,SEC,AUD,029,DOC-14,Audit read MUST itself be audited.,MUST_HAVE,AUTOMATED_TEST,Active,,,compact_table
SEC-AUD-030,SEC,AUD,030,DOC-14,"Audit events MUST NOT contain restricted values. A reveal event records that a reveal occurred, never what was revealed.",MUST_HAVE,AUTOMATED_TEST|CODE_REVIEW,Active,,,compact_table
SEC-AUD-031,SEC,AUD,031,DOC-14,"Break-glass activity MUST be visible to the affected tenant at object granularity, and that visibility MUST NOT be suppressible by the operator.",MUST_HAVE,AUTOMATED_TEST,Active,,,compact_table
SEC-AUD-032,SEC,AUD,032,DOC-14,Audit search MUST return within 5 seconds at p95 over a 12-month range at the Medium profile.,MUST_HAVE,AUTOMATED_TEST,Active,,,compact_table
SEC-AUD-033,SEC,AUD,033,DOC-14,"Search MUST support export of a result set as evidence, with the export itself audited and the applied scope and filters recorded in the artifact.",MUST_HAVE,AUTOMATED_TEST,Active,,,compact_table
SEC-AUD-034,SEC,AUD,034,DOC-14,Search MUST NOT support a free-form expression language over the trail.,MUST_HAVE,ARCHITECTURE_REVIEW,Active,,,compact_table
SEC-AUD-035,SEC,AUD,035,DOC-14,"The platform MUST support continuous export of audit events to a tenant-nominated external system in a documented format, with at-least-once delivery, gap detection, and sequence preservation.",MUST_HAVE,AUTOMATED_TEST,Active,,,compact_table
SEC-AUD-036,SEC,AUD,036,DOC-14,"Exported events MUST carry the sequence, chain hash, and envelope so that the external copy is independently verifiable.",MUST_HAVE,AUTOMATED_TEST,Active,,,compact_table
SEC-AUD-037,SEC,AUD,037,DOC-14,Export MUST be residency-constrained per SEC-TEN-018 and MUST exclude payloads where the destination is outside the tenant's residency designation.,MUST_HAVE,AUTOMATED_TEST,Active,,,compact_table
SEC-AUD-038,SEC,AUD,038,DOC-14,"An audited operation MUST NOT be acknowledged as successful unless its audit event is durably recorded. Where audit recording fails, the operation MUST fail.",MUST_HAVE,AUTOMATED_TEST,Active,,,compact_table
SEC-AUD-039,SEC,AUD,039,DOC-14,"Audit unavailability MUST produce a clear service-unavailable response naming audit as the degraded dependency, not a generic error.",MUST_HAVE,AUTOMATED_TEST,Active,,,compact_table
SEC-AUD-040,SEC,AUD,040,DOC-14,Missing future partitions MUST alert in advance of need and MUST NOT be permitted to cause an insert failure.,MUST_HAVE,AUTOMATED_TEST,Active,,,compact_table
SEC-AUZ-001,SEC,AUZ,001,DOC-07,"The permission catalogue MUST be product-fixed, and every catalogue entry MUST correspond to at least one enforcement point in code. A catalogue entry gating nothing MUST be treated as a defect.",MUST_HAVE,AUTOMATED_TEST|CODE_REVIEW,Active,,,compact_table
SEC-AUZ-002,SEC,AUZ,002,DOC-07,"Authorization evaluation MUST NOT branch on role name, role count, role identity, organizational position, or any proxy for seniority. Evaluation MUST resolve a named permission.",MUST_HAVE,AUTOMATED_TEST|CODE_REVIEW,Active,,,compact_table
SEC-AUZ-003,SEC,AUZ,003,DOC-07,"Where two actions on a resource differ in consequence such that a tenant might plausibly grant one and not the other, they MUST be separate permissions.",MUST_HAVE,CODE_REVIEW,Active,,,compact_table
SEC-AUZ-004,SEC,AUZ,004,DOC-07,Bulk and export actions MUST be gated by permissions distinct from single-record read.,MUST_HAVE,AUTOMATED_TEST,Active,,,compact_table
SEC-AUZ-005,SEC,AUZ,005,DOC-07,"Access to RESTRICTED data MUST require a permission that is never implied by any other permission, role seniority, or administrative capability.",MUST_HAVE,AUTOMATED_TEST,Active,,,compact_table
SEC-AUZ-006,SEC,AUZ,006,DOC-07,"Roles MUST be composed only from catalogue permissions, and a role MUST NOT be able to reference a permission that does not exist.",MUST_HAVE,AUTOMATED_TEST,Active,,,compact_table
SEC-AUZ-007,SEC,AUZ,007,DOC-07,Default role templates MUST be materialized per tenant at provisioning with no live link to the template.,MUST_HAVE,AUTOMATED_TEST,Active,,,compact_table
SEC-AUZ-008,SEC,AUZ,008,DOC-07,A new catalogue permission MUST NOT be added to any existing role automatically.,MUST_HAVE,AUTOMATED_TEST,Active,,,compact_table
SEC-AUZ-009,SEC,AUZ,009,DOC-07,"Role and assignment changes MUST be audited with before and after state, and auz.role.manage and auz.assignment.manage MUST be distinct from every operational permission.",MUST_HAVE,AUTOMATED_TEST,Active,,,compact_table
SEC-AUZ-010,SEC,AUZ,010,DOC-07,"Scope MUST be resolved per permission. Where a principal holds multiple assignments, the result is the union of permission-scope pairs, never the cross product of permissions and scopes.",MUST_HAVE,AUTOMATED_TEST|PENETRATION_TEST,Active,,,compact_table
SEC-AUZ-011,SEC,AUZ,011,DOC-07,"Scope resolution MUST occur server-side from the authenticated principal and MUST NOT accept any client-supplied scope, node list, or filter as authoritative.",MUST_HAVE,AUTOMATED_TEST|PENETRATION_TEST,Active,,,compact_table
SEC-AUZ-012,SEC,AUZ,012,DOC-07,"Scope resolution results MAY be cached, and the cache MUST be invalidated explicitly on hierarchy change, assignment change, role change, and node archival, taking effect within the bound of NFR-SEC-002.",MUST_HAVE,AUTOMATED_TEST,Active,,,compact_table
SEC-AUZ-013,SEC,AUZ,013,DOC-07,"Authorization MUST be evaluated through a single contract, and application code MUST NOT implement its own check. Data access MUST be unable to proceed without an evaluation result.",MUST_HAVE,AUTOMATED_TEST|CODE_REVIEW|ARCHITECTURE_REVIEW,Active,,,compact_table
SEC-AUZ-014,SEC,AUZ,014,DOC-07,"Evaluation MUST deny by default: on no matching grant, on evaluation error, on unavailable scope resolution, and on any unhandled condition.",MUST_HAVE,AUTOMATED_TEST|CODE_REVIEW,Active,,,compact_table
SEC-AUZ-015,SEC,AUZ,015,DOC-07,"Every denial MUST emit an audit event with the principal, permission, object reference, and reason.",MUST_HAVE,AUTOMATED_TEST,Active,,,compact_table
SEC-AUZ-016,SEC,AUZ,016,DOC-07,"Collection operations MUST apply the scope predicate as part of retrieval, not as a filter after it. Counts, aggregates, pagination, and relevance MUST be computed post-predicate.",MUST_HAVE,AUTOMATED_TEST|PENETRATION_TEST,Active,,,compact_table
SEC-AUZ-017,SEC,AUZ,017,DOC-07,"Every operation accepting an object identifier MUST re-validate that object against the principal's resolved scope, independently of how the identifier was obtained, including identifiers returned by a prior response in the same session.",MUST_HAVE,AUTOMATED_TEST|PENETRATION_TEST,Active,,,compact_table
SEC-AUZ-018,SEC,AUZ,018,DOC-07,A server-side-filtered selection interface MUST NOT be treated as an authorization control. Every write accepting a selected identifier MUST re-validate it.,MUST_HAVE,AUTOMATED_TEST|PENETRATION_TEST,Active,,,compact_table
SEC-AUZ-019,SEC,AUZ,019,DOC-07,"Object identifiers MUST NOT be sequential or otherwise predictable, and unpredictability MUST NOT be relied upon as the control.",MUST_HAVE,AUTOMATED_TEST,Active,,,compact_table
SEC-AUZ-020,SEC,AUZ,020,DOC-07,"Responses MUST NOT differentiate non-existence from non-authorization, in status code, error code, message, or timing.",MUST_HAVE,AUTOMATED_TEST|PENETRATION_TEST,Active,,,compact_table
SEC-AUZ-021,SEC,AUZ,021,DOC-07,"Field-level restrictions MUST be enforced on every representation of the object: single read, collection, search result, export, notification content, API response, and AI context.",MUST_HAVE,AUTOMATED_TEST|PENETRATION_TEST,Active,,,compact_table
SEC-AUZ-022,SEC,AUZ,022,DOC-07,"A restricted field MUST be absent from the representation, not present with a masked value, where absence is achievable.",MUST_HAVE,AUTOMATED_TEST,Active,,,compact_table
SEC-AUZ-023,SEC,AUZ,023,DOC-07,Each reveal of a RESTRICTED field MUST emit an audit event naming the specific object and field.,MUST_HAVE,AUTOMATED_TEST,Active,,,compact_table
SEC-AUZ-024,SEC,AUZ,024,DOC-07,"Graph traversal MUST evaluate scope per node reached, and an out-of-scope node MUST terminate that branch. Traversal MUST NOT fail the whole operation, and MUST NOT indicate that a branch was terminated.",MUST_HAVE,AUTOMATED_TEST|PENETRATION_TEST,Active,,,compact_table
SEC-AUZ-025,SEC,AUZ,025,DOC-07,"Traversal depth and breadth MUST be bounded, and the bound MUST NOT vary with the principal's scope.",MUST_HAVE,AUTOMATED_TEST,Active,,,compact_table
SEC-AUZ-026,SEC,AUZ,026,DOC-07,"Aggregate and comparative presentations MUST enforce a minimum contributing-population size or suppress, and MUST NOT permit derivation of an out-of-scope value by subtraction from a broader total.",MUST_HAVE,AUTOMATED_TEST|PENETRATION_TEST,Active,,,compact_table
SEC-AUZ-027,SEC,AUZ,027,DOC-07,A score factor breakdown MUST include only contributions from objects within the requesting principal's scope.,MUST_HAVE,AUTOMATED_TEST,Active,,,compact_table
SEC-AUZ-028,SEC,AUZ,028,DOC-07,"Historical evaluation MUST resolve scope from the object's recorded ScopeDescriptor and the principal's assignments in effect at the evaluation time, never from the current hierarchy or current assignments.",MUST_HAVE,AUTOMATED_TEST,Active,,,compact_table
SEC-AUZ-029,SEC,AUZ,029,DOC-07,"Historical authorization MUST grant read only. It MUST NOT permit any write, and MUST NOT extend to objects created after the evaluation time.",MUST_HAVE,AUTOMATED_TEST|PENETRATION_TEST,Active,,,compact_table
SEC-AUZ-030,SEC,AUZ,030,DOC-07,Every report and export MUST state whether it aggregates *as-was* (by descriptor) or *as-is* (by current tree).,MUST_HAVE,AUTOMATED_TEST|DOCUMENT_INSPECTION,Active,,,compact_table
SEC-AUZ-031,SEC,AUZ,031,DOC-07,"Object grants MUST be evaluated independently of scope inheritance and MUST NOT be widened by any change to the hierarchy, role definitions, or node assignments.",MUST_HAVE,AUTOMATED_TEST|PENETRATION_TEST,Active,,,compact_table
SEC-AUZ-032,SEC,AUZ,032,DOC-07,"Every object grant MUST have a mandatory expiry bounded by a configured maximum, with automatic revocation.",MUST_HAVE,AUTOMATED_TEST,Active,,,compact_table
SEC-AUZ-033,SEC,AUZ,033,DOC-07,"A principal holding only object grants MUST NOT be able to enumerate organization nodes, assets, findings, users, or any object outside the grant — through search, traversal, aggregate, notification content, export, or error differentiation.",MUST_HAVE,AUTOMATED_TEST|PENETRATION_TEST,Active,,,compact_table
SEC-AUZ-034,SEC,AUZ,034,DOC-07,"Object grants MUST require acceptance of configured agreements before first access, and access before acceptance MUST be impossible rather than merely discouraged.",MUST_HAVE,AUTOMATED_TEST,Active,,,compact_table
SEC-AUZ-035,SEC,AUZ,035,DOC-07,"Service principal scope MUST be pinned to the credential and MUST NOT be derived from a human principal, inherited from an organization node, or asserted in a request payload.",MUST_HAVE,AUTOMATED_TEST|PENETRATION_TEST,Active,,,compact_table
SEC-AUZ-036,SEC,AUZ,036,DOC-07,"Service principals MUST hold the minimum permission set for their function, and the platform MUST document the minimum set per integration pattern.",MUST_HAVE,DOCUMENT_INSPECTION,Active,,,compact_table
SEC-AUZ-037,SEC,AUZ,037,DOC-07,Automation rules MUST execute with the authority of their owning principal and MUST NOT effect any change that principal could not perform directly.,MUST_HAVE,AUTOMATED_TEST|PENETRATION_TEST,Active,,,compact_table
SEC-AUZ-038,SEC,AUZ,038,DOC-07,"Where an automation rule's owning principal loses a permission or has their assignment revoked, rules depending on it MUST be suspended and the owner notified — not silently continued.",MUST_HAVE,AUTOMATED_TEST,Active,,,compact_table
SEC-AUZ-039,SEC,AUZ,039,DOC-07,Separation-of-duties constraints MUST be enforced both at grant time and at action time.,MUST_HAVE,AUTOMATED_TEST,Active,,,compact_table
SEC-AUZ-040,SEC,AUZ,040,DOC-07,"The platform MUST ship the constraints of §15.1 as default configuration, and relaxing one MUST require elevated permission and be audited.",MUST_HAVE,AUTOMATED_TEST,Active,,,compact_table
SEC-AUZ-041,SEC,AUZ,041,DOC-07,"Exception approval MUST enforce that the approver differs from the requester, as an invariant rather than an advisory check.",MUST_HAVE,AUTOMATED_TEST,Active,,,compact_table
SEC-AUZ-042,SEC,AUZ,042,DOC-07,dat.erasure.execute MUST require dual control.,MUST_HAVE,AUTOMATED_TEST,Active,,,compact_table
SEC-AUZ-043,SEC,AUZ,043,DOC-07,"Delegation MUST NOT grant a permission or scope the delegator does not hold, MUST be time-bounded, MUST be individually audited, and MUST NOT be re-delegable.",MUST_HAVE,AUTOMATED_TEST,Active,,,compact_table
SEC-AUZ-044,SEC,AUZ,044,DOC-07,Actions under delegation MUST record both the acting principal and the delegating principal.,MUST_HAVE,AUTOMATED_TEST,Active,,,compact_table
SEC-AUZ-045,SEC,AUZ,045,DOC-07,"The platform MUST answer, for any principal, the complete resolved permission set with scope and the grants producing each — including role assignments, object grants, and delegations.",MUST_HAVE,AUTOMATED_TEST,Active,,,compact_table
SEC-AUZ-046,SEC,AUZ,046,DOC-07,"The platform MUST answer the inverse: for any object or scope, which principals can perform a given permission on it.",MUST_HAVE,AUTOMATED_TEST,Active,,,compact_table
SEC-AUZ-047,SEC,AUZ,047,DOC-07,"Inspection MUST reflect the live evaluation path, computed by the same code, not a parallel reporting implementation.",MUST_HAVE,AUTOMATED_TEST|ARCHITECTURE_REVIEW,Active,,,compact_table
SEC-AUZ-048,SEC,AUZ,048,DOC-07,"Inspection output MUST be exportable for periodic access review, and the export MUST be permission-gated and audited.",MUST_HAVE,AUTOMATED_TEST,Active,,,compact_table
SEC-AUZ-049,SEC,AUZ,049,DOC-07,"Every enforcement point in §17 MUST have a test asserting denial for an out-of-scope principal, and a new data egress path MUST NOT be introduced without adding both a map entry and the test.",MUST_HAVE,AUTOMATED_TEST,Active,,,compact_table
SEC-AUZ-050,SEC,AUZ,050,DOC-07,"Continuous integration MUST enforce a static analysis rule rejecting comparison of any role identifier — name, code, or identity — against a literal in application code, and rejecting data access that does not pass through the evaluation contract.",MUST_HAVE,AUTOMATED_TEST,Active,,,compact_table
SEC-AUZ-051,SEC,AUZ,051,DOC-07,"Any exemption from SEC-AUZ-050 MUST be individually annotated with a justification, individually reviewed, and reported so that the exemption count is visible and its growth trackable.",MUST_HAVE,CODE_REVIEW,Active,,,compact_table
SEC-AUZ-052,SEC,AUZ,052,DOC-07,"A stewardship grant MUST NOT widen what its holder can see, and MUST NOT be required to expire.",MUST_HAVE,AUTOMATED_TEST,Active,,,compact_table
SEC-AUZ-053,SEC,AUZ,053,DOC-07,"Requesting an assessment of an asset MUST require a stewardship grant over it or an assessment-execution permission, and MUST NOT be satisfied by organization scope alone.",MUST_HAVE,AUTOMATED_TEST|PENETRATION_TEST,Active,,,compact_table
SEC-AUZ-054,SEC,AUZ,054,DOC-07,"A steward MUST be able to delegate the request capability over their own asset without holding the platform-wide grant permission, and MUST NOT be able to delegate any capability they do not hold.",MUST_HAVE,AUTOMATED_TEST,Active,,,compact_table
SEC-AUZ-055,SEC,AUZ,055,DOC-07,"Composite authority — where an operation is permitted by a platform permission or by a relationship to the specific object — MUST be evaluated in a single named component, and MUST NOT be re-implemented at each call site.",MUST_HAVE,AUTOMATED_TEST|CODE_REVIEW,Active,,,compact_table
SEC-PLT-001,SEC,PLT,001,DOC-26,"Every deliberately introduced privileged path MUST be recorded in this document with its justification and the specific controls that distinguish it from a backdoor, and a new privileged path MUST NOT be introduced without adding an entry.",MUST_HAVE,CODE_REVIEW|DOCUMENT_INSPECTION,Active,,,compact_table
SEC-PLT-002,SEC,PLT,002,DOC-26,"The platform MUST detect and alert on volume anomalies in read, export, and RESTRICTED reveal, per principal, against that principal's own baseline.",MUST_HAVE,AUTOMATED_TEST,Active,,,compact_table
SEC-PLT-003,SEC,PLT,003,DOC-26,The platform MUST detect and alert on authorization denial patterns indicating enumeration: sustained denials against sequential or varied identifiers from one principal.,MUST_HAVE,AUTOMATED_TEST,Active,,,compact_table
SEC-PLT-004,SEC,PLT,004,DOC-26,"The platform MUST detect and alert on configuration changes affecting authorization, workflow permissions, automation authority, or scoring, and MUST produce a periodic summary regardless of whether an alert fired.",MUST_HAVE,AUTOMATED_TEST,Active,,,compact_table
SEC-PLT-005,SEC,PLT,005,DOC-26,The platform MUST detect and alert on anomalous rates of score-reducing actions per principal and per organization node.,MUST_HAVE,AUTOMATED_TEST,Active,,,compact_table
SEC-PLT-006,SEC,PLT,006,DOC-26,"Continuous cross-tenant assertion MUST run in production, not only in test, and MUST alert on any violation.",MUST_HAVE,AUTOMATED_TEST,Active,,,compact_table
SEC-PLT-007,SEC,PLT,007,DOC-26,"The platform MUST detect and alert on break-glass invocation, on any grant approaching its bound, and on any attempt to extend one.",MUST_HAVE,AUTOMATED_TEST,Active,,,compact_table
SEC-PLT-008,SEC,PLT,008,DOC-26,Detection alerts MUST be delivered to a destination outside the control of the principal whose activity triggered them.,MUST_HAVE,AUTOMATED_TEST|ARCHITECTURE_REVIEW,Active,,,compact_table
SEC-PLT-009,SEC,PLT,009,DOC-26,"Every accepted residual risk MUST have a stated revisit trigger expressed as a condition, and MUST be reviewed when the condition occurs rather than on a schedule.",MUST_HAVE,DOCUMENT_INSPECTION,Active,,,compact_table
SEC-PLT-010,SEC,PLT,010,DOC-26,"This threat model MUST be revised when a trust boundary is added or changed, when a new external integration or egress path is introduced, when a new data classification appears, when a deliberate privileged path is added, or when a new principal type is introduced.",MUST_HAVE,DOCUMENT_INSPECTION,Active,,,compact_table
SEC-PLT-011,SEC,PLT,011,DOC-26,"Each threat scenario in §7 MUST be represented in the platform's own penetration testing scope, and a scenario without a corresponding test objective MUST be recorded as untested.",MUST_HAVE,PENETRATION_TEST|DOCUMENT_INSPECTION,Active,,,compact_table
SEC-PTR-004,SEC,PTR,004,DOC-06,Test credential protection · Superseded by SEC-PTR-007,MUST_HAVE,AUTOMATED_TEST|PENETRATION_TEST|CODE_REVIEW,Active,,,expanded
SEC-PTR-006,SEC,PTR,006,DOC-06,The assessment request intake surface MUST enforce: content-signature verification of every attachment against its declared type; malware scanning before an attachment becomes retrievable; storage on an origin distinct from the API with non-inline disposition and server-generated filenames; hardened parsing of uploaded API collections per §11; secret detection on uploaded collections with the result surfaced to the submitter; and per-principal rate limiting on request creation.,MUST_HAVE,AUTOMATED_TEST|PENETRATION_TEST,Active,,,expanded
SEC-PTR-007,SEC,PTR,007,DOC-06,"Where no secrets store is integrated, the platform MAY take custody of a test account credential submitted with an assessment request, and where it does it MUST: encrypt the value at rest under a key held outside the database; destroy the value in the same transaction as the request's transition to a terminal state; retain a tombstone recording that a credential was held and when it was destroyed; flag the account for rotation at destruction; mask the value by default in every interface with reveal gated by an explicit permission, step-up authentication, and a per-object audit entry; exclude it from every export, notification, report, and AI context without exception; and refuse the submission rather than store the value unencrypted where no key is configured.",MUST_HAVE,AUTOMATED_TEST|PENETRATION_TEST|CODE_REVIEW,Active,,,expanded
SEC-SBM-003,SEC,SBM,003,DOC-06,"Document parsing and vulnerability matching MUST execute in a worker process separate from the API process, with independent resource limits. Parsing MUST NOT occur in a process serving requests.",MUST_HAVE,ARCHITECTURE_REVIEW|AUTOMATED_TEST,Active,,,expanded
SEC-SBM-004,SEC,SBM,004,DOC-06,Every document parser MUST enforce: maximum document size; maximum nesting depth; maximum element and key count; maximum total expanded size; a bounded parse timeout; disabled external reference and entity resolution; safe deserialization with no arbitrary type construction; and rejection rather than truncation on limit breach. Limits MUST be declared per format in the parser registry. Parse failures MUST be logged with a submission identifier and MUST NOT echo document content.,MUST_HAVE,AUTOMATED_TEST|PENETRATION_TEST,Active,,,expanded
SEC-SEC-001,SEC,SEC,001,DOC-06,"The platform MUST meet ASVS Level 2 across all chapters, with Level 3 in authentication, session management, cryptography, secrets management, and audit logging. Conformance MUST be documented per control, not claimed per level.",MUST_HAVE,DOCUMENT_INSPECTION,Active,,,compact_table
SEC-SEC-002,SEC,SEC,002,DOC-06,"Federated authentication via OIDC MUST be the primary method, with local authentication available only where no provider is configured and for break-glass.",MUST_HAVE,AUTOMATED_TEST,Active,,,compact_table
SEC-SEC-003,SEC,SEC,003,DOC-06,"Multi-factor authentication MUST be supported, and a tenant policy MUST be able to require it for all principals or for holders of specified permissions.",MUST_HAVE,AUTOMATED_TEST,Active,,,compact_table
SEC-SEC-004,SEC,SEC,004,DOC-06,"Step-up authentication MUST be required for restricted-data reveal, elevated exception approval, authorization or workflow configuration change, erasure, and break-glass, with a maximum age of 5 minutes.",MUST_HAVE,AUTOMATED_TEST,Active,,,compact_table
SEC-SEC-005,SEC,SEC,005,DOC-06,Authentication throttling MUST degrade an attacker without permitting lockout of a named principal at will: progressive delay and risk-based challenge rather than account disable.,MUST_HAVE,AUTOMATED_TEST|PENETRATION_TEST,Active,,,compact_table
SEC-SEC-006,SEC,SEC,006,DOC-06,Credential stuffing controls MUST include breached-credential checking at set and at authentication where local credentials are in use.,MUST_HAVE,AUTOMATED_TEST,Active,,,compact_table
SEC-SEC-007,SEC,SEC,007,DOC-06,"Authentication responses MUST NOT differentiate an unknown principal from an incorrect credential, in status, message, or timing.",MUST_HAVE,AUTOMATED_TEST|PENETRATION_TEST,Active,,,compact_table
SEC-SEC-008,SEC,SEC,008,DOC-06,"Every authentication event, success and failure, MUST be recorded with source context.",MUST_HAVE,AUTOMATED_TEST,Active,,,compact_table
SEC-SEC-009,SEC,SEC,009,DOC-06,"Session identifiers MUST be generated by a cryptographically secure source with at least 128 bits of entropy, MUST NOT encode any principal or tenant data, and MUST be regenerated on privilege change and on authentication.",MUST_HAVE,AUTOMATED_TEST|PENETRATION_TEST,Active,,,compact_table
SEC-SEC-010,SEC,SEC,010,DOC-06,"Sessions MUST have both absolute and idle lifetime limits, tenant-configurable within product bounds, with a product maximum absolute lifetime of 12 hours.",MUST_HAVE,AUTOMATED_TEST,Active,,,compact_table
SEC-SEC-011,SEC,SEC,011,DOC-06,"Session revocation MUST take effect within 60 seconds across every component including cached authorization state, and MUST apply to tokens already issued.",MUST_HAVE,AUTOMATED_TEST,Active,,,compact_table
SEC-SEC-012,SEC,SEC,012,DOC-06,Principals MUST be able to view and terminate their own active sessions with source context.,MUST_HAVE,AUTOMATED_TEST,Active,,,compact_table
SEC-SEC-013,SEC,SEC,013,DOC-06,"Session cookies MUST be Secure, HttpOnly, and SameSite=Lax or stricter, and MUST be scoped to the narrowest applicable path.",MUST_HAVE,AUTOMATED_TEST,Active,,,compact_table
SEC-SEC-014,SEC,SEC,014,DOC-06,"Credentials MUST be stored using a memory-hard password hashing function with per-credential salt and parameters tuned to a target verification cost, and parameters MUST be stored alongside so they can be raised without invalidating existing credentials.",MUST_HAVE,AUTOMATED_TEST|CODE_REVIEW,Active,,,compact_table
SEC-SEC-015,SEC,SEC,015,DOC-06,"Credential policy MUST enforce a minimum length of 12 characters and breached-credential rejection, and MUST NOT enforce composition rules or mandatory periodic rotation.",MUST_HAVE,AUTOMATED_TEST,Active,,,compact_table
SEC-SEC-016,SEC,SEC,016,DOC-06,"Credential reset MUST use a single-use, time-limited token delivered out of band, MUST invalidate all sessions on use, and MUST NOT disclose whether the principal exists.",MUST_HAVE,AUTOMATED_TEST,Active,,,compact_table
SEC-SEC-017,SEC,SEC,017,DOC-06,Cryptographic operations MUST use vetted library implementations of current recommended algorithms. Custom cryptographic construction MUST NOT be used.,MUST_HAVE,CODE_REVIEW|ARCHITECTURE_REVIEW,Active,,,compact_table
SEC-SEC-018,SEC,SEC,018,DOC-06,"Data encryption keys MUST be per tenant, wrapped by a key-encryption key held in a hardware-backed or equivalently protected store, and key access MUST be bound to the established tenant context.",MUST_HAVE,AUTOMATED_TEST,Active,,,compact_table
SEC-SEC-019,SEC,SEC,019,DOC-06,"Key rotation MUST be supported without downtime, with prior key versions retained for decryption until re-encryption completes, and rotation MUST be schedulable and auditable.",MUST_HAVE,AUTOMATED_TEST,Active,,,compact_table
SEC-SEC-020,SEC,SEC,020,DOC-06,"Key material MUST NOT be recoverable by platform operators without break-glass, and key destruction MUST be dual-controlled and audited.",MUST_HAVE,AUTOMATED_TEST|CODE_REVIEW,Active,,,compact_table
SEC-SEC-021,SEC,SEC,021,DOC-06,"The following MUST be encrypted at rest with tenant key material: test credentials, secret finding values, evidence content, personal workload data, and tenant data exports.",MUST_HAVE,AUTOMATED_TEST,Active,,,compact_table
SEC-SEC-022,SEC,SEC,022,DOC-06,Transport MUST use TLS 1.2 or higher with strong cipher suites; TLS 1.3 MUST be preferred; plaintext HTTP MUST NOT be served except for a redirect.,MUST_HAVE,AUTOMATED_TEST,Active,,,compact_table
SEC-SEC-023,SEC,SEC,023,DOC-06,"Secrets MUST be held in a dedicated store with per-tenant namespaces, MUST be referenced by identifier throughout the platform, and MUST NOT appear in any domain table, configuration file, environment variable of a long-lived process, container image, or source repository.",MUST_HAVE,AUTOMATED_TEST|CODE_REVIEW,Active,,,compact_table
SEC-SEC-024,SEC,SEC,024,DOC-06,"Secrets MUST NOT be retrievable in plaintext after entry except through an explicitly permissioned, step-up-authenticated, per-object-audited reveal operation.",MUST_HAVE,AUTOMATED_TEST|PENETRATION_TEST,Active,,,compact_table
SEC-SEC-025,SEC,SEC,025,DOC-06,"Secret material MUST be excluded from logs, error messages, stack traces, telemetry, exports, notifications, webhook payloads, and AI prompt context. Exclusion MUST be enforced by a redaction layer, not by author discipline.",MUST_HAVE,AUTOMATED_TEST|CODE_REVIEW,Active,,,compact_table
SEC-SEC-026,SEC,SEC,026,DOC-06,"Secret rotation MUST be supported for every secret type the platform holds, and a rotation failure MUST surface rather than silently retaining the prior value.",MUST_HAVE,AUTOMATED_TEST,Active,,,compact_table
SEC-SEC-027,SEC,SEC,027,DOC-06,"Input MUST be validated against a positive schema — type, range, length, format, and permitted values — at the trust boundary, and unknown fields MUST be rejected.",MUST_HAVE,AUTOMATED_TEST,Active,,,compact_table
SEC-SEC-028,SEC,SEC,028,DOC-06,"Output encoding MUST be contextual and applied at the point of rendering, not at the point of storage.",MUST_HAVE,AUTOMATED_TEST|CODE_REVIEW,Active,,,compact_table
SEC-SEC-029,SEC,SEC,029,DOC-06,"Content originating outside the platform MUST be treated as hostile wherever it is rendered. This includes finding titles and descriptions, component names, scanner output, SBOM content, and migrated comments.",MUST_HAVE,AUTOMATED_TEST|PENETRATION_TEST,Active,,,compact_table
SEC-SEC-030,SEC,SEC,030,DOC-06,Rich text MUST be constrained by an allowlist of permitted elements and attributes. Arbitrary markup MUST NOT be sanitized and accepted.,MUST_HAVE,AUTOMATED_TEST|PENETRATION_TEST,Active,,,compact_table
SEC-SEC-031,SEC,SEC,031,DOC-06,SQL and NoSQL injection,MUST_HAVE,AUTOMATED_TEST|PENETRATION_TEST,Active,,,compact_table
SEC-SEC-032,SEC,SEC,032,DOC-06,Cross-site scripting,MUST_HAVE,AUTOMATED_TEST|PENETRATION_TEST,Active,,,compact_table
SEC-SEC-033,SEC,SEC,033,DOC-06,Command injection,MUST_HAVE,AUTOMATED_TEST|PENETRATION_TEST,Active,,,compact_table
SEC-SEC-034,SEC,SEC,034,DOC-06,Path traversal,MUST_HAVE,AUTOMATED_TEST|PENETRATION_TEST,Active,,,compact_table
SEC-SEC-035,SEC,SEC,035,DOC-06,Server-side request forgery,MUST_HAVE,AUTOMATED_TEST|PENETRATION_TEST,Active,,,compact_table
SEC-SEC-036,SEC,SEC,036,DOC-06,XML external entity and entity expansion,MUST_HAVE,AUTOMATED_TEST|PENETRATION_TEST,Active,,,compact_table
SEC-SEC-037,SEC,SEC,037,DOC-06,Server-side template injection,MUST_HAVE,AUTOMATED_TEST|PENETRATION_TEST,Active,,,compact_table
SEC-SEC-038,SEC,SEC,038,DOC-06,Unsafe deserialization,MUST_HAVE,AUTOMATED_TEST|PENETRATION_TEST,Active,,,compact_table
SEC-SEC-039,SEC,SEC,039,DOC-06,Log injection,MUST_HAVE,AUTOMATED_TEST|PENETRATION_TEST,Active,,,compact_table
SEC-SEC-040,SEC,SEC,040,DOC-06,Header injection,MUST_HAVE,AUTOMATED_TEST|PENETRATION_TEST,Active,,,compact_table
SEC-SEC-041,SEC,SEC,041,DOC-06,Every injection class control MUST be verified by automated test and MUST be in scope for penetration testing.,MUST_HAVE,AUTOMATED_TEST|PENETRATION_TEST,Active,,,compact_table
SEC-SEC-042,SEC,SEC,042,DOC-06,"Uploads MUST be validated by content signature against the declared type, and a mismatch MUST be rejected. Size limits MUST apply per file and per request.",MUST_HAVE,AUTOMATED_TEST,Active,,,compact_table
SEC-SEC-043,SEC,SEC,043,DOC-06,"Uploads MUST be malware-scanned before becoming retrievable. A malicious verdict on evidence MUST flag rather than delete, requiring explicit acknowledgement before retrieval; a malicious verdict on any other upload category MUST reject.",MUST_HAVE,AUTOMATED_TEST,Active,,,compact_table
SEC-SEC-044,SEC,SEC,044,DOC-06,"Uploaded content MUST be stored with server-generated names on an origin distinct from the API, served only via short-lived signed references with non-inline disposition and content-type enforcement, and MUST NOT be rendered inline under any configuration.",MUST_HAVE,AUTOMATED_TEST|PENETRATION_TEST,Active,,,compact_table
SEC-SEC-045,SEC,SEC,045,DOC-06,"Archive and compressed uploads MUST enforce expansion ratio, entry count, total size, and path containment limits, and MUST reject entries resolving outside the extraction root.",MUST_HAVE,AUTOMATED_TEST,Active,,,compact_table
SEC-SEC-046,SEC,SEC,046,DOC-06,Evidence retention MUST be bounded by a product maximum. Indefinite retention MUST NOT be configurable.,MUST_HAVE,AUTOMATED_TEST,Active,,,compact_table
SEC-SEC-047,SEC,SEC,047,DOC-06,Content Security Policy,MUST_HAVE,AUTOMATED_TEST,Active,,,compact_table
SEC-SEC-048,SEC,SEC,048,DOC-06,Strict Transport Security,MUST_HAVE,AUTOMATED_TEST,Active,,,compact_table
SEC-SEC-049,SEC,SEC,049,DOC-06,Content type options,MUST_HAVE,AUTOMATED_TEST,Active,,,compact_table
SEC-SEC-050,SEC,SEC,050,DOC-06,Referrer policy,MUST_HAVE,AUTOMATED_TEST,Active,,,compact_table
SEC-SEC-051,SEC,SEC,051,DOC-06,Cross-origin isolation,MUST_HAVE,AUTOMATED_TEST,Active,,,compact_table
SEC-SEC-052,SEC,SEC,052,DOC-06,Permissions policy,MUST_HAVE,AUTOMATED_TEST,Active,,,compact_table
SEC-SEC-053,SEC,SEC,053,DOC-06,Cross-origin resource sharing,MUST_HAVE,AUTOMATED_TEST,Active,,,compact_table
SEC-SEC-054,SEC,SEC,054,DOC-06,Cross-site request forgery,MUST_HAVE,AUTOMATED_TEST,Active,,,compact_table
SEC-SEC-055,SEC,SEC,055,DOC-06,Caching,MUST_HAVE,AUTOMATED_TEST,Active,,,compact_table
SEC-SEC-056,SEC,SEC,056,DOC-06,"Build artifacts MUST be signed, with provenance attestation recording source revision, build environment, and inputs, and deployment MUST verify both.",MUST_HAVE,AUTOMATED_TEST,Active,,,compact_table
SEC-SEC-057,SEC,SEC,057,DOC-06,"The platform MUST publish an SBOM for itself, updated per release.",MUST_HAVE,DOCUMENT_INSPECTION,Active,,,compact_table
SEC-SEC-058,SEC,SEC,058,DOC-06,Dependency policy MUST be enforced at build time: known-vulnerable dependencies above a threshold fail the build; licence policy is enforced (CON-LIC-001); new direct dependencies require review.,MUST_HAVE,AUTOMATED_TEST,Active,,,compact_table
SEC-SEC-059,SEC,SEC,059,DOC-06,"Build pipelines MUST use least-privilege ephemeral credentials, MUST NOT expose signing keys to build steps, and MUST be protected against modification without review.",MUST_HAVE,AUTOMATED_TEST|CODE_REVIEW,Active,,,compact_table
SEC-SEC-060,SEC,SEC,060,DOC-06,Base images and runtime dependencies MUST be pinned by digest and rebuilt on a defined cadence.,MUST_HAVE,AUTOMATED_TEST,Active,,,compact_table
SEC-SEC-061,SEC,SEC,061,DOC-06,"The platform MUST be subject to the security assessment regime it implements: dependency scanning, static analysis, secret scanning, and periodic penetration testing including the scenarios of DOC-26 §7.",MUST_HAVE,PENETRATION_TEST|DOCUMENT_INSPECTION,Active,,,compact_table
SEC-SEC-062,SEC,SEC,062,DOC-06,The platform MUST publish a vulnerability disclosure policy with a defined contact and response commitment.,MUST_HAVE,DOCUMENT_INSPECTION,Active,,,compact_table
SEC-SEC-063,SEC,SEC,063,DOC-06,"Security patches MUST be deployable within a defined window per severity, and the deployment path MUST NOT require a maintenance window for a patch-level change.",MUST_HAVE,AUTOMATED_TEST,Active,,,compact_table
SEC-SEC-064,SEC,SEC,064,DOC-06,Network position MUST NOT confer trust. An internal caller MUST authenticate and be authorized identically to an external one.,MUST_HAVE,AUTOMATED_TEST|ARCHITECTURE_REVIEW,Active,,,compact_table
SEC-SEC-065,SEC,SEC,065,DOC-06,Operational logs MUST carry tenant identity as a dimension and MUST NOT carry tenant data as payload. Redaction MUST be enforced at the serialization boundary.,MUST_HAVE,AUTOMATED_TEST|CODE_REVIEW,Active,,,compact_table
SEC-SEC-066,SEC,SEC,066,DOC-06,"Security-relevant events MUST be detectable in monitoring: authentication failure patterns, authorization denial patterns, restricted-data reveal volume, configuration change, break-glass activation, and integrity verification failure.",MUST_HAVE,AUTOMATED_TEST,Active,,,compact_table
SEC-SEC-067,SEC,SEC,067,DOC-06,Detection alerts MUST be delivered to a destination outside the control of the principal whose activity triggered them.,MUST_HAVE,AUTOMATED_TEST|ARCHITECTURE_REVIEW,Active,,,compact_table
SEC-SEC-068,SEC,SEC,068,DOC-06,"Error responses MUST NOT disclose stack traces, framework versions, dependency versions, internal hostnames, or query fragments.",MUST_HAVE,AUTOMATED_TEST|PENETRATION_TEST,Active,,,compact_table
SEC-TEN-001,SEC,TEN,001,DOC-24,"Every tenant-scoped record MUST carry an immutable tenant identifier assigned at creation, and no operation SHALL change it.",MUST_HAVE,AUTOMATED_TEST|CODE_REVIEW,Active,,,compact_table
SEC-TEN-002,SEC,TEN,002,DOC-24,"Tenant configuration MUST be materialized per tenant at provisioning from a template, with no runtime link to the template or to another tenant's configuration.",MUST_HAVE,AUTOMATED_TEST,Active,,,compact_table
SEC-TEN-003,SEC,TEN,003,DOC-24,The default for any newly introduced entity MUST be tenant-scoped. Non-tenant-scoped entities MUST be individually justified and recorded.,MUST_HAVE,CODE_REVIEW,Active,,,compact_table
SEC-TEN-004,SEC,TEN,004,DOC-24,"A tenant context MUST be established at request entry from an authenticated principal or a scope-pinned service credential, and MUST NOT be derivable from any request parameter, header, path segment, or body field.",MUST_HAVE,AUTOMATED_TEST|PENETRATION_TEST,Active,,,compact_table
SEC-TEN-005,SEC,TEN,005,DOC-24,"Data access MUST fail closed where no tenant context is established. There MUST NOT be a permissive default, an ""unscoped"" mode, or an administrative bypass reachable from application code.",MUST_HAVE,AUTOMATED_TEST|CODE_REVIEW,Active,,,compact_table
SEC-TEN-006,SEC,TEN,006,DOC-24,"Tenant context MUST propagate to asynchronous work — queued jobs, scheduled tasks, event handlers, and worker processes — and a work item without an explicit tenant binding MUST NOT execute.",MUST_HAVE,AUTOMATED_TEST,Active,,,compact_table
SEC-TEN-007,SEC,TEN,007,DOC-24,"Where a persistence connection is pooled, tenant context MUST be reset on return to the pool, and a connection MUST NOT be reusable with a stale context.",MUST_HAVE,AUTOMATED_TEST|CODE_REVIEW,Active,,,compact_table
SEC-TEN-008,SEC,TEN,008,DOC-24,"Any code path capable of bypassing persistence-layer enforcement MUST be individually enumerated, individually justified, individually reviewed, and restricted to platform operations that cannot function otherwise. Each MUST emit an audit event.",MUST_HAVE,CODE_REVIEW|ARCHITECTURE_REVIEW,Active,,,compact_table
SEC-TEN-009,SEC,TEN,009,DOC-24,"Every caching, indexing, queueing, counting, and idempotency namespace MUST be tenant-partitioned structurally, and key construction MUST be performed by a constructor that cannot omit the tenant. Direct client access to these subsystems MUST be prohibited in application code.",MUST_HAVE,AUTOMATED_TEST|CODE_REVIEW,Active,,,compact_table
SEC-TEN-010,SEC,TEN,010,DOC-24,"Every leakage surface in §6.2 MUST have a corresponding adversarial test asserting the absence of foreign tenant data, and a new surface MUST NOT be introduced without adding both the inventory entry and the test.",MUST_HAVE,AUTOMATED_TEST,Active,,,compact_table
SEC-TEN-011,SEC,TEN,011,DOC-24,Search relevance scoring and result counts MUST be computed after tenant filtering.,MUST_HAVE,AUTOMATED_TEST,Active,,,compact_table
SEC-TEN-012,SEC,TEN,012,DOC-24,"Every tenant MUST have distinct data encryption key material, and no tenant's key MUST be usable to decrypt another tenant's data.",MUST_HAVE,AUTOMATED_TEST,Active,,,compact_table
SEC-TEN-013,SEC,TEN,013,DOC-24,"Key access MUST be bound to the established tenant context, such that decryption with a foreign tenant's key is not reachable from a request operating in another tenant's context.",MUST_HAVE,AUTOMATED_TEST|CODE_REVIEW,Active,,,compact_table
SEC-TEN-014,SEC,TEN,014,DOC-24,"RESTRICTED data MUST be encrypted with tenant key material at rest: test credentials, secret values, evidence, personal workload data.",MUST_HAVE,AUTOMATED_TEST,Active,,,compact_table
SEC-TEN-015,SEC,TEN,015,DOC-24,"Key rotation MUST be supported without downtime and without re-encrypting all data synchronously, and prior key versions MUST remain available for decryption until re-encryption completes.",MUST_HAVE,AUTOMATED_TEST,Active,,,compact_table
SEC-TEN-016,SEC,TEN,016,DOC-24,Backups MUST be encrypted with tenant key material such that restoring a tenant's backup into another tenant yields unreadable ciphertext rather than readable data.,MUST_HAVE,AUTOMATED_TEST,Active,,,compact_table
SEC-TEN-017,SEC,TEN,017,DOC-24,"Key material MUST NOT be recoverable by platform operators without break-glass, and key destruction MUST be an audited, dual-controlled operation.",MUST_HAVE,AUTOMATED_TEST|CODE_REVIEW,Active,,,compact_table
SEC-TEN-018,SEC,TEN,018,DOC-24,"Each tenant MUST carry a residency designation, and every persistence, cache, index, queue, backup, telemetry, notification, export, and AI egress path MUST enforce it. Each path MUST be individually verified.",MUST_HAVE,AUTOMATED_TEST|DOCUMENT_INSPECTION,Active,,,compact_table
SEC-TEN-019,SEC,TEN,019,DOC-24,"Where a path cannot satisfy a tenant's residency designation, the capability using it MUST be disabled for that tenant with an explicit, visible statement of what is unavailable and why.",MUST_HAVE,AUTOMATED_TEST,Active,,,compact_table
SEC-TEN-020,SEC,TEN,020,DOC-24,"Residency designation MUST be settable at provisioning and changeable only through an explicit, audited migration that verifies completion across every path.",MUST_HAVE,AUTOMATED_TEST,Active,,,compact_table
SEC-TEN-021,SEC,TEN,021,DOC-24,"AI provider egress MUST be constrained by the tenant's residency designation, and a provider unable to satisfy it MUST NOT be selectable for that tenant.",MUST_HAVE,AUTOMATED_TEST,Active,,,compact_table
SEC-TEN-022,SEC,TEN,022,DOC-24,"No operation MUST span tenants. This includes queries, aggregations, search, background jobs, event handlers, exports, AI context assembly, and reporting.",MUST_HAVE,AUTOMATED_TEST|PENETRATION_TEST,Active,,,compact_table
SEC-TEN-023,SEC,TEN,023,DOC-24,"Cross-tenant aggregation for benchmarking MUST require explicit per-tenant opt-in, MUST be irreversibly anonymised before aggregation, and MUST NOT be enabled by default or by contract term alone.",MUST_HAVE,AUTOMATED_TEST,Active,,,compact_table
SEC-TEN-024,SEC,TEN,024,DOC-24,"Shared vulnerability intelligence MUST be read-only to tenants and MUST NOT contain, or be augmented with, any tenant-derived data — including prevalence counts, tenant-specific exploitability assertions, or usage statistics.",MUST_HAVE,AUTOMATED_TEST|CODE_REVIEW,Active,,,compact_table
SEC-TEN-025,SEC,TEN,025,DOC-24,"The association between a tenant's finding and an intelligence record MUST be stored in the tenant's partition, never in the shared dataset.",MUST_HAVE,AUTOMATED_TEST,Active,,,compact_table
SEC-TEN-026,SEC,TEN,026,DOC-24,"Platform operators MUST NOT have standing access to tenant business data. Operational duties — monitoring, capacity, deployment, incident response on platform components — MUST be performable from metadata and telemetry that contain no tenant content.",MUST_HAVE,AUTOMATED_TEST|ARCHITECTURE_REVIEW,Active,,,compact_table
SEC-TEN-027,SEC,TEN,027,DOC-24,"Break-glass access MUST require a second-person approval, a non-empty justification, and an external reference.",MUST_HAVE,AUTOMATED_TEST,Active,,,compact_table
SEC-TEN-028,SEC,TEN,028,DOC-24,"Break-glass MUST be time-bounded with automatic expiry, and MUST NOT be extendable without a new approval.",MUST_HAVE,AUTOMATED_TEST,Active,,,compact_table
SEC-TEN-029,SEC,TEN,029,DOC-24,"The tenant MUST be notified of break-glass activation, and notification MUST NOT be suppressible by the operator invoking it.",MUST_HAVE,AUTOMATED_TEST,Active,,,compact_table
SEC-TEN-030,SEC,TEN,030,DOC-24,"Every action under break-glass MUST be recorded at object granularity, including reads, and the record MUST be visible to the tenant.",MUST_HAVE,AUTOMATED_TEST,Active,,,compact_table
SEC-TEN-031,SEC,TEN,031,DOC-24,"Break-glass MUST NOT grant access to secret values, test credentials, or evidence content unless those classes are explicitly named in the grant and separately approved.",MUST_HAVE,AUTOMATED_TEST,Active,,,compact_table
SEC-TEN-032,SEC,TEN,032,DOC-24,"Per-tenant limits MUST be enforced on request rate, concurrent operations, background job concurrency, storage, ingestion volume, export size, and AI consumption.",MUST_HAVE,AUTOMATED_TEST,Active,,,compact_table
SEC-TEN-033,SEC,TEN,033,DOC-24,"Limit exhaustion MUST degrade the exhausting tenant only, MUST be communicated to that tenant, and MUST NOT be silent.",MUST_HAVE,AUTOMATED_TEST,Active,,,compact_table
SEC-TEN-034,SEC,TEN,034,DOC-24,Resource consumption metrics MUST be attributed per tenant.,MUST_HAVE,AUTOMATED_TEST,Active,,,compact_table
SEC-TEN-035,SEC,TEN,035,DOC-24,"Expensive operations — portfolio-wide match sweeps, large imports, large exports, bulk operations — MUST execute in a work class that cannot starve interactive work, per tenant and across tenants.",MUST_HAVE,AUTOMATED_TEST,Active,,,compact_table
SEC-TEN-036,SEC,TEN,036,DOC-24,"Provisioning MUST create tenant key material, materialize default configuration from templates, and establish the tenant's storage, cache, index, and secret partitions before the tenant becomes ACTIVE.",MUST_HAVE,AUTOMATED_TEST,Active,,,compact_table
SEC-TEN-037,SEC,TEN,037,DOC-24,Provisioning MUST be idempotent and MUST release all resources on failure.,MUST_HAVE,AUTOMATED_TEST,Active,,,compact_table
SEC-TEN-038,SEC,TEN,038,DOC-24,Suspension MUST withdraw all principal access and halt all scheduled work for the tenant while retaining data and configuration intact.,MUST_HAVE,AUTOMATED_TEST,Active,,,compact_table
SEC-TEN-039,SEC,TEN,039,DOC-24,Suspension MUST NOT suppress the tenant's ability to request an export.,MUST_HAVE,AUTOMATED_TEST,Active,,,compact_table
SEC-TEN-040,SEC,TEN,040,DOC-24,"Offboarding MUST deliver a complete tenant data export in documented formats before destruction, and destruction MUST NOT proceed until export delivery is confirmed or the tenant explicitly waives it.",MUST_HAVE,AUTOMATED_TEST,Active,,,compact_table
SEC-TEN-041,SEC,TEN,041,DOC-24,"Destruction MUST be verifiable, MUST include cryptographic erasure through destruction of tenant key material, and MUST cover primary storage, backups, caches, indices, exports, telemetry retention, and secret partitions.",MUST_HAVE,AUTOMATED_TEST|DOCUMENT_INSPECTION,Active,,,compact_table
SEC-TEN-042,SEC,TEN,042,DOC-24,"Data under legal hold MUST NOT be destroyed by offboarding, and hold status MUST be enforced rather than advisory.",MUST_HAVE,AUTOMATED_TEST,Active,,,compact_table
SEC-TEN-043,SEC,TEN,043,DOC-24,The tenant identifier MUST NOT be reused after offboarding.,MUST_HAVE,AUTOMATED_TEST,Active,,,compact_table
SEC-TEN-044,SEC,TEN,044,DOC-24,"Single-tenant and air-gapped deployments MUST use the same tenancy model and the same enforcement code paths, configured with one tenant. There MUST NOT be a distinct code path for single-tenant operation.",MUST_HAVE,ARCHITECTURE_REVIEW|AUTOMATED_TEST,Active,,,compact_table
SEC-TEN-045,SEC,TEN,045,DOC-24,"In air-gapped deployment, capabilities requiring egress MUST be individually disableable and MUST degrade explicitly with the consequence stated.",MUST_HAVE,AUTOMATED_TEST,Active,,,compact_table
SEC-TEN-046,SEC,TEN,046,DOC-24,"The test suite MUST include, for every access path, a two-tenant scenario asserting that a principal of tenant A cannot obtain, infer, or affect any data of tenant B. Paths MUST include: API read and write, search, aggregation, export, notification, background job, event handler, cache, AI context, file retrieval, secret resolution, and error responses.",MUST_HAVE,AUTOMATED_TEST,Active,,,compact_table
SEC-TEN-047,SEC,TEN,047,DOC-24,"Continuous verification MUST assert that no response, cache entry, index document, export artifact, or notification contains a foreign tenant identifier, and MUST alert on violation.",MUST_HAVE,AUTOMATED_TEST,Active,,,compact_table
SEC-TEN-048,SEC,TEN,048,DOC-24,Every enumerated enforcement bypass (SEC-TEN-008) MUST have a test asserting that it emits an audit event and that it is unreachable from ordinary application paths.,MUST_HAVE,AUTOMATED_TEST,Active,,,compact_table
SEC-TEN-049,SEC,TEN,049,DOC-24,Schema migrations MUST include a post-migration cross-tenant assertion before the migration is considered complete.,MUST_HAVE,AUTOMATED_TEST,Active,,,compact_table
SEC-TEN-050,SEC,TEN,050,DOC-24,"Tenant isolation MUST be explicitly in scope for penetration testing of the platform, with cross-tenant access as a stated objective.",MUST_HAVE,PENETRATION_TEST,Active,,,compact_table
TST-AIC-001,TST,AIC,001,DOC-16,The five 100% measures MUST block release absolutely. A rate-threshold failure MUST block release without a recorded exception naming each failure.,MUST_HAVE,AUTOMATED_TEST,Active,,,compact_table
TST-AIC-002,TST,AIC,002,DOC-16,The injection corpus MUST include injected content in every field reaching model context and MUST be extended whenever a grounding contract gains a field.,MUST_HAVE,AUTOMATED_TEST,Active,,,compact_table
TST-AUZ-001,TST,AUZ,001,DOC-16,"Every enforcement point in DOC-07 §17 MUST have a denial test, and a new data egress path MUST NOT be introduced without adding a map entry and a test.",MUST_HAVE,AUTOMATED_TEST,Active,,,compact_table
TST-AUZ-002,TST,AUZ,002,DOC-16,"A3 MUST include a timing assertion with statistical significance, not a single-request comparison.",MUST_HAVE,AUTOMATED_TEST,Active,,,compact_table
TST-DEP-001,TST,DEP,001,DOC-16,"O1, O3, O10, and O11 MUST be rehearsals with recorded outcome and elapsed time, not automated assertions.",MUST_HAVE,DEMONSTRATION,Active,,,compact_table
TST-DEP-002,TST,DEP,002,DOC-16,"O13 and O14 MUST assert equality against a rebuild, not merely that the projection is non-empty.",MUST_HAVE,AUTOMATED_TEST,Active,,,compact_table
TST-DSH-001,TST,DSH,001,DOC-16,"H14 MUST be asserted across every theme, density setting, template configuration, and user preference combination that could suppress a surface.",MUST_HAVE,AUTOMATED_TEST,Active,,,compact_table
TST-DSH-002,TST,DSH,002,DOC-16,"H1 through H18 MUST be verified against rendered output, not against the data layer.",MUST_HAVE,AUTOMATED_TEST,Active,,,compact_table
TST-ING-001,TST,ING,001,DOC-16,"Each parser MUST have a fixture corpus per declared source version, regenerated when a source tool releases a new version.",MUST_HAVE,AUTOMATED_TEST,Active,,,compact_table
TST-INT-001,TST,INT,001,DOC-16,Pseudo-localization MUST be a build gate.,MUST_HAVE,AUTOMATED_TEST,Active,,,compact_table
TST-INT-002,TST,INT,002,DOC-16,"L12 MUST assert vocabulary overrides in exported artifacts, not only in the interface.",MUST_HAVE,AUTOMATED_TEST,Active,,,compact_table
TST-PLT-001,TST,PLT,001,DOC-16,"For every access path, the suite MUST include a negative assertion that data outside the caller's tenant and scope is absent — not merely that authorized data is present.",MUST_HAVE,AUTOMATED_TEST,Active,,,compact_table
TST-PLT-002,TST,PLT,002,DOC-16,"Test suite emphasis MUST be allocated to the five suites of §2.1, and coverage MUST NOT be reported as a single aggregate percentage.",MUST_HAVE,DOCUMENT_INSPECTION,Active,,,compact_table
TST-PLT-003,TST,PLT,003,DOC-16,"S1 through S13 MUST be build gates, and an exemption MUST be individually annotated, reviewed, and counted so its growth is visible.",MUST_HAVE,AUTOMATED_TEST,Active,,,compact_table
TST-PLT-004,TST,PLT,004,DOC-16,"Every invariant in DOC-03 MUST have a test asserting it cannot be violated through any available write path, including bulk operations, import, migration, and administrative tooling.",MUST_HAVE,AUTOMATED_TEST,Active,,,compact_table
TST-PLT-005,TST,PLT,005,DOC-16,Invariant tests MUST execute against the domain layer without a database where the invariant is domain-enforced.,MUST_HAVE,AUTOMATED_TEST,Active,,,compact_table
TST-PLT-006,TST,PLT,006,DOC-16,"Performance tests MUST execute against synthetic data structurally representative at the Medium profile, including hierarchy depth, finding volume, and component cardinality.",MUST_HAVE,AUTOMATED_TEST,Active,,,compact_table
TST-PLT-007,TST,PLT,007,DOC-16,"P8 and P9 MUST be validated early, before the composition analysis capability is considered complete.",MUST_HAVE,AUTOMATED_TEST,Active,,,compact_table
TST-PLT-008,TST,PLT,008,DOC-16,"Keyset pagination MUST be tested under concurrent modification, asserting no row is skipped or duplicated across pages.",MUST_HAVE,AUTOMATED_TEST,Active,,,compact_table
TST-PLT-009,TST,PLT,009,DOC-16,"Penetration testing MUST cover every DOC-26 §7 scenario and every DOC-26 §8 abuse case, and an uncovered item MUST be recorded as untested rather than omitted.",MUST_HAVE,PENETRATION_TEST|DOCUMENT_INSPECTION,Active,,,compact_table
TST-PLT-010,TST,PLT,010,DOC-16,Penetration testing MUST be completed before commercial release and MUST include tenant isolation and evidence handling as stated objectives.,MUST_HAVE,PENETRATION_TEST,Active,,,compact_table
TST-PLT-011,TST,PLT,011,DOC-16,"The matrix MUST be machine-readable and validated in the pipeline, and a MUST_HAVE requirement without a test case MUST fail the gate.",MUST_HAVE,AUTOMATED_TEST,Active,,,compact_table
TST-PLT-012,TST,PLT,012,DOC-16,Backward traceability MUST be enforced: a schema object or API operation tracing to no requirement MUST fail the gate.,MUST_HAVE,AUTOMATED_TEST,Active,,,compact_table
TST-PTR-003,TST,PTR,003,DOC-16,The suite MUST assert that after a reorganization: a historical report reproduces identically to its pre-reorganization output; a principal formerly authorized retains read access to objects that arose under their prior accountability and gains none to objects created after the move; the service level policy in effect at a finding's creation continues to apply; and no scope descriptor on an existing object is modified.,MUST_HAVE,AUTOMATED_TEST,Active,,,expanded
TST-SBM-001,TST,SBM,001,DOC-16,The version comparison corpus MUST cover the six difficulty classes of DOC-22 §6.3 per ecosystem.,MUST_HAVE,AUTOMATED_TEST,Active,,,compact_table
TST-SBM-002,TST,SBM,002,DOC-16,"A test MUST assert that no failure mode in DOC-22 §11 results in closure, coverage improvement, or a favourable posture change.",MUST_HAVE,AUTOMATED_TEST,Active,,,compact_table
TST-SEC-001,TST,SEC,001,DOC-16,"ASVS conformance MUST be documented per success criterion, not per level.",MUST_HAVE,DOCUMENT_INSPECTION,Active,,,compact_table
TST-SEC-002,TST,SEC,002,DOC-16,"The redaction corpus MUST include credentials in formats the detector was not designed for, and a miss MUST be recorded as a known gap rather than treated as a pass.",MUST_HAVE,AUTOMATED_TEST,Active,,,compact_table
TST-SEC-003,TST,SEC,003,DOC-16,"A test MUST assert that vulnerability_intelligence carries no tenant-derived column, no reference to a tenant-scoped table, and no prevalence or usage measure.",MUST_HAVE,AUTOMATED_TEST,Active,,,compact_table
TST-TEN-001,TST,TEN,001,DOC-16,"The isolation suite MUST cover every path in §5, and a new subsystem MUST NOT be introduced without adding its path and assertion.",MUST_HAVE,AUTOMATED_TEST,Active,,,compact_table
TST-TEN-002,TST,TEN,002,DOC-16,"Cross-tenant assertion MUST run continuously in production, not only in the suite, and MUST alert on violation.",MUST_HAVE,AUTOMATED_TEST,Active,,,compact_table
TST-TEN-003,TST,TEN,003,DOC-16,Every enumerated enforcement bypass MUST have a test asserting it emits an audit event and is unreachable from ordinary application paths.,MUST_HAVE,AUTOMATED_TEST,Active,,,compact_table
TST-VUL-001,TST,VUL,001,DOC-16,"The rescan corpus MUST assert both stability and distinctness, and MUST execute on any change to fingerprint inputs or the algorithm version.",MUST_HAVE,AUTOMATED_TEST,Active,,,compact_table
TST-WRK-001,TST,WRK,001,DOC-16,Every documented edge case MUST have a test. An edge case documented without a test MUST be treated as a gap.,MUST_HAVE,AUTOMATED_TEST,Active,,,compact_table
TST-WRK-002,TST,WRK,002,DOC-16,"W9 MUST include compensation failure, asserting the tenant is blocked from further reorganization and alerted.",MUST_HAVE,AUTOMATED_TEST,Active,,,compact_table
PRD-SBM-001,PRD,SBM,001,DOC-01,Superseded — substance changed under ADR-013/023/024,,,Superseded,,PRD-SBM-014,supersession_record
PRD-SBM-006,PRD,SBM,006,DOC-01,Superseded — substance changed under ADR-013/023/024,,,Superseded,,PRD-SBM-016,supersession_record
PRD-SBM-008,PRD,SBM,008,DOC-01,Superseded — substance changed under ADR-013/023/024,,,Withdrawn,,,supersession_record
